id,date,prcp,tmin
CGM00064360,2011-06-01,NA,NA
CGM00064360,2011-06-02,NA,NA
CGM00064360,2011-06-03,NA,NA
CGM00064360,2011-06-04,NA,130
CGM00064360,2011-06-05,NA,NA
CGM00064360,2011-06-06,NA,NA
CGM00064360,2011-06-07,NA,NA
CGM00064360,2011-06-08,NA,NA
CGM00064360,2011-06-09,NA,NA
CGM00064360,2011-06-10,NA,NA
CGM00064360,2011-06-11,NA,NA
CGM00064360,2011-06-12,NA,NA
CGM00064360,2011-06-13,NA,NA
CGM00064360,2011-06-14,NA,NA
CGM00064360,2011-06-15,NA,NA
CGM00064360,2011-06-16,NA,NA
CGM00064360,2011-06-17,NA,NA
CGM00064360,2011-06-18,NA,NA
CGM00064360,2011-06-19,NA,NA
CGM00064360,2011-06-20,NA,NA
CGM00064360,2011-06-21,NA,NA
CGM00064360,2011-06-22,NA,NA
CGM00064360,2011-06-23,NA,NA
CGM00064360,2011-06-24,NA,NA
CGM00064360,2011-06-25,NA,NA
CGM00064360,2011-06-26,NA,NA
CGM00064360,2011-06-27,NA,NA
CGM00064360,2011-06-28,NA,NA
CGM00064360,2011-06-29,NA,NA
CGM00064360,2011-06-30,NA,NA
CGM00064360,2011-07-01,NA,NA
CGM00064360,2011-07-02,NA,NA
CGM00064360,2011-07-03,NA,NA
CGM00064360,2011-07-04,NA,NA
CGM00064360,2011-07-05,NA,NA
CGM00064360,2011-07-06,NA,NA
CGM00064360,2011-07-07,NA,NA
CGM00064360,2011-07-08,NA,NA
CGM00064360,2011-07-09,NA,NA
CGM00064360,2011-07-10,NA,NA
CGM00064360,2011-07-11,NA,NA
CGM00064360,2011-07-12,NA,NA
CGM00064360,2011-07-13,NA,NA
CGM00064360,2011-07-14,NA,NA
CGM00064360,2011-07-15,NA,NA
CGM00064360,2011-07-16,NA,NA
CGM00064360,2011-07-17,NA,NA
CGM00064360,2011-07-18,NA,NA
CGM00064360,2011-07-19,NA,NA
CGM00064360,2011-07-20,NA,NA
CGM00064360,2011-07-21,NA,NA
CGM00064360,2011-07-22,NA,NA
CGM00064360,2011-07-23,NA,NA
CGM00064360,2011-07-24,NA,NA
CGM00064360,2011-07-25,NA,NA
CGM00064360,2011-07-26,NA,NA
CGM00064360,2011-07-27,NA,NA
CGM00064360,2011-07-28,NA,NA
CGM00064360,2011-07-29,NA,120
CGM00064360,2011-07-30,NA,NA
CGM00064360,2011-07-31,NA,NA
CGM00064360,2011-08-01,NA,NA
CGM00064360,2011-08-02,NA,NA
CGM00064360,2011-08-03,NA,NA
CGM00064360,2011-08-04,NA,NA
CGM00064360,2011-08-05,NA,NA
CGM00064360,2011-08-06,NA,NA
CGM00064360,2011-08-07,NA,NA
CGM00064360,2011-08-08,NA,NA
CGM00064360,2011-08-09,NA,NA
CGM00064360,2011-08-10,NA,115
CGM00064360,2011-08-11,NA,NA
CGM00064360,2011-08-12,NA,NA
CGM00064360,2011-08-13,NA,NA
CGM00064360,2011-08-14,NA,NA
CGM00064360,2011-08-15,NA,NA
CGM00064360,2011-08-16,NA,NA
CGM00064360,2011-08-17,NA,NA
CGM00064360,2011-08-18,NA,NA
CGM00064360,2011-08-19,NA,NA
CGM00064360,2011-08-20,NA,NA
CGM00064360,2011-08-21,NA,NA
CGM00064360,2011-08-22,NA,NA
CGM00064360,2011-08-23,NA,NA
CGM00064360,2011-08-24,NA,NA
CGM00064360,2011-08-25,NA,NA
CGM00064360,2011-08-26,NA,NA
CGM00064360,2011-08-27,NA,NA
CGM00064360,2011-08-28,NA,NA
CGM00064360,2011-08-29,NA,NA
CGM00064360,2011-08-30,NA,NA
CGM00064360,2011-08-31,NA,NA
CGM00064360,2011-09-01,NA,NA
CGM00064360,2011-09-02,NA,NA
CGM00064360,2011-09-03,NA,NA
CGM00064360,2011-09-04,NA,NA
CGM00064360,2011-09-05,NA,NA
CGM00064360,2011-09-06,NA,NA
CGM00064360,2011-09-07,NA,NA
CGM00064360,2011-09-08,NA,NA
CGM00064360,2011-09-09,NA,NA
CGM00064360,2011-09-10,NA,NA
CGM00064360,2011-09-11,NA,NA
CGM00064360,2011-09-12,NA,142
CGM00064360,2011-09-13,NA,NA
CGM00064360,2011-09-14,NA,NA
CGM00064360,2011-09-15,NA,135
CGM00064360,2011-09-16,NA,NA
CGM00064360,2011-09-17,NA,120
CGM00064360,2011-09-18,NA,NA
CGM00064360,2011-09-19,NA,135
CGM00064360,2011-09-20,NA,NA
CGM00064360,2011-09-21,NA,NA
CGM00064360,2011-09-22,NA,NA
CGM00064360,2011-09-23,NA,NA
CGM00064360,2011-09-24,NA,NA
CGM00064360,2011-09-25,NA,NA
CGM00064360,2011-09-26,NA,NA
CGM00064360,2011-09-27,NA,NA
CGM00064360,2011-09-28,NA,NA
CGM00064360,2011-09-29,NA,NA
CGM00064360,2011-09-30,NA,NA
CGM00064360,2011-11-01,NA,NA
CGM00064360,2011-11-02,NA,NA
CGM00064360,2011-11-03,NA,NA
CGM00064360,2011-11-04,NA,NA
CGM00064360,2011-11-05,NA,NA
CGM00064360,2011-11-06,NA,NA
CGM00064360,2011-11-07,NA,NA
CGM00064360,2011-11-08,NA,NA
CGM00064360,2011-11-09,NA,NA
CGM00064360,2011-11-10,NA,NA
CGM00064360,2011-11-11,NA,NA
CGM00064360,2011-11-12,NA,NA
CGM00064360,2011-11-13,NA,NA
CGM00064360,2011-11-14,NA,NA
CGM00064360,2011-11-15,NA,NA
CGM00064360,2011-11-16,NA,NA
CGM00064360,2011-11-17,NA,NA
CGM00064360,2011-11-18,NA,NA
CGM00064360,2011-11-19,NA,NA
CGM00064360,2011-11-20,NA,NA
CGM00064360,2011-11-21,NA,NA
CGM00064360,2011-11-22,NA,NA
CGM00064360,2011-11-23,NA,NA
CGM00064360,2011-11-24,NA,NA
CGM00064360,2011-11-25,NA,NA
CGM00064360,2011-11-26,NA,NA
CGM00064360,2011-11-27,NA,NA
CGM00064360,2011-11-28,NA,NA
CGM00064360,2011-11-29,NA,175
CGM00064360,2011-11-30,NA,NA
CGM00064360,2011-12-01,NA,NA
CGM00064360,2011-12-02,NA,NA
CGM00064360,2011-12-03,NA,NA
CGM00064360,2011-12-04,NA,NA
CGM00064360,2011-12-05,NA,NA
CGM00064360,2011-12-06,NA,NA
CGM00064360,2011-12-07,NA,NA
CGM00064360,2011-12-08,NA,NA
CGM00064360,2011-12-09,NA,NA
CGM00064360,2011-12-10,NA,NA
CGM00064360,2011-12-11,NA,NA
CGM00064360,2011-12-12,NA,NA
CGM00064360,2011-12-13,NA,NA
CGM00064360,2011-12-14,NA,NA
CGM00064360,2011-12-15,NA,NA
CGM00064360,2011-12-16,NA,NA
CGM00064360,2011-12-17,NA,NA
CGM00064360,2011-12-18,NA,NA
CGM00064360,2011-12-19,NA,NA
CGM00064360,2011-12-20,NA,NA
CGM00064360,2011-12-21,NA,NA
CGM00064360,2011-12-22,NA,NA
CGM00064360,2011-12-23,NA,NA
CGM00064360,2011-12-24,109,180
CGM00064360,2011-12-25,NA,NA
CGM00064360,2011-12-26,NA,NA
CGM00064360,2011-12-27,NA,NA
CGM00064360,2011-12-28,NA,NA
CGM00064360,2011-12-29,NA,NA
CGM00064360,2011-12-30,NA,NA
CGM00064360,2011-12-31,NA,NA
CGM00064360,2012-02-01,NA,NA
CGM00064360,2012-02-02,NA,NA
CGM00064360,2012-02-03,NA,NA
CGM00064360,2012-02-04,NA,NA
CGM00064360,2012-02-05,NA,NA
CGM00064360,2012-02-06,NA,NA
CGM00064360,2012-02-07,NA,NA
CGM00064360,2012-02-08,NA,NA
CGM00064360,2012-02-09,NA,NA
CGM00064360,2012-02-10,NA,NA
CGM00064360,2012-02-11,NA,NA
CGM00064360,2012-02-12,NA,NA
CGM00064360,2012-02-13,NA,NA
CGM00064360,2012-02-14,NA,175
CGM00064360,2012-02-15,NA,NA
CGM00064360,2012-02-16,NA,NA
CGM00064360,2012-02-17,NA,NA
CGM00064360,2012-02-18,NA,NA
CGM00064360,2012-02-19,NA,NA
CGM00064360,2012-02-20,NA,NA
CGM00064360,2012-02-21,NA,NA
CGM00064360,2012-02-22,0,175
CGM00064360,2012-02-23,NA,NA
CGM00064360,2012-02-24,NA,NA
CGM00064360,2012-02-25,NA,NA
CGM00064360,2012-02-26,NA,NA
CGM00064360,2012-02-27,NA,NA
CGM00064360,2012-02-28,NA,NA
CGM00064360,2012-02-29,NA,NA
CGM00064360,2012-03-01,NA,NA
CGM00064360,2012-03-02,NA,NA
CGM00064360,2012-03-03,NA,NA
CGM00064360,2012-03-04,NA,NA
CGM00064360,2012-03-05,NA,NA
CGM00064360,2012-03-06,NA,NA
CGM00064360,2012-03-07,NA,NA
CGM00064360,2012-03-08,NA,NA
CGM00064360,2012-03-09,NA,NA
CGM00064360,2012-03-10,NA,NA
CGM00064360,2012-03-11,NA,NA
CGM00064360,2012-03-12,NA,NA
CGM00064360,2012-03-13,NA,NA
CGM00064360,2012-03-14,0,184
CGM00064360,2012-03-15,NA,NA
CGM00064360,2012-03-16,NA,NA
CGM00064360,2012-03-17,NA,NA
CGM00064360,2012-03-18,NA,NA
CGM00064360,2012-03-19,NA,NA
CGM00064360,2012-03-20,NA,NA
CGM00064360,2012-03-21,NA,NA
CGM00064360,2012-03-22,NA,NA
CGM00064360,2012-03-23,NA,NA
CGM00064360,2012-03-24,NA,NA
CGM00064360,2012-03-25,NA,NA
CGM00064360,2012-03-26,NA,NA
CGM00064360,2012-03-27,NA,NA
CGM00064360,2012-03-28,NA,NA
CGM00064360,2012-03-29,NA,NA
CGM00064360,2012-03-30,NA,165
CGM00064360,2012-03-31,NA,NA
CGM00064360,2012-04-01,NA,NA
CGM00064360,2012-04-02,NA,NA
CGM00064360,2012-04-03,NA,NA
CGM00064360,2012-04-04,NA,NA
CGM00064360,2012-04-05,NA,NA
CGM00064360,2012-04-06,NA,NA
CGM00064360,2012-04-07,NA,NA
CGM00064360,2012-04-08,NA,NA
CGM00064360,2012-04-09,NA,NA
CGM00064360,2012-04-10,NA,NA
CGM00064360,2012-04-11,NA,NA
CGM00064360,2012-04-12,NA,NA
CGM00064360,2012-04-13,NA,NA
CGM00064360,2012-04-14,NA,125
CGM00064360,2012-04-15,NA,NA
CGM00064360,2012-04-16,NA,NA
CGM00064360,2012-04-17,NA,NA
CGM00064360,2012-04-18,NA,NA
CGM00064360,2012-04-19,NA,NA
CGM00064360,2012-04-20,NA,NA
CGM00064360,2012-04-21,NA,NA
CGM00064360,2012-04-22,NA,NA
CGM00064360,2012-04-23,NA,NA
CGM00064360,2012-04-24,NA,NA
CGM00064360,2012-04-25,NA,NA
CGM00064360,2012-04-26,NA,132
CGM00064360,2012-04-27,NA,NA
CGM00064360,2012-04-28,NA,NA
CGM00064360,2012-04-29,NA,NA
CGM00064360,2012-04-30,NA,NA
CGM00064360,2012-05-01,NA,NA
CGM00064360,2012-05-02,NA,NA
CGM00064360,2012-05-03,NA,NA
CGM00064360,2012-05-04,NA,156
CGM00064360,2012-05-05,NA,NA
CGM00064360,2012-05-06,NA,NA
CGM00064360,2012-05-07,NA,NA
CGM00064360,2012-05-08,NA,NA
CGM00064360,2012-05-09,NA,NA
CGM00064360,2012-05-10,NA,NA
CGM00064360,2012-05-11,NA,NA
CGM00064360,2012-05-12,NA,NA
CGM00064360,2012-05-13,NA,NA
CGM00064360,2012-05-14,NA,135
CGM00064360,2012-05-15,NA,NA
CGM00064360,2012-05-16,NA,NA
CGM00064360,2012-05-17,NA,NA
CGM00064360,2012-05-18,NA,NA
CGM00064360,2012-05-19,NA,NA
CGM00064360,2012-05-20,NA,NA
CGM00064360,2012-05-21,NA,NA
CGM00064360,2012-05-22,NA,NA
CGM00064360,2012-05-23,NA,103
CGM00064360,2012-05-24,NA,NA
CGM00064360,2012-05-25,NA,NA
CGM00064360,2012-05-26,NA,102
CGM00064360,2012-05-27,NA,NA
CGM00064360,2012-05-28,NA,NA
CGM00064360,2012-05-29,NA,NA
CGM00064360,2012-05-30,NA,NA
CGM00064360,2012-05-31,NA,NA
CGM00064360,2012-06-01,NA,125
CGM00064360,2012-06-02,NA,NA
CGM00064360,2012-06-03,NA,NA
CGM00064360,2012-06-04,NA,NA
CGM00064360,2012-06-05,NA,NA
CGM00064360,2012-06-06,NA,NA
CGM00064360,2012-06-07,NA,NA
CGM00064360,2012-06-08,NA,NA
CGM00064360,2012-06-09,NA,NA
CGM00064360,2012-06-10,NA,NA
CGM00064360,2012-06-11,NA,NA
CGM00064360,2012-06-12,NA,NA
CGM00064360,2012-06-13,NA,NA
CGM00064360,2012-06-14,NA,NA
CGM00064360,2012-06-15,NA,NA
CGM00064360,2012-06-16,NA,NA
CGM00064360,2012-06-17,NA,98
CGM00064360,2012-06-18,NA,NA
CGM00064360,2012-06-19,NA,NA
CGM00064360,2012-06-20,NA,NA
CGM00064360,2012-06-21,NA,NA
CGM00064360,2012-06-22,NA,NA
CGM00064360,2012-06-23,NA,NA
CGM00064360,2012-06-24,NA,NA
CGM00064360,2012-06-25,NA,NA
CGM00064360,2012-06-26,NA,NA
CGM00064360,2012-06-27,NA,130
CGM00064360,2012-06-28,NA,NA
CGM00064360,2012-06-29,NA,130
CGM00064360,2012-06-30,NA,NA
CGM00064360,2012-07-01,NA,120
CGM00064360,2012-07-02,NA,NA
CGM00064360,2012-07-03,NA,115
CGM00064360,2012-07-04,NA,NA
CGM00064360,2012-07-05,NA,105
CGM00064360,2012-07-06,NA,NA
CGM00064360,2012-07-07,NA,NA
CGM00064360,2012-07-08,NA,NA
CGM00064360,2012-07-09,NA,NA
CGM00064360,2012-07-10,NA,NA
CGM00064360,2012-07-11,NA,NA
CGM00064360,2012-07-12,NA,NA
CGM00064360,2012-07-13,NA,100
CGM00064360,2012-07-14,NA,NA
CGM00064360,2012-07-15,NA,NA
CGM00064360,2012-07-16,NA,NA
CGM00064360,2012-07-17,NA,90
CGM00064360,2012-07-18,NA,NA
CGM00064360,2012-07-19,NA,NA
CGM00064360,2012-07-20,NA,NA
CGM00064360,2012-07-21,NA,NA
CGM00064360,2012-07-22,NA,NA
CGM00064360,2012-07-23,NA,NA
CGM00064360,2012-07-24,NA,NA
CGM00064360,2012-07-25,NA,NA
CGM00064360,2012-07-26,NA,NA
CGM00064360,2012-07-27,NA,NA
CGM00064360,2012-07-28,NA,NA
CGM00064360,2012-07-29,NA,NA
CGM00064360,2012-07-30,NA,NA
CGM00064360,2012-07-31,NA,NA
CGM00064360,2012-08-01,NA,NA
CGM00064360,2012-08-02,NA,NA
CGM00064360,2012-08-03,NA,118
CGM00064360,2012-08-04,NA,NA
CGM00064360,2012-08-05,NA,NA
CGM00064360,2012-08-06,NA,NA
CGM00064360,2012-08-07,NA,NA
CGM00064360,2012-08-08,NA,NA
CGM00064360,2012-08-09,NA,NA
CGM00064360,2012-08-10,NA,NA
CGM00064360,2012-08-11,NA,NA
CGM00064360,2012-08-12,NA,NA
CGM00064360,2012-08-13,NA,NA
CGM00064360,2012-08-14,NA,NA
CGM00064360,2012-08-15,NA,NA
CGM00064360,2012-08-16,NA,NA
CGM00064360,2012-08-17,NA,NA
CGM00064360,2012-08-18,NA,NA
CGM00064360,2012-08-19,NA,NA
CGM00064360,2012-08-20,NA,NA
CGM00064360,2012-08-21,NA,145
CGM00064360,2012-08-22,NA,NA
CGM00064360,2012-08-23,NA,NA
CGM00064360,2012-08-24,NA,NA
CGM00064360,2012-08-25,NA,NA
CGM00064360,2012-08-26,NA,NA
CGM00064360,2012-08-27,NA,NA
CGM00064360,2012-08-28,NA,NA
CGM00064360,2012-08-29,NA,NA
CGM00064360,2012-08-30,NA,NA
CGM00064360,2012-08-31,NA,NA
CGM00064360,2012-10-01,NA,NA
CGM00064360,2012-10-02,NA,NA
CGM00064360,2012-10-03,NA,NA
CGM00064360,2012-10-04,NA,NA
CGM00064360,2012-10-05,NA,NA
CGM00064360,2012-10-06,NA,NA
CGM00064360,2012-10-07,NA,NA
CGM00064360,2012-10-08,NA,NA
CGM00064360,2012-10-09,NA,NA
CGM00064360,2012-10-10,NA,NA
CGM00064360,2012-10-11,NA,NA
CGM00064360,2012-10-12,NA,175
CGM00064360,2012-10-13,NA,NA
CGM00064360,2012-10-14,NA,NA
CGM00064360,2012-10-15,NA,NA
CGM00064360,2012-10-16,NA,145
CGM00064360,2012-10-17,NA,NA
CGM00064360,2012-10-18,NA,NA
CGM00064360,2012-10-19,0,195
CGM00064360,2012-10-20,NA,NA
CGM00064360,2012-10-21,NA,NA
CGM00064360,2012-10-22,NA,NA
CGM00064360,2012-10-23,NA,NA
CGM00064360,2012-10-24,NA,NA
CGM00064360,2012-10-25,NA,NA
CGM00064360,2012-10-26,NA,NA
CGM00064360,2012-10-27,NA,NA
CGM00064360,2012-10-28,NA,NA
CGM00064360,2012-10-29,NA,NA
CGM00064360,2012-10-30,NA,NA
CGM00064360,2012-10-31,NA,NA
CGM00064360,2012-11-01,NA,NA
CGM00064360,2012-11-02,NA,NA
CGM00064360,2012-11-03,NA,NA
CGM00064360,2012-11-04,NA,NA
CGM00064360,2012-11-05,NA,NA
CGM00064360,2012-11-06,NA,NA
CGM00064360,2012-11-07,NA,NA
CGM00064360,2012-11-08,NA,NA
CGM00064360,2012-11-09,NA,NA
CGM00064360,2012-11-10,NA,NA
CGM00064360,2012-11-11,NA,NA
CGM00064360,2012-11-12,NA,NA
CGM00064360,2012-11-13,NA,NA
CGM00064360,2012-11-14,NA,NA
CGM00064360,2012-11-15,NA,NA
CGM00064360,2012-11-16,NA,NA
CGM00064360,2012-11-17,NA,198
CGM00064360,2012-11-18,0,NA
CGM00064360,2012-11-19,201,160
CGM00064360,2012-11-20,0,180
CGM00064360,2012-11-21,20,120
CGM00064360,2012-11-22,20,135
CGM00064360,2012-11-23,0,185
CGM00064360,2012-11-24,NA,NA
CGM00064360,2012-11-25,NA,NA
CGM00064360,2012-11-26,NA,NA
CGM00064360,2012-11-27,NA,NA
CGM00064360,2012-11-28,NA,NA
CGM00064360,2012-11-29,NA,NA
CGM00064360,2012-11-30,NA,NA
CGM00064360,2012-12-01,NA,NA
CGM00064360,2012-12-02,NA,NA
CGM00064360,2012-12-03,NA,NA
CGM00064360,2012-12-04,NA,NA
CGM00064360,2012-12-05,NA,NA
CGM00064360,2012-12-06,NA,NA
CGM00064360,2012-12-07,NA,NA
CGM00064360,2012-12-08,NA,NA
CGM00064360,2012-12-09,0,180
CGM00064360,2012-12-10,NA,NA
CGM00064360,2012-12-11,NA,NA
CGM00064360,2012-12-12,211,NA
CGM00064360,2012-12-13,NA,NA
CGM00064360,2012-12-14,NA,NA
CGM00064360,2012-12-15,NA,NA
CGM00064360,2012-12-16,NA,NA
CGM00064360,2012-12-17,NA,NA
CGM00064360,2012-12-18,NA,NA
CGM00064360,2012-12-19,NA,182
CGM00064360,2012-12-20,231,160
CGM00064360,2012-12-21,NA,NA
CGM00064360,2012-12-22,460,160
CGM00064360,2012-12-23,0,NA
CGM00064360,2012-12-24,160,172
CGM00064360,2012-12-25,NA,NA
CGM00064360,2012-12-26,NA,NA
CGM00064360,2012-12-27,NA,177
CGM00064360,2012-12-28,NA,NA
CGM00064360,2012-12-29,NA,NA
CGM00064360,2012-12-30,NA,NA
CGM00064360,2012-12-31,NA,NA
CGM00064360,2013-01-01,NA,NA
CGM00064360,2013-01-02,NA,NA
CGM00064360,2013-01-03,NA,NA
CGM00064360,2013-01-04,NA,NA
CGM00064360,2013-01-05,NA,NA
CGM00064360,2013-01-06,NA,NA
CGM00064360,2013-01-07,NA,NA
CGM00064360,2013-01-08,NA,NA
CGM00064360,2013-01-09,NA,NA
CGM00064360,2013-01-10,NA,NA
CGM00064360,2013-01-11,NA,NA
CGM00064360,2013-01-12,NA,NA
CGM00064360,2013-01-13,NA,NA
CGM00064360,2013-01-14,660,173
CGM00064360,2013-01-15,NA,NA
CGM00064360,2013-01-16,NA,NA
CGM00064360,2013-01-17,NA,NA
CGM00064360,2013-01-18,NA,186
CGM00064360,2013-01-19,NA,NA
CGM00064360,2013-01-20,NA,NA
CGM00064360,2013-01-21,NA,NA
CGM00064360,2013-01-22,NA,NA
CGM00064360,2013-01-23,NA,NA
CGM00064360,2013-01-24,NA,NA
CGM00064360,2013-01-25,NA,NA
CGM00064360,2013-01-26,NA,NA
CGM00064360,2013-01-27,0,184
CGM00064360,2013-01-28,61,180
CGM00064360,2013-01-29,0,NA
CGM00064360,2013-01-30,NA,NA
CGM00064360,2013-01-31,NA,NA
CGM00064360,2013-02-01,259,180
CGM00064360,2013-02-02,NA,NA
CGM00064360,2013-02-03,NA,NA
CGM00064360,2013-02-04,NA,NA
CGM00064360,2013-02-05,NA,175
CGM00064360,2013-02-06,61,180
CGM00064360,2013-02-07,0,185
CGM00064360,2013-02-08,NA,NA
CGM00064360,2013-02-09,NA,NA
CGM00064360,2013-02-10,NA,NA
CGM00064360,2013-02-11,NA,NA
CGM00064360,2013-02-12,NA,NA
CGM00064360,2013-02-13,NA,NA
CGM00064360,2013-02-14,NA,NA
CGM00064360,2013-02-15,NA,NA
CGM00064360,2013-02-16,NA,NA
CGM00064360,2013-02-17,NA,NA
CGM00064360,2013-02-18,NA,NA
CGM00064360,2013-02-19,NA,NA
CGM00064360,2013-02-20,NA,NA
CGM00064360,2013-02-21,NA,NA
CGM00064360,2013-02-22,NA,NA
CGM00064360,2013-02-23,NA,NA
CGM00064360,2013-02-24,NA,NA
CGM00064360,2013-02-25,NA,NA
CGM00064360,2013-02-26,NA,NA
CGM00064360,2013-02-27,NA,NA
CGM00064360,2013-02-28,NA,NA
CGM00064360,2013-08-01,NA,NA
CGM00064360,2013-08-02,NA,NA
CGM00064360,2013-08-03,NA,NA
CGM00064360,2013-08-04,NA,NA
CGM00064360,2013-08-05,NA,NA
CGM00064360,2013-08-06,NA,NA
CGM00064360,2013-08-07,NA,NA
CGM00064360,2013-08-08,NA,NA
CGM00064360,2013-08-09,NA,NA
CGM00064360,2013-08-10,NA,NA
CGM00064360,2013-08-11,NA,NA
CGM00064360,2013-08-12,NA,NA
CGM00064360,2013-08-13,NA,NA
CGM00064360,2013-08-14,NA,NA
CGM00064360,2013-08-15,NA,NA
CGM00064360,2013-08-16,NA,NA
CGM00064360,2013-08-17,NA,NA
CGM00064360,2013-08-18,NA,NA
CGM00064360,2013-08-19,NA,NA
CGM00064360,2013-08-20,NA,NA
CGM00064360,2013-08-21,NA,NA
CGM00064360,2013-08-22,NA,NA
CGM00064360,2013-08-23,NA,NA
CGM00064360,2013-08-24,NA,NA
CGM00064360,2013-08-25,NA,NA
CGM00064360,2013-08-26,NA,126
CGM00064360,2013-08-27,NA,NA
CGM00064360,2013-08-28,NA,NA
CGM00064360,2013-08-29,NA,NA
CGM00064360,2013-08-30,NA,130
CGM00064360,2013-08-31,NA,NA
CGM00064360,2013-09-01,NA,NA
CGM00064360,2013-09-02,NA,NA
CGM00064360,2013-09-03,NA,NA
CGM00064360,2013-09-04,NA,NA
CGM00064360,2013-09-05,NA,150
CGM00064360,2013-09-06,NA,NA
CGM00064360,2013-09-07,NA,NA
CGM00064360,2013-09-08,NA,NA
CGM00064360,2013-09-09,NA,150
CGM00064360,2013-09-10,NA,NA
CGM00064360,2013-09-11,NA,NA
CGM00064360,2013-09-12,NA,NA
CGM00064360,2013-09-13,NA,NA
CGM00064360,2013-09-14,NA,NA
CGM00064360,2013-09-15,NA,NA
CGM00064360,2013-09-16,NA,NA
CGM00064360,2013-09-17,NA,NA
CGM00064360,2013-09-18,NA,NA
CGM00064360,2013-09-19,NA,NA
CGM00064360,2013-09-20,NA,170
CGM00064360,2013-09-21,NA,NA
CGM00064360,2013-09-22,NA,NA
CGM00064360,2013-09-23,NA,NA
CGM00064360,2013-09-24,NA,NA
CGM00064360,2013-09-25,NA,NA
CGM00064360,2013-09-26,NA,NA
CGM00064360,2013-09-27,NA,NA
CGM00064360,2013-09-28,NA,NA
CGM00064360,2013-09-29,NA,NA
CGM00064360,2013-09-30,NA,NA
CGM00064360,2014-02-01,NA,NA
CGM00064360,2014-02-02,NA,NA
CGM00064360,2014-02-03,NA,NA
CGM00064360,2014-02-04,NA,NA
CGM00064360,2014-02-05,NA,NA
CGM00064360,2014-02-06,NA,NA
CGM00064360,2014-02-07,NA,NA
CGM00064360,2014-02-08,NA,NA
CGM00064360,2014-02-09,NA,NA
CGM00064360,2014-02-10,NA,NA
CGM00064360,2014-02-11,NA,NA
CGM00064360,2014-02-12,NA,NA
CGM00064360,2014-02-13,NA,NA
CGM00064360,2014-02-14,NA,NA
CGM00064360,2014-02-15,NA,NA
CGM00064360,2014-02-16,NA,NA
CGM00064360,2014-02-17,NA,NA
CGM00064360,2014-02-18,20,NA
CGM00064360,2014-02-19,NA,NA
CGM00064360,2014-02-20,NA,NA
CGM00064360,2014-02-21,NA,NA
CGM00064360,2014-02-22,NA,NA
CGM00064360,2014-02-23,NA,NA
CGM00064360,2014-02-24,NA,NA
CGM00064360,2014-02-25,NA,NA
CGM00064360,2014-02-26,NA,NA
CGM00064360,2014-02-27,20,177
CGM00064360,2014-02-28,NA,NA
CGM00064360,2014-03-01,NA,NA
CGM00064360,2014-03-02,NA,NA
CGM00064360,2014-03-03,89,168
CGM00064360,2014-03-04,NA,NA
CGM00064360,2014-03-05,NA,NA
CGM00064360,2014-03-06,NA,NA
CGM00064360,2014-03-07,NA,170
CGM00064360,2014-03-08,NA,NA
CGM00064360,2014-03-09,NA,NA
CGM00064360,2014-03-10,NA,NA
CGM00064360,2014-03-11,NA,NA
CGM00064360,2014-03-12,300,165
CGM00064360,2014-03-13,NA,NA
CGM00064360,2014-03-14,89,175
CGM00064360,2014-03-15,NA,NA
CGM00064360,2014-03-16,NA,NA
CGM00064360,2014-03-17,NA,NA
CGM00064360,2014-03-18,NA,NA
CGM00064360,2014-03-19,NA,NA
CGM00064360,2014-03-20,NA,NA
CGM00064360,2014-03-21,NA,NA
CGM00064360,2014-03-22,NA,NA
CGM00064360,2014-03-23,NA,NA
CGM00064360,2014-03-24,NA,NA
CGM00064360,2014-03-25,NA,NA
CGM00064360,2014-03-26,NA,NA
CGM00064360,2014-03-27,NA,NA
CGM00064360,2014-03-28,NA,NA
CGM00064360,2014-03-29,NA,NA
CGM00064360,2014-03-30,NA,NA
CGM00064360,2014-03-31,NA,NA
CGM00064360,2014-05-01,NA,NA
CGM00064360,2014-05-02,NA,NA
CGM00064360,2014-05-03,NA,NA
CGM00064360,2014-05-04,NA,NA
CGM00064360,2014-05-05,NA,NA
CGM00064360,2014-05-06,NA,NA
CGM00064360,2014-05-07,NA,NA
CGM00064360,2014-05-08,NA,NA
CGM00064360,2014-05-09,NA,143
CGM00064360,2014-05-10,NA,NA
CGM00064360,2014-05-11,NA,NA
CGM00064360,2014-05-12,NA,155
CGM00064360,2014-05-13,NA,170
CGM00064360,2014-05-14,NA,NA
CGM00064360,2014-05-15,NA,142
CGM00064360,2014-05-16,NA,NA
CGM00064360,2014-05-17,NA,NA
CGM00064360,2014-05-18,NA,NA
CGM00064360,2014-05-19,NA,120
CGM00064360,2014-05-20,NA,NA
CGM00064360,2014-05-21,NA,120
CGM00064360,2014-05-22,NA,135
CGM00064360,2014-05-23,NA,NA
CGM00064360,2014-05-24,NA,NA
CGM00064360,2014-05-25,NA,NA
CGM00064360,2014-05-26,NA,NA
CGM00064360,2014-05-27,NA,NA
CGM00064360,2014-05-28,NA,140
CGM00064360,2014-05-29,NA,NA
CGM00064360,2014-05-30,NA,112
CGM00064360,2014-05-31,NA,NA
CGM00064360,2014-06-01,NA,NA
CGM00064360,2014-06-02,NA,132
CGM00064360,2014-06-03,NA,NA
CGM00064360,2014-06-04,NA,NA
CGM00064360,2014-06-05,NA,NA
CGM00064360,2014-06-06,NA,NA
CGM00064360,2014-06-07,NA,NA
CGM00064360,2014-06-08,NA,NA
CGM00064360,2014-06-09,NA,NA
CGM00064360,2014-06-10,NA,NA
CGM00064360,2014-06-11,NA,NA
CGM00064360,2014-06-12,NA,NA
CGM00064360,2014-06-13,NA,NA
CGM00064360,2014-06-14,NA,NA
CGM00064360,2014-06-15,NA,120
CGM00064360,2014-06-16,NA,NA
CGM00064360,2014-06-17,NA,134
CGM00064360,2014-06-18,NA,125
CGM00064360,2014-06-19,NA,130
CGM00064360,2014-06-20,NA,NA
CGM00064360,2014-06-21,NA,NA
CGM00064360,2014-06-22,NA,NA
CGM00064360,2014-06-23,NA,105
CGM00064360,2014-06-24,NA,NA
CGM00064360,2014-06-25,NA,NA
CGM00064360,2014-06-26,NA,NA
CGM00064360,2014-06-27,NA,NA
CGM00064360,2014-06-28,NA,NA
CGM00064360,2014-06-29,NA,NA
CGM00064360,2014-06-30,NA,NA
CGM00064360,2014-07-01,NA,NA
CGM00064360,2014-07-02,NA,NA
CGM00064360,2014-07-03,NA,NA
CGM00064360,2014-07-04,NA,110
CGM00064360,2014-07-05,NA,NA
CGM00064360,2014-07-06,NA,108
CGM00064360,2014-07-07,NA,NA
CGM00064360,2014-07-08,NA,NA
CGM00064360,2014-07-09,NA,114
CGM00064360,2014-07-10,NA,NA
CGM00064360,2014-07-11,NA,NA
CGM00064360,2014-07-12,NA,NA
CGM00064360,2014-07-13,NA,NA
CGM00064360,2014-07-14,NA,NA
CGM00064360,2014-07-15,NA,NA
CGM00064360,2014-07-16,NA,NA
CGM00064360,2014-07-17,NA,90
CGM00064360,2014-07-18,NA,NA
CGM00064360,2014-07-19,NA,NA
CGM00064360,2014-07-20,NA,NA
CGM00064360,2014-07-21,NA,NA
CGM00064360,2014-07-22,NA,NA
CGM00064360,2014-07-23,NA,NA
CGM00064360,2014-07-24,NA,NA
CGM00064360,2014-07-25,NA,103
CGM00064360,2014-07-26,NA,NA
CGM00064360,2014-07-27,NA,NA
CGM00064360,2014-07-28,NA,NA
CGM00064360,2014-07-29,NA,NA
CGM00064360,2014-07-30,NA,112
CGM00064360,2014-07-31,NA,NA
CGM00064360,2014-08-01,NA,NA
CGM00064360,2014-08-02,NA,NA
CGM00064360,2014-08-03,NA,NA
CGM00064360,2014-08-04,NA,102
CGM00064360,2014-08-05,NA,NA
CGM00064360,2014-08-06,NA,NA
CGM00064360,2014-08-07,NA,NA
CGM00064360,2014-08-08,NA,NA
CGM00064360,2014-08-09,NA,NA
CGM00064360,2014-08-10,NA,NA
CGM00064360,2014-08-11,NA,NA
CGM00064360,2014-08-12,NA,NA
CGM00064360,2014-08-13,NA,NA
CGM00064360,2014-08-14,NA,NA
CGM00064360,2014-08-15,NA,NA
CGM00064360,2014-08-16,NA,NA
CGM00064360,2014-08-17,NA,NA
CGM00064360,2014-08-18,NA,136
CGM00064360,2014-08-19,NA,NA
CGM00064360,2014-08-20,NA,NA
CGM00064360,2014-08-21,NA,NA
CGM00064360,2014-08-22,NA,NA
CGM00064360,2014-08-23,NA,NA
CGM00064360,2014-08-24,NA,NA
CGM00064360,2014-08-25,NA,144
CGM00064360,2014-08-26,NA,NA
CGM00064360,2014-08-27,NA,NA
CGM00064360,2014-08-28,NA,NA
CGM00064360,2014-08-29,NA,146
CGM00064360,2014-08-30,NA,NA
CGM00064360,2014-08-31,NA,NA
CGM00064360,2014-09-01,NA,NA
CGM00064360,2014-09-02,NA,NA
CGM00064360,2014-09-03,NA,NA
CGM00064360,2014-09-04,NA,NA
CGM00064360,2014-09-05,NA,NA
CGM00064360,2014-09-06,NA,NA
CGM00064360,2014-09-07,NA,NA
CGM00064360,2014-09-08,NA,NA
CGM00064360,2014-09-09,NA,NA
CGM00064360,2014-09-10,NA,NA
CGM00064360,2014-09-11,NA,NA
CGM00064360,2014-09-12,NA,160
CGM00064360,2014-09-13,NA,NA
CGM00064360,2014-09-14,NA,NA
CGM00064360,2014-09-15,NA,148
CGM00064360,2014-09-16,NA,NA
CGM00064360,2014-09-17,NA,NA
CGM00064360,2014-09-18,NA,NA
CGM00064360,2014-09-19,NA,NA
CGM00064360,2014-09-20,NA,NA
CGM00064360,2014-09-21,NA,NA
CGM00064360,2014-09-22,NA,NA
CGM00064360,2014-09-23,NA,NA
CGM00064360,2014-09-24,NA,NA
CGM00064360,2014-09-25,NA,NA
CGM00064360,2014-09-26,NA,NA
CGM00064360,2014-09-27,NA,NA
CGM00064360,2014-09-28,NA,NA
CGM00064360,2014-09-29,NA,NA
CGM00064360,2014-09-30,NA,NA
CGM00064360,2015-05-01,NA,NA
CGM00064360,2015-05-02,NA,NA
CGM00064360,2015-05-03,NA,NA
CGM00064360,2015-05-04,NA,NA
CGM00064360,2015-05-05,NA,NA
CGM00064360,2015-05-06,NA,NA
CGM00064360,2015-05-07,NA,NA
CGM00064360,2015-05-08,NA,145
CGM00064360,2015-05-09,NA,NA
CGM00064360,2015-05-10,NA,NA
CGM00064360,2015-05-11,NA,NA
CGM00064360,2015-05-12,NA,NA
CGM00064360,2015-05-13,NA,NA
CGM00064360,2015-05-14,NA,NA
CGM00064360,2015-05-15,NA,NA
CGM00064360,2015-05-16,NA,NA
CGM00064360,2015-05-17,NA,NA
CGM00064360,2015-05-18,NA,NA
CGM00064360,2015-05-19,NA,NA
CGM00064360,2015-05-20,NA,NA
CGM00064360,2015-05-21,NA,NA
CGM00064360,2015-05-22,NA,NA
CGM00064360,2015-05-23,NA,NA
CGM00064360,2015-05-24,NA,NA
CGM00064360,2015-05-25,NA,NA
CGM00064360,2015-05-26,NA,125
CGM00064360,2015-05-27,NA,NA
CGM00064360,2015-05-28,NA,NA
CGM00064360,2015-05-29,NA,NA
CGM00064360,2015-05-30,NA,NA
CGM00064360,2015-05-31,NA,NA
CGM00064360,2015-06-01,NA,NA
CGM00064360,2015-06-02,NA,NA
CGM00064360,2015-06-03,NA,NA
CGM00064360,2015-06-04,NA,NA
CGM00064360,2015-06-05,NA,NA
CGM00064360,2015-06-06,NA,NA
CGM00064360,2015-06-07,NA,NA
CGM00064360,2015-06-08,NA,NA
CGM00064360,2015-06-09,NA,NA
CGM00064360,2015-06-10,NA,NA
CGM00064360,2015-06-11,NA,NA
CGM00064360,2015-06-12,NA,NA
CGM00064360,2015-06-13,NA,NA
CGM00064360,2015-06-14,NA,NA
CGM00064360,2015-06-15,NA,105
CGM00064360,2015-06-16,NA,NA
CGM00064360,2015-06-17,NA,NA
CGM00064360,2015-06-18,NA,NA
CGM00064360,2015-06-19,NA,NA
CGM00064360,2015-06-20,NA,NA
CGM00064360,2015-06-21,NA,NA
CGM00064360,2015-06-22,NA,NA
CGM00064360,2015-06-23,NA,NA
CGM00064360,2015-06-24,NA,NA
CGM00064360,2015-06-25,NA,122
CGM00064360,2015-06-26,NA,NA
CGM00064360,2015-06-27,NA,NA
CGM00064360,2015-06-28,NA,NA
CGM00064360,2015-06-29,NA,NA
CGM00064360,2015-06-30,NA,NA
CGM00064360,2015-07-01,NA,NA
CGM00064360,2015-07-02,NA,NA
CGM00064360,2015-07-03,NA,NA
CGM00064360,2015-07-04,NA,NA
CGM00064360,2015-07-05,NA,NA
CGM00064360,2015-07-06,NA,NA
CGM00064360,2015-07-07,NA,NA
CGM00064360,2015-07-08,NA,NA
CGM00064360,2015-07-09,NA,NA
CGM00064360,2015-07-10,NA,NA
CGM00064360,2015-07-11,NA,NA
CGM00064360,2015-07-12,NA,NA
CGM00064360,2015-07-13,NA,NA
CGM00064360,2015-07-14,NA,NA
CGM00064360,2015-07-15,NA,NA
CGM00064360,2015-07-16,NA,NA
CGM00064360,2015-07-17,NA,NA
CGM00064360,2015-07-18,NA,NA
CGM00064360,2015-07-19,NA,NA
CGM00064360,2015-07-20,NA,114
CGM00064360,2015-07-21,NA,NA
CGM00064360,2015-07-22,NA,NA
CGM00064360,2015-07-23,NA,NA
CGM00064360,2015-07-24,NA,NA
CGM00064360,2015-07-25,NA,NA
CGM00064360,2015-07-26,NA,NA
CGM00064360,2015-07-27,NA,NA
CGM00064360,2015-07-28,NA,NA
CGM00064360,2015-07-29,NA,NA
CGM00064360,2015-07-30,NA,NA
CGM00064360,2015-07-31,NA,NA
CGM00064360,2015-11-01,NA,NA
CGM00064360,2015-11-02,NA,NA
CGM00064360,2015-11-03,NA,NA
CGM00064360,2015-11-04,NA,NA
CGM00064360,2015-11-05,NA,NA
CGM00064360,2015-11-06,NA,NA
CGM00064360,2015-11-07,NA,NA
CGM00064360,2015-11-08,NA,NA
CGM00064360,2015-11-09,NA,NA
CGM00064360,2015-11-10,NA,NA
CGM00064360,2015-11-11,NA,NA
CGM00064360,2015-11-12,0,NA
CGM00064360,2015-11-13,NA,NA
CGM00064360,2015-11-14,NA,NA
CGM00064360,2015-11-15,NA,NA
CGM00064360,2015-11-16,NA,NA
CGM00064360,2015-11-17,NA,NA
CGM00064360,2015-11-18,NA,NA
CGM00064360,2015-11-19,NA,NA
CGM00064360,2015-11-20,NA,NA
CGM00064360,2015-11-21,NA,NA
CGM00064360,2015-11-22,NA,NA
CGM00064360,2015-11-23,NA,NA
CGM00064360,2015-11-24,NA,NA
CGM00064360,2015-11-25,NA,NA
CGM00064360,2015-11-26,NA,NA
CGM00064360,2015-11-27,NA,NA
CGM00064360,2015-11-28,NA,NA
CGM00064360,2015-11-29,NA,NA
CGM00064360,2015-11-30,NA,NA
CGM00064360,2015-12-01,NA,NA
CGM00064360,2015-12-02,NA,NA
CGM00064360,2015-12-03,NA,NA
CGM00064360,2015-12-04,NA,NA
CGM00064360,2015-12-05,NA,NA
CGM00064360,2015-12-06,NA,NA
CGM00064360,2015-12-07,NA,NA
CGM00064360,2015-12-08,NA,NA
CGM00064360,2015-12-09,NA,NA
CGM00064360,2015-12-10,NA,NA
CGM00064360,2015-12-11,NA,NA
CGM00064360,2015-12-12,NA,NA
CGM00064360,2015-12-13,NA,NA
CGM00064360,2015-12-14,NA,NA
CGM00064360,2015-12-15,NA,NA
CGM00064360,2015-12-16,NA,NA
CGM00064360,2015-12-17,NA,NA
CGM00064360,2015-12-18,NA,NA
CGM00064360,2015-12-19,NA,NA
CGM00064360,2015-12-20,NA,NA
CGM00064360,2015-12-21,NA,NA
CGM00064360,2015-12-22,239,174
CGM00064360,2015-12-23,NA,NA
CGM00064360,2015-12-24,NA,NA
CGM00064360,2015-12-25,NA,NA
CGM00064360,2015-12-26,NA,NA
CGM00064360,2015-12-27,NA,NA
CGM00064360,2015-12-28,NA,NA
CGM00064360,2015-12-29,NA,NA
CGM00064360,2015-12-30,NA,NA
CGM00064360,2015-12-31,NA,NA
CGM00064360,2016-01-01,NA,NA
CGM00064360,2016-01-02,NA,NA
CGM00064360,2016-01-03,NA,NA
CGM00064360,2016-01-04,NA,NA
CGM00064360,2016-01-05,NA,NA
CGM00064360,2016-01-06,NA,NA
CGM00064360,2016-01-07,NA,NA
CGM00064360,2016-01-08,NA,NA
CGM00064360,2016-01-09,NA,NA
CGM00064360,2016-01-10,NA,NA
CGM00064360,2016-01-11,79,172
CGM00064360,2016-01-12,NA,NA
CGM00064360,2016-01-13,140,180
CGM00064360,2016-01-14,NA,NA
CGM00064360,2016-01-15,NA,NA
CGM00064360,2016-01-16,NA,NA
CGM00064360,2016-01-17,NA,NA
CGM00064360,2016-01-18,NA,NA
CGM00064360,2016-01-19,NA,NA
CGM00064360,2016-01-20,NA,NA
CGM00064360,2016-01-21,NA,NA
CGM00064360,2016-01-22,NA,NA
CGM00064360,2016-01-23,NA,NA
CGM00064360,2016-01-24,NA,NA
CGM00064360,2016-01-25,NA,NA
CGM00064360,2016-01-26,NA,NA
CGM00064360,2016-01-27,NA,NA
CGM00064360,2016-01-28,NA,NA
CGM00064360,2016-01-29,NA,NA
CGM00064360,2016-01-30,NA,NA
CGM00064360,2016-01-31,NA,NA
CGM00064360,2016-02-01,NA,NA
CGM00064360,2016-02-02,NA,NA
CGM00064360,2016-02-03,NA,NA
CGM00064360,2016-02-04,NA,NA
CGM00064360,2016-02-05,NA,NA
CGM00064360,2016-02-06,NA,NA
CGM00064360,2016-02-07,NA,NA
CGM00064360,2016-02-08,NA,NA
CGM00064360,2016-02-09,NA,NA
CGM00064360,2016-02-10,NA,NA
CGM00064360,2016-02-11,NA,NA
CGM00064360,2016-02-12,NA,NA
CGM00064360,2016-02-13,NA,NA
CGM00064360,2016-02-14,20,190
CGM00064360,2016-02-15,NA,NA
CGM00064360,2016-02-16,NA,NA
CGM00064360,2016-02-17,NA,NA
CGM00064360,2016-02-18,NA,NA
CGM00064360,2016-02-19,140,188
CGM00064360,2016-02-20,NA,NA
CGM00064360,2016-02-21,NA,NA
CGM00064360,2016-02-22,NA,NA
CGM00064360,2016-02-23,371,170
CGM00064360,2016-02-24,NA,NA
CGM00064360,2016-02-25,0,NA
CGM00064360,2016-02-26,NA,NA
CGM00064360,2016-02-27,NA,NA
CGM00064360,2016-02-28,NA,NA
CGM00064360,2016-02-29,NA,NA
CGM00064360,2016-03-01,NA,NA
CGM00064360,2016-03-02,NA,NA
CGM00064360,2016-03-03,NA,NA
CGM00064360,2016-03-04,61,NA
CGM00064360,2016-03-05,NA,NA
CGM00064360,2016-03-06,NA,NA
CGM00064360,2016-03-07,NA,NA
CGM00064360,2016-03-08,NA,NA
CGM00064360,2016-03-09,41,178
CGM00064360,2016-03-10,NA,NA
CGM00064360,2016-03-11,NA,NA
CGM00064360,2016-03-12,NA,NA
CGM00064360,2016-03-13,NA,NA
CGM00064360,2016-03-14,NA,NA
CGM00064360,2016-03-15,NA,NA
CGM00064360,2016-03-16,NA,NA
CGM00064360,2016-03-17,NA,NA
CGM00064360,2016-03-18,NA,NA
CGM00064360,2016-03-19,NA,NA
CGM00064360,2016-03-20,NA,NA
CGM00064360,2016-03-21,NA,NA
CGM00064360,2016-03-22,NA,NA
CGM00064360,2016-03-23,NA,NA
CGM00064360,2016-03-24,NA,NA
CGM00064360,2016-03-25,NA,NA
CGM00064360,2016-03-26,NA,NA
CGM00064360,2016-03-27,NA,NA
CGM00064360,2016-03-28,NA,NA
CGM00064360,2016-03-29,NA,NA
CGM00064360,2016-03-30,0,NA
CGM00064360,2016-03-31,NA,NA
CGM00064360,2016-04-01,NA,NA
CGM00064360,2016-04-02,NA,NA
CGM00064360,2016-04-03,NA,NA
CGM00064360,2016-04-04,NA,NA
CGM00064360,2016-04-05,NA,NA
CGM00064360,2016-04-06,NA,NA
CGM00064360,2016-04-07,NA,NA
CGM00064360,2016-04-08,NA,NA
CGM00064360,2016-04-09,170,NA
CGM00064360,2016-04-10,899,160
CGM00064360,2016-04-11,NA,NA
CGM00064360,2016-04-12,NA,NA
CGM00064360,2016-04-13,NA,NA
CGM00064360,2016-04-14,NA,NA
CGM00064360,2016-04-15,NA,NA
CGM00064360,2016-04-16,NA,NA
CGM00064360,2016-04-17,NA,NA
CGM00064360,2016-04-18,NA,NA
CGM00064360,2016-04-19,NA,NA
CGM00064360,2016-04-20,NA,176
CGM00064360,2016-04-21,NA,164
CGM00064360,2016-04-22,NA,NA
CGM00064360,2016-04-23,NA,NA
CGM00064360,2016-04-24,NA,NA
CGM00064360,2016-04-25,NA,NA
CGM00064360,2016-04-26,NA,NA
CGM00064360,2016-04-27,NA,145
CGM00064360,2016-04-28,NA,148
CGM00064360,2016-04-29,NA,NA
CGM00064360,2016-04-30,NA,NA
CGM00064360,2016-05-01,NA,NA
CGM00064360,2016-05-02,NA,176
CGM00064360,2016-05-03,NA,NA
CGM00064360,2016-05-04,NA,160
CGM00064360,2016-05-05,NA,NA
CGM00064360,2016-05-06,NA,NA
CGM00064360,2016-05-07,NA,NA
CGM00064360,2016-05-08,NA,NA
CGM00064360,2016-05-09,NA,NA
CGM00064360,2016-05-10,NA,NA
CGM00064360,2016-05-11,NA,NA
CGM00064360,2016-05-12,NA,NA
CGM00064360,2016-05-13,NA,NA
CGM00064360,2016-05-14,NA,NA
CGM00064360,2016-05-15,NA,NA
CGM00064360,2016-05-16,NA,NA
CGM00064360,2016-05-17,NA,NA
CGM00064360,2016-05-18,NA,NA
CGM00064360,2016-05-19,NA,NA
CGM00064360,2016-05-20,NA,115
CGM00064360,2016-05-21,NA,NA
CGM00064360,2016-05-22,NA,NA
CGM00064360,2016-05-23,NA,NA
CGM00064360,2016-05-24,NA,NA
CGM00064360,2016-05-25,NA,NA
CGM00064360,2016-05-26,NA,NA
CGM00064360,2016-05-27,NA,NA
CGM00064360,2016-05-28,NA,NA
CGM00064360,2016-05-29,NA,NA
CGM00064360,2016-05-30,NA,NA
CGM00064360,2016-05-31,NA,NA
CGM00064360,2016-06-01,NA,NA
CGM00064360,2016-06-02,NA,NA
CGM00064360,2016-06-03,NA,NA
CGM00064360,2016-06-04,NA,NA
CGM00064360,2016-06-05,NA,NA
CGM00064360,2016-06-06,NA,115
CGM00064360,2016-06-07,NA,NA
CGM00064360,2016-06-08,NA,NA
CGM00064360,2016-06-09,NA,90
CGM00064360,2016-06-10,NA,NA
CGM00064360,2016-06-11,NA,NA
CGM00064360,2016-06-12,NA,NA
CGM00064360,2016-06-13,NA,NA
CGM00064360,2016-06-14,NA,NA
CGM00064360,2016-06-15,NA,100
CGM00064360,2016-06-16,NA,100
CGM00064360,2016-06-17,NA,NA
CGM00064360,2016-06-18,NA,NA
CGM00064360,2016-06-19,NA,NA
CGM00064360,2016-06-20,NA,NA
CGM00064360,2016-06-21,NA,NA
CGM00064360,2016-06-22,NA,NA
CGM00064360,2016-06-23,NA,NA
CGM00064360,2016-06-24,NA,NA
CGM00064360,2016-06-25,NA,NA
CGM00064360,2016-06-26,NA,NA
CGM00064360,2016-06-27,NA,NA
CGM00064360,2016-06-28,NA,NA
CGM00064360,2016-06-29,NA,NA
CGM00064360,2016-06-30,NA,NA
CGM00064360,2016-07-01,NA,NA
CGM00064360,2016-07-02,NA,NA
CGM00064360,2016-07-03,NA,NA
CGM00064360,2016-07-04,NA,NA
CGM00064360,2016-07-05,NA,NA
CGM00064360,2016-07-06,NA,NA
CGM00064360,2016-07-07,NA,NA
CGM00064360,2016-07-08,NA,98
CGM00064360,2016-07-09,NA,NA
CGM00064360,2016-07-10,NA,NA
CGM00064360,2016-07-11,NA,NA
CGM00064360,2016-07-12,NA,NA
CGM00064360,2016-07-13,NA,78
CGM00064360,2016-07-14,NA,NA
CGM00064360,2016-07-15,NA,NA
CGM00064360,2016-07-16,NA,NA
CGM00064360,2016-07-17,NA,NA
CGM00064360,2016-07-18,NA,NA
CGM00064360,2016-07-19,NA,86
CGM00064360,2016-07-20,NA,NA
CGM00064360,2016-07-21,NA,NA
CGM00064360,2016-07-22,NA,NA
CGM00064360,2016-07-23,NA,NA
CGM00064360,2016-07-24,NA,NA
CGM00064360,2016-07-25,NA,NA
CGM00064360,2016-07-26,NA,NA
CGM00064360,2016-07-27,NA,NA
CGM00064360,2016-07-28,NA,NA
CGM00064360,2016-07-29,NA,145
CGM00064360,2016-07-30,NA,NA
CGM00064360,2016-07-31,NA,136
CGM00064360,2016-08-01,NA,NA
CGM00064360,2016-08-02,NA,NA
CGM00064360,2016-08-03,NA,NA
CGM00064360,2016-08-04,NA,108
CGM00064360,2016-08-05,NA,108
CGM00064360,2016-08-06,NA,NA
CGM00064360,2016-08-07,NA,NA
CGM00064360,2016-08-08,NA,106
CGM00064360,2016-08-09,NA,NA
CGM00064360,2016-08-10,NA,NA
CGM00064360,2016-08-11,NA,NA
CGM00064360,2016-08-12,NA,NA
CGM00064360,2016-08-13,NA,NA
CGM00064360,2016-08-14,NA,NA
CGM00064360,2016-08-15,NA,NA
CGM00064360,2016-08-16,NA,NA
CGM00064360,2016-08-17,NA,NA
CGM00064360,2016-08-18,NA,NA
CGM00064360,2016-08-19,NA,NA
CGM00064360,2016-08-20,NA,NA
CGM00064360,2016-08-21,NA,NA
CGM00064360,2016-08-22,NA,NA
CGM00064360,2016-08-23,NA,NA
CGM00064360,2016-08-24,NA,NA
CGM00064360,2016-08-25,NA,NA
CGM00064360,2016-08-26,NA,NA
CGM00064360,2016-08-27,NA,NA
CGM00064360,2016-08-28,NA,NA
CGM00064360,2016-08-29,NA,NA
CGM00064360,2016-08-30,NA,NA
CGM00064360,2016-08-31,NA,NA
CGM00064360,2016-09-01,NA,111
CGM00064360,2016-09-02,NA,NA
CGM00064360,2016-09-03,NA,NA
CGM00064360,2016-09-04,NA,NA
CGM00064360,2016-09-05,NA,NA
CGM00064360,2016-09-06,NA,NA
CGM00064360,2016-09-07,NA,NA
CGM00064360,2016-09-08,NA,NA
CGM00064360,2016-09-09,NA,NA
CGM00064360,2016-09-10,NA,NA
CGM00064360,2016-09-11,NA,NA
CGM00064360,2016-09-12,NA,NA
CGM00064360,2016-09-13,NA,NA
CGM00064360,2016-09-14,NA,NA
CGM00064360,2016-09-15,NA,175
CGM00064360,2016-09-16,NA,NA
CGM00064360,2016-09-17,NA,NA
CGM00064360,2016-09-18,NA,NA
CGM00064360,2016-09-19,NA,NA
CGM00064360,2016-09-20,NA,NA
CGM00064360,2016-09-21,NA,NA
CGM00064360,2016-09-22,NA,NA
CGM00064360,2016-09-23,NA,NA
CGM00064360,2016-09-24,NA,NA
CGM00064360,2016-09-25,NA,NA
CGM00064360,2016-09-26,NA,NA
CGM00064360,2016-09-27,NA,NA
CGM00064360,2016-09-28,NA,NA
CGM00064360,2016-09-29,NA,NA
CGM00064360,2016-09-30,NA,NA
CGM00064360,2017-01-01,NA,NA
CGM00064360,2017-01-02,NA,NA
CGM00064360,2017-01-03,NA,NA
CGM00064360,2017-01-04,NA,NA
CGM00064360,2017-01-05,NA,NA
CGM00064360,2017-01-06,NA,NA
CGM00064360,2017-01-07,NA,NA
CGM00064360,2017-01-08,NA,NA
CGM00064360,2017-01-09,NA,NA
CGM00064360,2017-01-10,NA,NA
CGM00064360,2017-01-11,NA,NA
CGM00064360,2017-01-12,NA,NA
CGM00064360,2017-01-13,NA,NA
CGM00064360,2017-01-14,NA,NA
CGM00064360,2017-01-15,NA,NA
CGM00064360,2017-01-16,NA,NA
CGM00064360,2017-01-17,NA,NA
CGM00064360,2017-01-18,NA,NA
CGM00064360,2017-01-19,NA,NA
CGM00064360,2017-01-20,NA,NA
CGM00064360,2017-01-21,NA,NA
CGM00064360,2017-01-22,NA,NA
CGM00064360,2017-01-23,NA,NA
CGM00064360,2017-01-24,NA,NA
CGM00064360,2017-01-25,NA,NA
CGM00064360,2017-01-26,NA,NA
CGM00064360,2017-01-27,NA,NA
CGM00064360,2017-01-28,NA,NA
CGM00064360,2017-01-29,NA,NA
CGM00064360,2017-01-30,130,NA
CGM00064360,2017-01-31,NA,NA
CGM00064360,2017-03-01,NA,NA
CGM00064360,2017-03-02,NA,NA
CGM00064360,2017-03-03,NA,NA
CGM00064360,2017-03-04,NA,NA
CGM00064360,2017-03-05,NA,NA
CGM00064360,2017-03-06,NA,NA
CGM00064360,2017-03-07,NA,NA
CGM00064360,2017-03-08,NA,NA
CGM00064360,2017-03-09,NA,NA
CGM00064360,2017-03-10,NA,NA
CGM00064360,2017-03-11,NA,NA
CGM00064360,2017-03-12,NA,NA
CGM00064360,2017-03-13,NA,NA
CGM00064360,2017-03-14,NA,NA
CGM00064360,2017-03-15,NA,NA
CGM00064360,2017-03-16,NA,NA
CGM00064360,2017-03-17,NA,NA
CGM00064360,2017-03-18,NA,NA
CGM00064360,2017-03-19,NA,NA
CGM00064360,2017-03-20,NA,NA
CGM00064360,2017-03-21,41,NA
CGM00064360,2017-03-22,NA,NA
CGM00064360,2017-03-23,NA,NA
CGM00064360,2017-03-24,NA,NA
CGM00064360,2017-03-25,NA,NA
CGM00064360,2017-03-26,NA,NA
CGM00064360,2017-03-27,NA,NA
CGM00064360,2017-03-28,NA,NA
CGM00064360,2017-03-29,NA,NA
CGM00064360,2017-03-30,NA,NA
CGM00064360,2017-03-31,NA,NA
CGM00064360,2017-04-01,NA,NA
CGM00064360,2017-04-02,NA,NA
CGM00064360,2017-04-03,NA,NA
CGM00064360,2017-04-04,NA,NA
CGM00064360,2017-04-05,NA,NA
CGM00064360,2017-04-06,NA,NA
CGM00064360,2017-04-07,NA,NA
CGM00064360,2017-04-08,NA,NA
CGM00064360,2017-04-09,NA,NA
CGM00064360,2017-04-10,NA,NA
CGM00064360,2017-04-11,NA,NA
CGM00064360,2017-04-12,NA,NA
CGM00064360,2017-04-13,NA,NA
CGM00064360,2017-04-14,NA,NA
CGM00064360,2017-04-15,NA,NA
CGM00064360,2017-04-16,NA,NA
CGM00064360,2017-04-17,NA,NA
CGM00064360,2017-04-18,NA,NA
CGM00064360,2017-04-19,NA,NA
CGM00064360,2017-04-20,NA,NA
CGM00064360,2017-04-21,NA,NA
CGM00064360,2017-04-22,NA,NA
CGM00064360,2017-04-23,NA,155
CGM00064360,2017-04-24,NA,NA
CGM00064360,2017-04-25,NA,NA
CGM00064360,2017-04-26,NA,NA
CGM00064360,2017-04-27,NA,NA
CGM00064360,2017-04-28,NA,NA
CGM00064360,2017-04-29,NA,NA
CGM00064360,2017-04-30,NA,NA
CGM00064360,2017-06-01,NA,NA
CGM00064360,2017-06-02,NA,NA
CGM00064360,2017-06-03,NA,NA
CGM00064360,2017-06-04,NA,NA
CGM00064360,2017-06-05,NA,NA
CGM00064360,2017-06-06,NA,NA
CGM00064360,2017-06-07,NA,NA
CGM00064360,2017-06-08,NA,NA
CGM00064360,2017-06-09,NA,NA
CGM00064360,2017-06-10,NA,NA
CGM00064360,2017-06-11,NA,NA
CGM00064360,2017-06-12,NA,NA
CGM00064360,2017-06-13,NA,NA
CGM00064360,2017-06-14,NA,NA
CGM00064360,2017-06-15,NA,135
CGM00064360,2017-06-16,NA,NA
CGM00064360,2017-06-17,NA,NA
CGM00064360,2017-06-18,NA,NA
CGM00064360,2017-06-19,NA,NA
CGM00064360,2017-06-20,NA,NA
CGM00064360,2017-06-21,NA,NA
CGM00064360,2017-06-22,NA,NA
CGM00064360,2017-06-23,NA,NA
CGM00064360,2017-06-24,NA,NA
CGM00064360,2017-06-25,NA,NA
CGM00064360,2017-06-26,NA,102
CGM00064360,2017-06-27,NA,NA
CGM00064360,2017-06-28,NA,NA
CGM00064360,2017-06-29,NA,NA
CGM00064360,2017-06-30,NA,NA
CGM00064360,2017-08-01,NA,108
CGM00064360,2017-08-02,NA,NA
CGM00064360,2017-08-03,NA,NA
CGM00064360,2017-08-04,NA,NA
CGM00064360,2017-08-05,NA,124
CGM00064360,2017-08-06,NA,NA
CGM00064360,2017-08-07,NA,NA
CGM00064360,2017-08-08,NA,NA
CGM00064360,2017-08-09,NA,NA
CGM00064360,2017-08-10,NA,108
CGM00064360,2017-08-11,NA,110
CGM00064360,2017-08-12,NA,NA
CGM00064360,2017-08-13,NA,NA
CGM00064360,2017-08-14,NA,NA
CGM00064360,2017-08-15,NA,NA
CGM00064360,2017-08-16,NA,NA
CGM00064360,2017-08-17,NA,NA
CGM00064360,2017-08-18,NA,NA
CGM00064360,2017-08-19,NA,NA
CGM00064360,2017-08-20,NA,NA
CGM00064360,2017-08-21,NA,NA
CGM00064360,2017-08-22,NA,115
CGM00064360,2017-08-23,NA,NA
CGM00064360,2017-08-24,NA,NA
CGM00064360,2017-08-25,NA,NA
CGM00064360,2017-08-26,NA,NA
CGM00064360,2017-08-27,NA,NA
CGM00064360,2017-08-28,NA,NA
CGM00064360,2017-08-29,NA,NA
CGM00064360,2017-08-30,NA,NA
CGM00064360,2017-08-31,NA,NA
CGM00064360,2017-10-01,NA,NA
CGM00064360,2017-10-02,NA,NA
CGM00064360,2017-10-03,NA,170
CGM00064360,2017-10-04,NA,177
CGM00064360,2017-10-05,NA,NA
CGM00064360,2017-10-06,NA,NA
CGM00064360,2017-10-07,NA,NA
CGM00064360,2017-10-08,NA,NA
CGM00064360,2017-10-09,NA,NA
CGM00064360,2017-10-10,NA,NA
CGM00064360,2017-10-11,NA,NA
CGM00064360,2017-10-12,NA,NA
CGM00064360,2017-10-13,NA,NA
CGM00064360,2017-10-14,NA,NA
CGM00064360,2017-10-15,NA,NA
CGM00064360,2017-10-16,NA,166
CGM00064360,2017-10-17,NA,NA
CGM00064360,2017-10-18,NA,172
CGM00064360,2017-10-19,NA,NA
CGM00064360,2017-10-20,NA,NA
CGM00064360,2017-10-21,NA,NA
CGM00064360,2017-10-22,NA,NA
CGM00064360,2017-10-23,NA,174
CGM00064360,2017-10-24,NA,NA
CGM00064360,2017-10-25,NA,NA
CGM00064360,2017-10-26,NA,NA
CGM00064360,2017-10-27,NA,NA
CGM00064360,2017-10-28,NA,NA
CGM00064360,2017-10-29,NA,NA
CGM00064360,2017-10-30,NA,NA
CGM00064360,2017-10-31,NA,NA
CGM00064360,2017-11-01,NA,NA
CGM00064360,2017-11-02,NA,NA
CGM00064360,2017-11-03,NA,NA
CGM00064360,2017-11-04,NA,NA
CGM00064360,2017-11-05,NA,NA
CGM00064360,2017-11-06,NA,NA
CGM00064360,2017-11-07,NA,NA
CGM00064360,2017-11-08,NA,NA
CGM00064360,2017-11-09,NA,NA
CGM00064360,2017-11-10,NA,NA
CGM00064360,2017-11-11,NA,NA
CGM00064360,2017-11-12,NA,NA
CGM00064360,2017-11-13,NA,NA
CGM00064360,2017-11-14,NA,NA
CGM00064360,2017-11-15,NA,NA
CGM00064360,2017-11-16,NA,NA
CGM00064360,2017-11-17,381,150
CGM00064360,2017-11-18,0,NA
CGM00064360,2017-11-19,NA,NA
CGM00064360,2017-11-20,NA,NA
CGM00064360,2017-11-21,NA,NA
CGM00064360,2017-11-22,NA,NA
CGM00064360,2017-11-23,NA,NA
CGM00064360,2017-11-24,NA,NA
CGM00064360,2017-11-25,NA,NA
CGM00064360,2017-11-26,NA,NA
CGM00064360,2017-11-27,NA,NA
CGM00064360,2017-11-28,NA,NA
CGM00064360,2017-11-29,NA,NA
CGM00064360,2017-11-30,10,NA
CGM00064360,2017-12-01,NA,NA
CGM00064360,2017-12-02,NA,NA
CGM00064360,2017-12-03,NA,NA
CGM00064360,2017-12-04,NA,NA
CGM00064360,2017-12-05,NA,NA
CGM00064360,2017-12-06,NA,NA
CGM00064360,2017-12-07,NA,NA
CGM00064360,2017-12-08,NA,NA
CGM00064360,2017-12-09,NA,NA
CGM00064360,2017-12-10,NA,NA
CGM00064360,2017-12-11,711,NA
CGM00064360,2017-12-12,NA,NA
CGM00064360,2017-12-13,NA,NA
CGM00064360,2017-12-14,NA,NA
CGM00064360,2017-12-15,NA,NA
CGM00064360,2017-12-16,NA,NA
CGM00064360,2017-12-17,NA,NA
CGM00064360,2017-12-18,NA,NA
CGM00064360,2017-12-19,NA,NA
CGM00064360,2017-12-20,NA,NA
CGM00064360,2017-12-21,NA,NA
CGM00064360,2017-12-22,NA,NA
CGM00064360,2017-12-23,NA,NA
CGM00064360,2017-12-24,NA,NA
CGM00064360,2017-12-25,NA,NA
CGM00064360,2017-12-26,NA,NA
CGM00064360,2017-12-27,NA,NA
CGM00064360,2017-12-28,NA,NA
CGM00064360,2017-12-29,NA,NA
CGM00064360,2017-12-30,NA,NA
CGM00064360,2017-12-31,NA,NA
CGM00064360,2018-03-01,10,165
CGM00064360,2018-03-02,NA,NA
CGM00064360,2018-03-03,NA,NA
CGM00064360,2018-03-04,NA,NA
CGM00064360,2018-03-05,NA,NA
CGM00064360,2018-03-06,NA,NA
CGM00064360,2018-03-07,NA,NA
CGM00064360,2018-03-08,NA,NA
CGM00064360,2018-03-09,NA,NA
CGM00064360,2018-03-10,NA,NA
CGM00064360,2018-03-11,NA,NA
CGM00064360,2018-03-12,NA,NA
CGM00064360,2018-03-13,NA,NA
CGM00064360,2018-03-14,NA,NA
CGM00064360,2018-03-15,NA,NA
CGM00064360,2018-03-16,NA,NA
CGM00064360,2018-03-17,NA,NA
CGM00064360,2018-03-18,NA,NA
CGM00064360,2018-03-19,NA,NA
CGM00064360,2018-03-20,NA,NA
CGM00064360,2018-03-21,NA,NA
CGM00064360,2018-03-22,NA,NA
CGM00064360,2018-03-23,NA,NA
CGM00064360,2018-03-24,NA,NA
CGM00064360,2018-03-25,NA,NA
CGM00064360,2018-03-26,NA,NA
CGM00064360,2018-03-27,NA,NA
CGM00064360,2018-03-28,NA,NA
CGM00064360,2018-03-29,NA,NA
CGM00064360,2018-03-30,NA,NA
CGM00064360,2018-03-31,NA,NA
CGM00064360,2018-09-01,NA,NA
CGM00064360,2018-09-02,NA,NA
CGM00064360,2018-09-03,NA,NA
CGM00064360,2018-09-04,NA,NA
CGM00064360,2018-09-05,NA,NA
CGM00064360,2018-09-06,NA,NA
CGM00064360,2018-09-07,NA,NA
CGM00064360,2018-09-08,NA,NA
CGM00064360,2018-09-09,NA,NA
CGM00064360,2018-09-10,NA,NA
CGM00064360,2018-09-11,51,176
CGM00064360,2018-09-12,NA,NA
CGM00064360,2018-09-13,NA,NA
CGM00064360,2018-09-14,NA,NA
CGM00064360,2018-09-15,NA,169
CGM00064360,2018-09-16,NA,NA
CGM00064360,2018-09-17,NA,NA
CGM00064360,2018-09-18,NA,NA
CGM00064360,2018-09-19,NA,NA
CGM00064360,2018-09-20,NA,NA
CGM00064360,2018-09-21,NA,NA
CGM00064360,2018-09-22,NA,NA
CGM00064360,2018-09-23,NA,NA
CGM00064360,2018-09-24,NA,NA
CGM00064360,2018-09-25,NA,NA
CGM00064360,2018-09-26,NA,NA
CGM00064360,2018-09-27,NA,195
CGM00064360,2018-09-28,NA,NA
CGM00064360,2018-09-29,NA,NA
CGM00064360,2018-09-30,NA,183
CGM00064360,2018-10-01,NA,NA
CGM00064360,2018-10-02,NA,NA
CGM00064360,2018-10-03,NA,NA
CGM00064360,2018-10-04,NA,NA
CGM00064360,2018-10-05,NA,NA
CGM00064360,2018-10-06,NA,NA
CGM00064360,2018-10-07,NA,175
CGM00064360,2018-10-08,NA,NA
CGM00064360,2018-10-09,NA,NA
CGM00064360,2018-10-10,NA,181
CGM00064360,2018-10-11,NA,195
CGM00064360,2018-10-12,NA,NA
CGM00064360,2018-10-13,NA,NA
CGM00064360,2018-10-14,NA,NA
CGM00064360,2018-10-15,NA,NA
CGM00064360,2018-10-16,NA,185
CGM00064360,2018-10-17,NA,NA
CGM00064360,2018-10-18,NA,NA
CGM00064360,2018-10-19,NA,NA
CGM00064360,2018-10-20,NA,NA
CGM00064360,2018-10-21,NA,NA
CGM00064360,2018-10-22,NA,NA
CGM00064360,2018-10-23,NA,NA
CGM00064360,2018-10-24,NA,NA
CGM00064360,2018-10-25,NA,167
CGM00064360,2018-10-26,NA,NA
CGM00064360,2018-10-27,NA,NA
CGM00064360,2018-10-28,NA,NA
CGM00064360,2018-10-29,NA,NA
CGM00064360,2018-10-30,NA,185
CGM00064360,2018-10-31,NA,178
CGM00064360,2018-11-01,NA,190
CGM00064360,2018-11-02,NA,NA
CGM00064360,2018-11-03,NA,NA
CGM00064360,2018-11-04,NA,NA
CGM00064360,2018-11-05,NA,NA
CGM00064360,2018-11-06,NA,NA
CGM00064360,2018-11-07,NA,195
CGM00064360,2018-11-08,NA,NA
CGM00064360,2018-11-09,470,170
CGM00064360,2018-11-10,0,NA
CGM00064360,2018-11-11,NA,NA
CGM00064360,2018-11-12,NA,NA
CGM00064360,2018-11-13,NA,NA
CGM00064360,2018-11-14,NA,171
CGM00064360,2018-11-15,NA,NA
CGM00064360,2018-11-16,NA,NA
CGM00064360,2018-11-17,NA,NA
CGM00064360,2018-11-18,NA,NA
CGM00064360,2018-11-19,NA,NA
CGM00064360,2018-11-20,NA,NA
CGM00064360,2018-11-21,NA,NA
CGM00064360,2018-11-22,NA,NA
CGM00064360,2018-11-23,10,180
CGM00064360,2018-11-24,0,195
CGM00064360,2018-11-25,NA,NA
CGM00064360,2018-11-26,3,182
CGM00064360,2018-11-27,NA,NA
CGM00064360,2018-11-28,NA,NA
CGM00064360,2018-11-29,NA,NA
CGM00064360,2018-11-30,NA,NA
CGM00064360,2018-12-01,NA,NA
CGM00064360,2018-12-02,0,192
CGM00064360,2018-12-03,NA,NA
CGM00064360,2018-12-04,NA,NA
CGM00064360,2018-12-05,NA,NA
CGM00064360,2018-12-06,NA,NA
CGM00064360,2018-12-07,NA,NA
CGM00064360,2018-12-08,NA,195
CGM00064360,2018-12-09,NA,NA
CGM00064360,2018-12-10,NA,NA
CGM00064360,2018-12-11,290,170
CGM00064360,2018-12-12,NA,NA
CGM00064360,2018-12-13,NA,NA
CGM00064360,2018-12-14,NA,NA
CGM00064360,2018-12-15,NA,NA
CGM00064360,2018-12-16,NA,NA
CGM00064360,2018-12-17,NA,NA
CGM00064360,2018-12-18,NA,NA
CGM00064360,2018-12-19,NA,NA
CGM00064360,2018-12-20,NA,NA
CGM00064360,2018-12-21,NA,NA
CGM00064360,2018-12-22,NA,NA
CGM00064360,2018-12-23,NA,NA
CGM00064360,2018-12-24,NA,NA
CGM00064360,2018-12-25,NA,NA
CGM00064360,2018-12-26,NA,NA
CGM00064360,2018-12-27,NA,NA
CGM00064360,2018-12-28,NA,NA
CGM00064360,2018-12-29,NA,NA
CGM00064360,2018-12-30,41,NA
CGM00064360,2018-12-31,NA,NA
CGM00064360,2019-04-01,NA,NA
CGM00064360,2019-04-02,NA,NA
CGM00064360,2019-04-03,NA,NA
CGM00064360,2019-04-04,NA,175
CGM00064360,2019-04-05,NA,NA
CGM00064360,2019-04-06,NA,NA
CGM00064360,2019-04-07,NA,NA
CGM00064360,2019-04-08,NA,185
CGM00064360,2019-04-09,NA,NA
CGM00064360,2019-04-10,NA,NA
CGM00064360,2019-04-11,NA,NA
CGM00064360,2019-04-12,NA,NA
CGM00064360,2019-04-13,NA,NA
CGM00064360,2019-04-14,NA,NA
CGM00064360,2019-04-15,NA,NA
CGM00064360,2019-04-16,NA,NA
CGM00064360,2019-04-17,NA,NA
CGM00064360,2019-04-18,NA,NA
CGM00064360,2019-04-19,NA,NA
CGM00064360,2019-04-20,NA,NA
CGM00064360,2019-04-21,NA,NA
CGM00064360,2019-04-22,NA,NA
CGM00064360,2019-04-23,NA,NA
CGM00064360,2019-04-24,NA,NA
CGM00064360,2019-04-25,NA,NA
CGM00064360,2019-04-26,NA,NA
CGM00064360,2019-04-27,NA,NA
CGM00064360,2019-04-28,NA,NA
CGM00064360,2019-04-29,NA,NA
CGM00064360,2019-04-30,NA,NA
CGM00064360,2019-07-01,NA,NA
CGM00064360,2019-07-02,NA,NA
CGM00064360,2019-07-03,NA,NA
CGM00064360,2019-07-04,NA,NA
CGM00064360,2019-07-05,NA,NA
CGM00064360,2019-07-06,NA,NA
CGM00064360,2019-07-07,NA,NA
CGM00064360,2019-07-08,NA,NA
CGM00064360,2019-07-09,NA,NA
CGM00064360,2019-07-10,NA,NA
CGM00064360,2019-07-11,NA,NA
CGM00064360,2019-07-12,NA,NA
CGM00064360,2019-07-13,NA,NA
CGM00064360,2019-07-14,NA,NA
CGM00064360,2019-07-15,NA,NA
CGM00064360,2019-07-16,NA,NA
CGM00064360,2019-07-17,NA,100
CGM00064360,2019-07-18,NA,NA
CGM00064360,2019-07-19,NA,NA
CGM00064360,2019-07-20,NA,NA
CGM00064360,2019-07-21,NA,115
CGM00064360,2019-07-22,NA,97
CGM00064360,2019-07-23,NA,NA
CGM00064360,2019-07-24,NA,NA
CGM00064360,2019-07-25,NA,105
CGM00064360,2019-07-26,NA,NA
CGM00064360,2019-07-27,NA,NA
CGM00064360,2019-07-28,NA,NA
CGM00064360,2019-07-29,NA,120
CGM00064360,2019-07-30,NA,NA
CGM00064360,2019-07-31,NA,130
CGM00064360,2019-08-01,NA,NA
CGM00064360,2019-08-02,NA,NA
CGM00064360,2019-08-03,NA,NA
CGM00064360,2019-08-04,NA,NA
CGM00064360,2019-08-05,NA,NA
CGM00064360,2019-08-06,NA,NA
CGM00064360,2019-08-07,NA,NA
CGM00064360,2019-08-08,NA,NA
CGM00064360,2019-08-09,NA,NA
CGM00064360,2019-08-10,NA,NA
CGM00064360,2019-08-11,NA,NA
CGM00064360,2019-08-12,NA,NA
CGM00064360,2019-08-13,NA,NA
CGM00064360,2019-08-14,NA,NA
CGM00064360,2019-08-15,NA,NA
CGM00064360,2019-08-16,NA,NA
CGM00064360,2019-08-17,NA,122
CGM00064360,2019-08-18,NA,NA
CGM00064360,2019-08-19,NA,NA
CGM00064360,2019-08-20,NA,NA
CGM00064360,2019-08-21,NA,NA
CGM00064360,2019-08-22,NA,NA
CGM00064360,2019-08-23,NA,NA
CGM00064360,2019-08-24,NA,NA
CGM00064360,2019-08-25,NA,NA
CGM00064360,2019-08-26,NA,105
CGM00064360,2019-08-27,NA,NA
CGM00064360,2019-08-28,NA,160
CGM00064360,2019-08-29,NA,NA
CGM00064360,2019-08-30,NA,NA
CGM00064360,2019-08-31,NA,NA
CGM00064360,2019-09-01,NA,NA
CGM00064360,2019-09-02,NA,NA
CGM00064360,2019-09-03,NA,170
CGM00064360,2019-09-04,NA,NA
CGM00064360,2019-09-05,NA,NA
CGM00064360,2019-09-06,NA,NA
CGM00064360,2019-09-07,NA,NA
CGM00064360,2019-09-08,NA,130
CGM00064360,2019-09-09,NA,NA
CGM00064360,2019-09-10,NA,135
CGM00064360,2019-09-11,NA,NA
CGM00064360,2019-09-12,NA,NA
CGM00064360,2019-09-13,NA,NA
CGM00064360,2019-09-14,NA,NA
CGM00064360,2019-09-15,NA,NA
CGM00064360,2019-09-16,NA,NA
CGM00064360,2019-09-17,NA,NA
CGM00064360,2019-09-18,NA,NA
CGM00064360,2019-09-19,NA,NA
CGM00064360,2019-09-20,NA,160
CGM00064360,2019-09-21,NA,NA
CGM00064360,2019-09-22,NA,NA
CGM00064360,2019-09-23,NA,NA
CGM00064360,2019-09-24,NA,190
CGM00064360,2019-09-25,NA,NA
CGM00064360,2019-09-26,NA,NA
CGM00064360,2019-09-27,NA,NA
CGM00064360,2019-09-28,NA,NA
CGM00064360,2019-09-29,NA,NA
CGM00064360,2019-09-30,NA,NA
CGM00064360,2019-10-01,NA,NA
CGM00064360,2019-10-02,NA,NA
CGM00064360,2019-10-03,NA,NA
CGM00064360,2019-10-04,NA,NA
CGM00064360,2019-10-05,NA,NA
CGM00064360,2019-10-06,NA,NA
CGM00064360,2019-10-07,NA,NA
CGM00064360,2019-10-08,NA,NA
CGM00064360,2019-10-09,NA,NA
CGM00064360,2019-10-10,NA,NA
CGM00064360,2019-10-11,NA,NA
CGM00064360,2019-10-12,NA,NA
CGM00064360,2019-10-13,NA,NA
CGM00064360,2019-10-14,NA,NA
CGM00064360,2019-10-15,NA,NA
CGM00064360,2019-10-16,NA,NA
CGM00064360,2019-10-17,NA,NA
CGM00064360,2019-10-18,NA,NA
CGM00064360,2019-10-19,NA,NA
CGM00064360,2019-10-20,NA,180
CGM00064360,2019-10-21,NA,NA
CGM00064360,2019-10-22,NA,195
CGM00064360,2019-10-23,NA,NA
CGM00064360,2019-10-24,NA,205
CGM00064360,2019-10-25,NA,NA
CGM00064360,2019-10-26,NA,NA
CGM00064360,2019-10-27,NA,NA
CGM00064360,2019-10-28,NA,196
CGM00064360,2019-10-29,NA,210
CGM00064360,2019-10-30,NA,183
CGM00064360,2019-10-31,NA,NA
CGM00064360,2019-11-01,NA,NA
CGM00064360,2019-11-02,NA,NA
CGM00064360,2019-11-03,NA,NA
CGM00064360,2019-11-04,NA,200
CGM00064360,2019-11-05,NA,200
CGM00064360,2019-11-06,NA,NA
CGM00064360,2019-11-07,NA,NA
CGM00064360,2019-11-08,NA,NA
CGM00064360,2019-11-09,NA,NA
CGM00064360,2019-11-10,NA,NA
CGM00064360,2019-11-11,3,205
CGM00064360,2019-11-12,0,NA
CGM00064360,2019-11-13,NA,NA
CGM00064360,2019-11-14,NA,NA
CGM00064360,2019-11-15,NA,NA
CGM00064360,2019-11-16,NA,NA
CGM00064360,2019-11-17,NA,NA
CGM00064360,2019-11-18,NA,190
CGM00064360,2019-11-19,160,180
CGM00064360,2019-11-20,0,NA
CGM00064360,2019-11-21,NA,NA
CGM00064360,2019-11-22,NA,190
CGM00064360,2019-11-23,NA,NA
CGM00064360,2019-11-24,NA,NA
CGM00064360,2019-11-25,NA,NA
CGM00064360,2019-11-26,NA,NA
CGM00064360,2019-11-27,NA,NA
CGM00064360,2019-11-28,NA,NA
CGM00064360,2019-11-29,NA,NA
CGM00064360,2019-11-30,NA,NA
CGM00064360,2019-12-01,160,190
CGM00064360,2019-12-02,61,180
CGM00064360,2019-12-03,0,NA
CGM00064360,2019-12-04,NA,NA
CGM00064360,2019-12-05,5,NA
CGM00064360,2019-12-06,NA,NA
CGM00064360,2019-12-07,NA,NA
CGM00064360,2019-12-08,NA,NA
CGM00064360,2019-12-09,NA,NA
CGM00064360,2019-12-10,191,180
CGM00064360,2019-12-11,0,NA
CGM00064360,2019-12-12,10,190
CGM00064360,2019-12-13,NA,NA
CGM00064360,2019-12-14,NA,NA
CGM00064360,2019-12-15,NA,NA
CGM00064360,2019-12-16,10,178
CGM00064360,2019-12-17,0,195
CGM00064360,2019-12-18,NA,NA
CGM00064360,2019-12-19,NA,180
CGM00064360,2019-12-20,NA,NA
CGM00064360,2019-12-21,NA,NA
CGM00064360,2019-12-22,NA,NA
CGM00064360,2019-12-23,41,182
CGM00064360,2019-12-24,NA,NA
CGM00064360,2019-12-25,NA,NA
CGM00064360,2019-12-26,NA,NA
CGM00064360,2019-12-27,NA,NA
CGM00064360,2019-12-28,NA,NA
CGM00064360,2019-12-29,NA,NA
CGM00064360,2019-12-30,NA,NA
CGM00064360,2019-12-31,NA,NA
