cityId,searchRadius,beach_Index
659,10000,46
757530,5000,2
638,5000,19
644,10000,0
262,15000,9
345009,5000,3
35,5000,26
900,15000,69
134,5000,0
140,5000,0
364,5000,0
504,5000,0
779,5000,0
116,5000,0
216,15000,0
953,5000,0
810,5000,0
803,5000,0
437,5000,0
756,5000,0
428,5000,0
686,5000,0
491,5000,5
709,5000,0
25,5000,2
839,5000,0
238,5000,2
392,5000,0
30,5000,0
188,15000,0
132180,5000,0
1845,10000,3
1982,5000,8
997,5000,0
1662,5000,0
1732,5000,0
1724,10000,0
1172,5000,2
1040,15000,18
1151,5000,0
132023,5000,0
1862,5000,0
1981,5000,0
1618,5000,0
1446,5000,2
1156,5000,0
1501,5000,0
1607,5000,0
2545,5000,0
1783,5000,5
1610,5000,1
1892,5000,0
1960,15000,5
1680,5000,4
1170,5000,8
1932,5000,12
1474,15000,0
132626,5000,0
132523,5000,0
132534,5000,0
132500,5000,0
132484,5000,0
132482,5000,0
132389,5000,0
1767,5000,0
1908,5000,0
1515,5000,0
1022,5000,10
1531,5000,0
1491876,5000,0
1119,5000,0
1964,5000,0
1244,10000,0
1451,5000,0
1552,5000,0
1073,5000,0
1718,5000,0
1466,10000,42
1144,10000,0
1619,5000,0
1598,5000,0
1963,5000,2
1400,5000,4
132315,10000,0
132320,5000,0
132651,5000,0
132330,5000,0
132294,5000,0
132283,5000,0
132679,5000,0
132290,5000,0
132275,10000,0
132690,5000,0
132674,5000,0
132267,5000,0
132245,15000,0
132263,10000,0
132260,5000,0
132236,10000,0
132681,5000,0
132258,10000,0
132254,5000,0
132238,5000,0
132461,5000,0
132221,10000,5
132200,5000,6
132208,5000,0
132669,5000,0
132375,5000,0
132195,5000,0
132188,5000,7
132191,5000,0
132183,5000,0
1187,5000,0
1444,5000,5
1488,5000,1
1549,5000,0
1236,5000,0
1494,15000,45
1308,5000,0
1910,10000,0
2200,5000,5
1793,5000,3
1642,5000,4
1866,5000,0
1048,5000,0
1159,5000,0
1197476,5000,0
1108,10000,0
1878,5000,2
1787,5000,0
1409,5000,0
1887,5000,10
1066,5000,0
1500,5000,0
1398,5000,0
1052,5000,0
2502,5000,2
1743,5000,2
4140,5000,9
4770,5000,0
3100,5000,7
3750,5000,0
132781,5000,1
3158,5000,0
132768,5000,0
3676,5000,5
1996,5000,0
132737,5000,0
2534,15000,16
4299,15000,22
5657,5000,0
5499,15000,4
133157,5000,1
5042,5000,0
4282,5000,10
5893,5000,7
5493,10000,18
5345,5000,4
133205,5000,0
4034,5000,0
5000,5000,0
4970,15000,30
4383,5000,24
132856,5000,0
4835,15000,51
132927,5000,10
4935,15000,149
133094,5000,0
4226,5000,9
5276,5000,5
6801,15000,9
6504,5000,0
133381,5000,0
6136,5000,2
133384,5000,0
6777,5000,0
6588,5000,5
6602,5000,0
6619,5000,0
133416,5000,0
6389,5000,2
6264,10000,0
6680,5000,2
6694,5000,3
6085,5000,17
133464,5000,0
6599,5000,0
6737,5000,0
133512,5000,0
133510,15000,0
133523,15000,1
133471,5000,0
133491,5000,0
6903,5000,0
133468,15000,0
133499,5000,2
6132,5000,0
133522,5000,0
6946,5000,0
133504,5000,0
6090,5000,0
133517,5000,0
133486,15000,0
133463,5000,0
133470,5000,0
133494,5000,0
6790,5000,0
133501,5000,0
6103,5000,0
6776,5000,0
133500,5000,0
6282,5000,0
6836,5000,0
6752,5000,0
133465,10000,1
133505,5000,0
6846,10000,1
6190,5000,0
133487,5000,0
133492,5000,0
6827,5000,0
6199,5000,0
133524,5000,0
6095,5000,0
133472,5000,0
6693,5000,0
133466,5000,0
6606,5000,0
6133,5000,0
7296,5000,0
7584,10000,1
6971,5000,0
7918,15000,0
7213,5000,0
7479,5000,3
6766,5000,0
6407,5000,0
6470,5000,0
7932,5000,0
7153,15000,0
7148,5000,8
6989,5000,0
7915,5000,0
7466,5000,4
7448,15000,0
7088,5000,0
6959,10000,31
7322,5000,0
7342,5000,3
6972,10000,2
7484,10000,7
7690,5000,0
7686,10000,0
7555,10000,0
7039,5000,0
7538,5000,0
7726,5000,0
7698,5000,0
7558,5000,0
7032,15000,1
7666,5000,0
7066,5000,0
7476,5000,0
8893,5000,0
134362,5000,0
9794,5000,0
8151,5000,2
138592,5000,0
134357,5000,0
135033,10000,0
9388,5000,56
9034,5000,0
9377,10000,0
137645,5000,0
136088,10000,0
9393,5000,0
134985,5000,0
134283,5000,0
9857,5000,0
9537,5000,0
9050,5000,1
9485,5000,1
9761,5000,0
9480,5000,0
137931,5000,0
9906,5000,0
9899,5000,0
138392,5000,0
134397,5000,0
8466,5000,0
9773,5000,0
9913,5000,4
136663,5000,0
134658,5000,0
8965,5000,0
9459,5000,0
9920,5000,0
9685,5000,0
9311,5000,0
8971,5000,0
9205,5000,0
9672,15000,0
8542,15000,0
134992,5000,0
9396,5000,0
9173,5000,0
9499,5000,0
9043,5000,4
9346,5000,0
134273,5000,0
9011,5000,0
9784,15000,2
9909,5000,0
8228,5000,0
8996,5000,13
136165,5000,0
9438,5000,0
9472,5000,0
135709,5000,0
9513,5000,0
138424,5000,0
134510,5000,0
8321,5000,0
9717,15000,0
9783,10000,0
9610,5000,0
9088,5000,0
9083,5000,0
9775,5000,8
137536,5000,0
136573,5000,0
135412,5000,0
9710,5000,0
134267,5000,0
9916,5000,0
8765,5000,0
8660,5000,0
9113,5000,2
9461,5000,0
8840,5000,0
9126,5000,0
137839,5000,0
9153,5000,0
9597,10000,0
9825,5000,0
9748,5000,0
9241,5000,0
134265,5000,0
8983,5000,0
9865,5000,0
138574,10000,0
9706,15000,2
9418,5000,0
9680,5000,0
9312,5000,0
9709,10000,4
9124,5000,0
1192625,5000,0
9313,5000,0
9749,10000,0
137637,5000,0
9096,5000,20
9864,5000,1
8878,15000,38
9496,5000,1
9111,5000,0
138065,5000,0
138080,5000,0
7993,5000,0
9290,15000,0
9413,5000,0
9614,5000,0
9033,5000,38
9521,5000,0
9467,5000,0
9267,5000,20
9334,15000,0
9868,5000,2
9852,5000,0
9381,5000,0
8494,5000,0
9207,5000,14
8819,5000,2
9016,5000,0
9618,5000,0
9249,5000,0
9320,5000,0
9199,5000,0
9532,5000,0
9038,5000,14
9707,5000,0
9543,5000,0
9744,5000,0
8720,5000,0
137904,5000,0
9507,5000,1
9352,5000,0
8464,10000,6
136194,10000,6
9641,5000,0
138339,5000,0
9879,5000,0
9379,5000,0
9856,5000,0
9645,5000,0
134718,5000,0
9402,10000,0
8823,10000,15
136167,5000,0
8602,5000,3
9125,5000,0
9136,5000,0
9300,5000,0
9814,5000,6
9085,5000,0
9177,5000,0
9071,10000,0
9065,5000,0
8869,5000,0
9604,5000,16
8242,15000,36
137109,5000,0
135159,15000,11
8912,5000,0
8256,5000,0
134225,5000,0
137276,5000,0
9039,5000,0
135130,5000,0
9465,5000,0
137505,5000,0
135395,5000,0
8153,5000,0
138059,5000,0
137103,5000,0
8595,5000,0
8879,5000,0
135514,10000,60
137823,5000,0
138066,5000,33
8677,5000,0
8489,5000,0
8140,15000,2
8258,5000,0
8362,5000,24
8638,10000,0
8078,5000,0
8485,5000,2
9557,5000,5
8374,5000,0
134497,5000,0
8402,5000,0
135633,5000,0
134419,5000,0
8585,5000,0
8384,5000,0
8322,5000,0
8375,5000,0
8872,5000,0
139581,5000,0
134935,5000,0
8904,5000,0
7734,5000,0
137809,5000,0
8139,5000,0
9463,5000,0
139646,5000,0
9882,5000,0
8241,5000,0
8846,15000,18
8054,5000,7
135205,5000,0
8666,5000,0
138338,5000,0
137163,5000,0
7969,5000,24
8452,5000,0
8427,5000,0
7823,15000,34
8398,5000,0
137964,5000,0
8173,10000,1
8780,5000,0
9217,5000,0
8476,5000,0
134302,5000,0
139726,5000,0
8219,5000,22
137508,15000,29
8876,5000,0
136709,5000,0
8640,5000,0
8353,15000,100
8936,5000,0
8514,5000,0
8111,5000,0
8772,5000,0
134766,5000,0
8483,5000,0
7401,5000,0
138067,10000,3
8516,5000,0
1576201,5000,30
8395,5000,0
139092,5000,0
137401,5000,0
8032,5000,0
8946,5000,0
9116,5000,0
134194,5000,0
8458,10000,0
8433,5000,0
7984,5000,0
8271,10000,0
138123,5000,0
8407,5000,0
134298,5000,0
8627,15000,90
8791,5000,0
7215,5000,0
7943,5000,0
8552,10000,0
8928,5000,0
8599,5000,0
8130,5000,0
7776,5000,0
7074,15000,12
8668,15000,0
134297,5000,0
8849,5000,0
8663,5000,0
8122,5000,0
136865,5000,0
134818,10000,0
137885,5000,0
137110,5000,0
135047,5000,0
8363,5000,8
8316,5000,1
138493,5000,0
136800,5000,0
137326,10000,0
8183,5000,0
8796,5000,0
138992,5000,0
8339,5000,0
139705,5000,0
8359,5000,0
8855,5000,0
8828,5000,61
8594,5000,13
136969,5000,0
7699,5000,0
8170,5000,0
8881,5000,0
139301,5000,0
8559,5000,0
138932,5000,0
9279,5000,19
9304,5000,0
9151,5000,0
10280,5000,4
10125,5000,1
10163,5000,5
10710,5000,4
139897,5000,0
10018,10000,29
139933,5000,1
10812,5000,3
139851,5000,0
139869,5000,2
9953,5000,1
10311,5000,0
139867,5000,0
10608,5000,9
9989,15000,11
10906,5000,2
10860,5000,2
10062,5000,4
9988,5000,4
139824,5000,0
139820,5000,1
9354,5000,4
139809,5000,1
10740,5000,0
10372,5000,0
10733,5000,8
10813,10000,0
10485,5000,0
10806,5000,0
10509,15000,0
10765,5000,0
139987,5000,1
10153,5000,2
10714,5000,8
10552,5000,1
140019,10000,0
11817,5000,3
10232,10000,0
10528,5000,0
10109,5000,2
10180,5000,5
10043,5000,0
10364,5000,10
140036,5000,0
10660,10000,9
1198477,5000,0
10512,5000,11
10683,5000,0
10920,5000,0
11227,5000,1
10050,5000,1
10904,5000,0
10413,5000,7
9941,5000,1
10679,5000,1
10923,5000,0
10869,10000,0
9951,5000,2
140079,15000,7
10641,5000,0
9999,10000,0
10665,5000,0
10980,5000,0
10439,5000,0
10520,10000,10
140117,15000,1
10184,10000,4
10575,5000,0
10422,5000,0
140189,10000,0
9997,5000,0
10270,5000,1
10715,5000,0
10409,5000,1
11325,10000,1
10154,5000,2
10253,5000,0
10290,5000,2
140175,5000,0
10931,10000,2
11521,5000,0
10374,5000,0
10382,5000,2
10908,15000,40
10124,5000,3
10841,10000,35
10655,5000,0
10230,5000,2
10515,10000,0
10132,5000,0
10141,10000,0
140202,15000,0
11919,5000,0
11177,5000,0
11171,5000,0
11296,5000,0
11753,5000,0
11061,5000,0
11845,5000,1
11168,5000,0
11792,5000,0
11906,5000,6
11840,15000,0
11490,5000,0
11756,5000,0
11395,15000,0
11555,10000,0
11607,5000,0
11090,5000,0
11561,15000,0
11713,5000,0
11596,5000,0
11923,5000,0
11861,5000,0
11106,5000,2
11051,10000,3
11182,5000,0
11080,15000,0
11826,5000,0
11007,10000,3
12250,5000,2
12355,5000,2
11275,5000,25
10996,5000,2
11400,5000,0
11932,5000,7
12639,5000,0
12374,15000,17
12764,10000,0
12512,10000,0
12124,5000,0
12387,5000,0
12739,5000,0
12155,5000,0
11970,5000,0
12067,5000,15
12327,5000,21
12871,5000,0
12598,5000,0
12778,5000,0
12774,5000,0
12262,5000,0
12049,5000,6
12201,5000,3
12583,5000,0
12464,5000,11
12054,5000,0
12309,5000,6
12574,5000,0
12013,5000,0
12465,5000,0
12821,5000,0
12719,5000,0
12515,10000,0
12329,5000,0
12562,5000,6
12292,5000,0
12136,5000,0
12351,5000,0
12508,15000,0
12808,5000,0
12924,5000,2
12442,5000,0
12414,5000,0
12281,5000,10
12836,5000,0
12842,5000,15
12129,5000,0
12328,5000,0
12024,5000,0
12275,5000,0
12684,15000,13
12843,5000,0
12607,5000,0
12411,5000,0
12131,5000,0
11941,5000,0
12784,5000,0
12032,5000,0
12413,5000,0
12207,5000,0
12635,5000,0
12543,15000,0
15167,10000,0
13382,10000,0
13742,5000,0
15292,5000,0
13332,5000,0
15332,15000,0
14991,15000,0
141290,15000,0
15316,10000,0
15542,15000,0
15148,15000,0
13735,10000,0
141289,10000,0
13445,5000,0
15162,5000,0
141280,15000,0
15009,5000,0
14259,15000,0
15875,5000,0
14384,15000,0
141282,15000,0
15659,5000,0
15066,15000,0
14257,5000,0
15572,15000,0
141336,15000,0
141340,15000,0
15905,5000,0
14873,15000,14
14416,15000,2
15386,5000,0
15399,5000,0
14086,15000,0
15896,15000,0
14442,15000,0
14551,15000,0
14752,10000,0
13952,15000,0
14862,5000,0
14400,15000,0
141277,15000,0
15826,15000,0
13586,15000,0
14017,15000,0
141271,15000,0
15843,15000,0
14076,15000,0
14564,15000,6
14239,10000,0
14572,10000,0
14617,15000,0
15104,15000,0
141334,15000,0
14340,15000,0
14489,10000,0
14747,5000,0
14871,5000,0
15405,10000,0
13136,15000,0
13618,10000,0
13541,5000,0
14209,15000,0
15544,15000,0
14856,15000,0
141342,15000,0
14339,15000,0
15555,5000,0
14251,5000,0
141266,15000,0
15798,15000,8
14403,5000,0
14775,10000,0
13946,15000,6
15259,15000,0
14838,5000,0
15368,5000,0
14460,5000,0
15893,10000,0
15723,15000,0
141327,15000,0
14365,15000,0
15548,5000,0
13333,5000,0
14072,5000,0
14863,15000,0
14680,15000,0
141258,15000,0
14486,15000,0
14750,10000,0
14037,15000,0
14295,15000,1
15527,5000,0
14634,5000,0
14030,10000,0
13916,5000,0
15240,5000,0
14193,5000,0
14106,5000,0
14128,10000,0
14271,15000,0
141253,15000,0
141351,10000,0
14771,5000,0
13057,10000,0
15603,10000,0
14890,15000,0
15404,5000,0
13853,5000,0
15411,15000,0
15604,15000,0
14079,15000,0
141256,15000,0
15681,10000,0
14971,5000,0
14714,15000,2
15522,10000,0
14476,15000,0
141251,15000,0
14601,10000,0
14306,10000,0
14015,10000,0
14124,15000,0
14754,5000,0
15521,5000,0
13483,5000,0
15914,15000,0
15874,5000,0
14653,10000,0
14675,15000,0
14664,15000,1
141250,15000,0
14695,15000,0
14736,15000,0
14401,15000,0
14751,15000,0
141238,15000,0
13296,10000,0
14424,15000,0
14765,10000,0
15864,15000,0
13971,15000,2
14522,5000,0
15919,5000,0
15103,10000,0
14316,5000,0
13980,15000,0
14534,15000,0
13979,15000,0
15197,15000,3
14216,15000,0
141236,15000,0
14802,15000,1
141231,15000,0
14984,15000,0
15129,15000,10
15420,5000,0
14008,15000,0
14110,15000,0
14678,5000,0
13677,15000,0
14636,15000,0
15478,15000,0
14407,5000,0
12937,5000,0
15343,5000,0
13264,15000,0
14471,15000,0
14196,15000,0
14138,15000,0
141223,15000,0
14580,5000,0
15816,15000,0
12997,15000,0
141218,15000,0
14763,15000,0
14724,5000,0
14745,5000,0
14506,15000,0
14265,15000,0
14244,5000,0
14397,10000,0
14741,15000,0
15464,15000,5
141318,15000,0
141313,15000,0
15934,5000,0
14738,15000,0
14980,15000,0
14166,15000,0
14778,15000,0
14304,15000,0
15437,10000,0
14717,5000,0
14379,10000,0
14906,10000,0
14722,15000,0
13939,15000,0
13859,5000,0
14586,5000,0
14623,10000,0
14779,5000,0
13107,15000,0
15348,15000,0
14817,15000,0
14682,5000,0
14552,15000,0
14231,15000,0
141208,15000,0
13796,10000,0
14842,10000,0
14727,5000,0
14799,15000,0
141211,15000,0
14523,15000,0
14133,15000,0
14628,15000,0
13059,15000,0
141209,15000,0
15491,15000,0
15383,5000,0
14918,15000,0
15080,5000,0
13805,10000,0
15768,15000,0
14700,10000,0
14359,15000,0
15053,5000,0
13970,15000,0
14612,10000,0
14746,5000,0
15290,10000,0
14439,5000,0
13110,5000,0
13716,10000,0
13174,10000,0
14463,10000,0
14242,15000,0
13933,15000,0
13632,5000,0
14277,15000,0
13163,10000,0
14493,5000,0
14025,10000,0
14225,15000,0
141199,15000,0
14691,10000,0
14730,15000,0
14170,5000,0
14815,5000,0
14293,5000,0
14362,5000,0
14891,5000,0
13585,10000,0
14718,5000,0
14731,5000,0
14172,15000,0
141201,15000,0
14283,5000,0
14490,15000,1
15834,15000,0
14995,5000,0
14226,10000,0
14737,10000,0
14074,15000,0
141190,15000,0
14482,5000,0
13972,10000,0
14759,5000,0
15775,5000,0
13995,10000,0
13973,5000,0
13947,5000,0
14241,15000,4
14548,15000,0
15902,15000,0
141192,15000,0
15717,5000,0
14618,10000,0
15552,5000,0
141180,15000,0
14874,15000,0
14360,5000,0
14141,10000,0
14078,10000,0
14503,10000,0
14598,15000,4
141179,15000,0
14661,15000,0
14411,5000,0
14835,15000,0
14024,15000,0
141183,15000,0
13994,5000,0
14688,10000,0
14505,5000,0
15807,5000,0
14093,15000,0
141357,15000,0
14662,15000,0
14659,15000,0
15194,5000,0
15106,5000,0
13830,15000,0
15157,5000,0
15192,15000,0
14307,10000,0
13050,5000,0
14836,15000,0
13965,15000,0
14321,5000,0
14481,15000,0
14262,15000,0
14868,15000,0
14347,15000,2
14508,15000,0
15438,5000,0
13945,15000,0
14585,15000,0
15327,5000,0
141029,5000,0
15660,15000,0
141213,15000,0
141305,15000,0
15602,10000,0
15021,15000,0
14343,15000,0
14447,15000,0
14057,15000,0
14632,5000,0
13348,15000,0
13807,15000,0
141272,15000,0
14819,15000,0
13220,5000,0
13181,15000,0
13461,15000,0
13500,10000,0
141028,10000,0
13695,5000,0
14671,5000,0
13761,15000,0
13385,15000,14
14125,10000,0
14253,10000,0
141153,15000,0
13097,15000,1
13643,10000,0
13894,15000,1
13072,15000,0
14351,5000,0
15475,15000,0
13006,15000,0
13022,10000,0
13543,15000,0
13929,15000,0
13753,10000,0
13579,5000,0
13538,15000,0
13951,10000,0
12955,5000,0
13036,15000,0
13661,5000,6
12972,5000,0
13367,15000,0
13679,15000,0
13253,15000,0
15313,5000,0
15045,10000,0
15060,15000,2
13740,15000,2
13583,5000,0
13697,10000,0
13041,5000,0
13791,5000,0
12995,5000,0
13398,5000,0
14334,15000,0
15837,15000,0
141130,15000,8
13902,5000,0
13518,15000,0
141131,15000,0
13699,5000,0
13366,15000,0
13269,10000,0
13899,15000,0
14742,5000,0
15584,15000,0
15424,10000,0
12962,15000,0
15640,15000,0
14240,10000,0
15294,5000,0
15101,15000,0
13683,15000,0
13404,15000,0
13823,10000,0
13010,15000,0
15474,15000,1
141125,15000,0
13158,5000,0
13441,10000,0
15136,10000,0
13801,10000,0
13722,15000,0
13393,15000,0
13887,15000,0
15821,15000,0
12947,15000,2
13754,5000,0
12964,15000,0
141119,15000,0
13789,15000,0
13530,15000,0
15470,5000,0
15922,15000,0
141298,15000,0
13040,5000,0
15248,10000,0
15815,15000,0
13208,15000,0
141117,15000,0
13440,15000,0
15277,5000,0
13285,10000,0
141047,10000,0
15519,5000,0
141046,15000,0
13270,15000,0
13803,10000,0
13700,15000,0
13336,15000,12
13857,15000,0
13427,5000,0
14899,5000,0
15444,5000,0
13638,15000,0
14466,10000,0
13649,15000,0
13004,15000,0
13930,10000,0
14338,15000,0
13653,15000,3
13321,10000,0
13093,15000,0
13808,15000,0
13265,15000,17
13819,15000,0
13539,15000,0
13856,15000,0
141095,15000,0
13080,5000,0
13510,15000,0
13258,15000,0
13160,5000,0
13444,10000,0
15744,5000,0
12978,5000,0
15469,10000,3
13560,15000,0
15363,10000,0
13084,10000,0
13395,10000,1
13684,15000,0
13784,10000,0
15786,10000,0
13216,15000,0
14195,5000,0
13786,15000,0
14325,10000,0
13635,15000,0
14501,10000,0
13614,15000,0
13457,15000,0
12990,5000,0
14472,15000,0
13029,10000,0
13168,15000,0
13694,5000,0
13352,15000,0
15489,5000,0
13478,5000,0
13509,15000,0
14797,10000,0
14394,15000,0
12957,15000,0
13109,15000,0
14994,10000,0
13598,15000,0
14858,10000,0
13687,15000,2
13353,10000,2
13832,15000,0
13223,15000,0
13416,10000,0
13210,10000,0
13631,15000,0
14968,15000,0
13148,5000,0
13015,15000,0
13397,10000,0
13654,15000,0
141294,15000,0
14573,15000,0
141363,15000,0
13229,5000,0
13561,10000,0
13517,15000,0
15730,15000,0
13028,15000,0
13717,15000,0
13211,15000,0
13183,15000,0
15198,15000,0
15116,15000,0
141018,5000,0
14105,15000,0
13257,15000,0
13845,5000,0
13897,15000,0
13242,15000,0
12942,10000,0
14985,5000,0
13241,15000,0
14459,15000,0
15637,15000,0
141295,15000,0
15377,5000,0
13506,15000,0
141068,15000,0
13370,15000,0
13576,10000,1
15043,10000,0
13827,15000,0
13032,15000,1
13167,10000,0
12980,15000,0
13606,15000,0
13553,10000,0
12938,10000,0
15911,15000,0
141054,15000,0
13251,15000,0
13419,15000,0
13580,15000,0
15318,10000,0
13668,10000,0
13592,10000,0
13820,15000,18
13120,5000,0
12989,15000,0
141059,15000,0
13184,15000,0
141058,15000,0
13482,15000,0
13792,15000,0
13642,10000,0
13062,15000,0
15440,10000,0
13772,15000,0
13508,15000,0
16027,5000,0
16176,5000,2
142182,5000,0
16678,5000,0
16757,15000,1
142143,5000,0
15938,15000,1
16532,10000,0
16606,5000,0
142074,15000,0
16524,15000,49
16314,5000,0
142015,5000,0
16835,10000,8
16045,5000,0
16785,5000,0
16380,5000,1
16506,5000,0
141959,5000,0
141945,5000,0
16068,5000,0
16270,5000,2
16238,5000,0
16025,5000,0
16745,5000,0
16210,5000,0
141860,5000,1
16273,5000,1
16653,5000,0
16005,5000,0
16285,5000,0
16721,5000,0
15975,15000,1
16558,5000,0
141737,5000,0
141696,5000,0
141705,5000,0
141698,5000,0
141718,5000,0
16645,5000,0
141608,5000,0
16820,5000,7
141633,5000,0
142449,5000,0
141544,10000,47
15675,5000,0
15656,5000,0
15782,10000,0
15868,5000,0
141464,5000,0
15628,10000,2
15651,5000,0
15369,5000,1
15208,5000,0
15056,5000,0
141441,5000,0
15322,5000,0
141386,10000,1
15722,5000,0
15622,5000,0
17481,5000,0
16495,5000,0
16929,5000,0
16736,5000,0
17005,5000,8
17322,5000,0
17560,5000,0
17020,5000,0
17586,5000,2
17516,5000,0
17143,5000,0
17312,5000,0
17224,5000,0
17904,5000,5
17799,5000,0
17261,5000,0
17786,5000,1
17255,5000,0
17680,5000,1
17356,15000,33
17273,5000,0
17173,5000,0
17868,5000,3
17131,5000,10
142657,5000,0
142642,5000,0
142645,5000,4
142636,5000,0
142627,5000,0
142628,5000,0
142613,5000,0
142607,5000,5
142608,5000,0
142587,5000,0
142579,5000,0
142574,5000,0
17081,5000,0
17512,5000,0
17079,5000,0
17759,5000,0
17333,5000,0
17848,5000,12
143100,5000,9
17845,5000,12
17377,5000,0
18689,5000,0
18377,5000,0
18139,5000,0
143411,5000,0
143370,5000,0
17239,5000,0
17574,5000,0
17918,5000,0
17641,15000,2
25305,5000,1
23549,5000,4
25016,5000,2
25912,5000,0
24563,5000,0
24845,15000,19
24171,5000,0
24834,5000,0
25173,5000,0
23962,5000,1
24240,5000,0
24113,5000,7
24034,10000,23
24521,5000,2
24218,5000,1
23999,5000,2
23972,5000,0
24928,10000,0
24144,10000,4
24602,10000,13
24131,10000,18
23668,5000,0
23469,5000,3
23288,5000,0
23664,10000,0
23295,10000,0
23559,5000,0
22984,5000,0
23440,5000,4
23119,5000,0
23858,5000,0
23226,5000,0
23671,5000,3
23563,15000,13
23043,5000,0
25513,5000,3
22993,5000,1
23341,10000,3
23188,5000,2
23866,5000,0
23198,5000,4
22193,5000,4
22716,5000,1
22174,5000,4
22904,5000,1
25716,5000,6
22458,5000,0
22090,5000,5
22868,5000,0
22030,5000,2
22334,5000,0
21948,5000,0
22594,10000,0
22104,5000,2
21572,5000,0
21460,5000,4
21575,5000,0
20962,5000,7
20939,5000,4
23285,5000,0
21601,5000,0
25500,5000,10
21759,5000,0
21313,15000,3
21611,5000,0
21636,5000,0
21331,5000,1
21157,5000,6
21530,5000,0
21915,5000,2
20938,5000,4
21464,10000,6
21866,5000,0
21112,5000,0
20001,5000,1
20843,5000,0
20588,5000,0
20678,5000,0
20929,5000,14
20448,5000,6
20520,5000,6
20802,5000,0
19992,5000,6
19980,5000,3
20310,5000,0
20760,5000,0
20629,5000,5
20878,5000,0
19977,5000,0
20238,5000,0
19562,5000,0
18938,5000,0
25072,5000,6
19546,10000,2
19845,5000,0
19919,5000,2
23473,5000,1
18646,5000,0
18787,5000,7
18346,5000,0
18054,5000,0
25591,10000,13
26621,5000,1
25261,15000,25
26517,5000,0
143537,5000,0
143516,15000,21
25208,5000,0
26044,5000,6
25969,5000,0
143683,5000,0
26749,5000,0
26195,5000,2
26128,5000,2
143679,5000,0
26331,5000,0
143651,5000,0
26335,5000,4
26547,5000,0
143629,5000,0
143613,5000,0
26561,5000,0
26460,5000,0
26037,5000,4
143612,5000,0
26788,5000,0
26661,5000,0
26181,5000,0
26609,5000,1
26078,15000,0
25982,15000,6
26208,10000,6
26488,10000,0
143587,5000,0
26903,15000,15
25957,5000,15
26549,5000,0
26482,5000,0
26052,5000,5
26351,5000,0
25981,5000,0
26535,5000,4
26193,5000,0
26562,5000,0
26456,5000,0
26017,5000,9
26581,10000,22
26413,5000,1
26260,5000,0
26545,5000,0
26639,10000,0
26163,5000,0
26284,5000,0
26553,5000,0
26396,5000,0
26093,5000,0
26919,5000,6
26367,5000,0
26170,5000,0
26837,5000,0
26511,5000,0
25990,5000,0
26501,5000,0
26276,10000,0
26700,5000,0
26666,5000,0
26637,5000,0
26598,5000,0
26601,5000,0
26813,5000,12
26821,5000,0
26769,5000,0
25932,5000,0
26122,5000,0
26146,5000,0
26706,10000,0
26467,5000,2
26246,5000,0
26630,5000,0
26850,5000,0
26855,5000,3
25971,15000,0
25942,5000,0
25991,5000,0
26734,5000,0
26464,5000,0
26742,5000,11
26233,5000,0
26882,5000,0
26005,5000,0
26597,15000,0
26397,5000,0
26173,5000,0
26386,5000,0
26840,5000,5
26243,5000,5
26865,5000,0
26362,5000,0
26442,5000,0
26154,5000,0
26127,5000,0
26654,5000,0
26543,15000,39
26805,5000,1
25976,5000,0
26257,5000,0
26064,5000,0
25938,5000,0
26197,5000,0
26314,5000,0
26079,15000,0
26183,5000,0
26092,5000,0
25956,5000,0
26675,5000,0
26400,15000,0
26312,5000,36
26375,5000,0
25954,5000,0
26892,5000,0
25998,5000,0
26825,5000,0
26819,5000,0
26677,5000,0
144096,5000,0
144056,5000,0
26310,5000,0
26765,10000,0
26773,5000,0
26879,5000,0
26201,5000,0
26669,5000,0
26647,5000,1
26884,5000,0
26607,5000,0
26629,5000,0
26576,10000,0
26109,10000,0
26866,5000,0
31871,5000,68
28196,5000,0
33614,5000,0
33276,5000,0
33155,5000,0
28864,5000,22
28072,5000,27
144245,5000,0
33571,5000,0
28094,5000,0
33423,5000,26
30331,5000,6
33405,15000,89
33874,5000,4
32721,5000,2
28724,5000,21
33789,5000,0
28695,5000,7
28554,5000,0
32757,5000,0
33737,5000,0
33755,5000,0
32504,5000,0
33580,5000,33
28534,5000,0
33900,5000,5
30598,5000,20
28251,5000,0
33472,5000,25
28393,5000,0
33375,5000,0
32062,5000,0
29502,5000,0
31353,5000,0
31816,5000,21
31003,5000,0
27978,5000,0
31382,5000,0
33143,5000,0
31926,5000,0
28069,5000,0
28901,5000,0
28133,5000,0
31376,5000,0
27675,5000,0
27816,5000,7
33763,5000,0
31092,5000,0
31341,5000,0
31146,5000,0
31773,5000,0
30988,15000,0
27788,5000,16
31793,5000,9
32996,5000,0
31271,5000,0
144274,15000,0
27072,10000,38
31902,5000,0
33430,5000,0
30393,5000,0
30228,5000,0
27458,5000,11
30385,5000,0
30739,5000,0
30579,5000,0
33660,5000,0
30474,5000,0
29988,5000,0
30614,5000,0
33746,5000,0
33198,5000,0
27214,10000,0
30895,5000,0
33587,5000,37
30689,5000,13
27124,5000,7
30215,5000,57
33258,5000,21
33114,5000,0
33643,5000,0
27897,10000,1
29839,5000,20
27453,5000,23
29120,5000,0
29217,5000,0
29622,5000,0
27872,5000,34
33462,5000,0
27059,10000,40
29734,5000,2
29665,5000,32
29101,5000,0
29737,10000,5
34380,15000,0
34248,5000,0
34577,5000,0
34282,5000,0
34134,10000,0
34724,5000,0
33175,5000,0
34321,5000,0
33459,5000,0
33232,5000,0
33645,5000,0
34730,5000,0
34314,10000,49
34439,5000,12
33951,5000,13
34122,5000,10
34408,5000,4
34415,5000,6
34811,5000,0
34611,5000,0
43884,5000,0
43396,5000,0
42919,5000,0
43359,5000,8
43104,5000,0
42476,5000,0
42572,5000,0
42752,5000,2
42033,5000,0
41985,5000,0
43482,5000,2
41064,5000,0
41309,5000,1
40028,5000,1
43875,5000,0
39166,5000,1
39032,5000,0
39608,5000,1
39597,5000,0
38517,10000,1
38211,10000,48
38791,5000,0
38439,5000,0
38441,5000,0
38238,5000,0
38318,5000,0
38223,5000,0
38868,5000,49
37145,5000,0
37190,5000,2
144571,15000,4
37345,5000,2
37890,5000,0
37799,5000,1
36434,5000,0
36249,5000,0
36052,5000,0
35156,5000,0
35756,5000,13
34933,5000,0
35558,5000,3
34465,5000,1
43332,10000,1
43584,5000,1
47394,5000,6
47001,5000,0
47251,5000,0
144884,5000,0
46501,5000,0
46786,5000,6
46343,15000,0
46681,5000,0
46772,5000,1
46597,5000,0
144830,5000,2
144789,5000,0
46150,5000,8
144788,5000,8
46395,10000,0
46676,10000,0
46164,5000,0
46368,5000,0
46430,5000,0
46441,5000,0
46341,5000,0
46721,5000,0
46045,5000,0
46166,5000,0
46756,5000,0
46042,5000,0
46171,5000,0
46152,5000,0
46547,5000,1
144827,5000,0
144841,5000,0
46843,5000,0
46034,5000,4
46835,10000,10
46012,5000,0
46037,5000,0
144758,5000,0
45684,5000,0
45406,10000,1
45674,5000,0
45339,5000,1
44966,5000,3
45144,5000,0
45388,5000,0
45374,5000,0
44954,5000,0
45289,5000,0
45024,10000,0
44983,5000,0
45113,10000,11
45633,15000,61
45873,5000,0
45128,5000,0
144802,10000,1
45521,5000,0
144840,5000,0
47784,5000,0
44613,5000,0
144807,5000,1
144783,5000,0
44158,5000,1
628072,5000,3
44555,5000,0
44078,5000,0
44875,10000,1
44221,5000,0
44385,5000,0
144868,5000,0
144831,5000,1
144869,5000,5
144795,5000,29
44437,5000,0
44512,5000,0
44657,5000,0
144808,5000,0
44616,5000,22
43947,5000,0
44086,5000,0
44282,10000,0
44857,5000,0
144836,5000,0
144813,5000,2
44309,5000,5
44160,5000,0
144865,5000,0
628036,5000,19
44042,5000,1
44539,5000,0
44761,5000,6
43028,5000,0
43206,5000,0
43685,5000,1
43344,5000,0
47699,5000,0
144879,5000,0
144812,5000,0
42915,5000,0
43866,5000,0
43397,5000,0
43516,5000,0
144857,5000,0
43334,5000,0
43735,5000,6
43481,5000,2
47542,5000,8
47348,5000,0
47728,5000,0
47328,15000,5
47104,15000,10
145131,5000,0
47561,5000,0
47236,5000,2
47359,5000,0
47028,15000,0
47354,5000,0
46984,5000,0
145150,5000,0
47691,10000,9
46912,5000,9
47419,5000,0
47041,5000,0
47211,5000,4
48815,5000,0
47349,5000,15
48779,15000,17
48249,15000,17
48569,5000,0
145254,5000,0
48786,5000,0
48836,5000,1
145246,5000,0
48182,5000,0
48751,5000,0
48115,5000,10
48606,5000,0
48676,10000,11
49759,5000,10
48020,5000,1
48509,5000,11
48514,5000,0
48332,5000,0
47925,5000,10
48740,5000,1
48736,5000,0
47981,5000,6
49235,5000,0
49390,5000,0
49157,5000,0
48979,5000,0
49565,5000,0
49685,5000,0
49622,5000,2
49473,15000,0
49213,5000,0
49716,5000,0
49079,15000,0
49210,5000,0
49672,5000,0
48915,5000,0
49206,5000,2
49744,5000,0
49696,5000,0
49186,5000,0
49147,5000,0
49500,15000,0
49587,5000,0
48894,5000,2
145999,10000,0
146001,5000,0
49121,5000,0
146003,10000,0
145966,5000,0
49307,5000,2
49774,15000,0
48845,15000,0
49014,5000,0
146081,5000,3
146066,5000,12
146065,5000,19
50482,5000,12
49805,5000,36
50238,10000,20
146663,5000,0
146662,5000,0
146653,5000,0
49957,10000,6
50779,5000,0
49839,5000,0
50780,5000,0
50775,5000,0
50041,5000,14
49828,5000,12
50560,5000,0
50255,5000,3
50724,15000,8
50178,5000,0
50187,5000,0
50528,5000,2
50260,5000,2
51643,15000,10
51392,5000,4
51316,5000,4
50972,5000,0
50865,5000,0
51496,5000,0
51166,5000,0
50831,5000,5
51750,5000,0
51059,5000,0
50789,5000,2
51341,5000,2
49862,5000,9
51153,5000,0
51323,5000,1
53585,5000,0
52949,5000,1
52516,5000,0
52404,5000,0
51819,10000,8
51713,5000,0
51439,15000,2
52585,15000,0
52286,5000,0
52746,5000,0
52181,10000,0
52953,15000,7
52501,5000,0
52760,5000,0
52523,15000,0
51560,5000,0
52064,5000,7
52196,5000,0
50904,5000,0
52663,5000,0
52337,15000,0
52012,5000,1
52441,5000,0
52376,5000,0
52685,5000,0
53674,5000,0
52414,5000,0
51969,5000,0
52628,5000,0
51951,5000,0
52025,5000,0
51905,5000,0
52840,10000,4
51913,5000,0
52480,10000,22
52315,5000,0
52671,5000,0
52389,5000,0
52649,5000,0
51006,5000,0
51880,15000,11
52171,5000,0
53236,5000,10
147114,5000,0
146965,10000,0
146960,5000,0
146897,10000,0
147296,5000,0
52418,5000,0
51941,5000,0
52346,5000,0
147077,5000,1
147073,10000,0
146856,5000,0
146883,15000,0
147095,15000,0
147068,5000,0
147070,10000,0
147277,5000,0
147098,15000,0
147061,5000,0
147043,5000,0
147046,5000,0
147049,15000,0
147232,5000,1
147032,5000,0
147028,10000,0
147030,5000,0
147027,10000,26
147117,15000,0
147215,5000,0
147001,10000,0
147141,5000,2
146993,5000,0
146991,5000,0
147080,5000,0
147109,5000,4
147322,5000,0
146976,5000,0
146971,5000,40
146870,15000,4
146961,10000,0
146963,5000,0
146968,5000,0
146847,15000,0
147336,5000,0
146958,5000,0
146943,10000,1
146942,5000,0
146940,15000,0
146946,5000,0
146935,5000,1
146933,5000,0
146938,5000,0
146925,5000,0
146923,10000,2
146926,10000,0
146919,5000,0
146913,10000,0
146905,15000,0
147320,5000,0
146895,5000,0
146889,15000,0
146891,10000,0
147218,15000,0
146842,5000,0
147265,5000,0
146875,10000,0
147120,5000,0
147144,5000,3
147328,5000,0
146865,10000,0
52851,5000,2
52140,5000,1
51432,5000,0
51844,5000,0
51878,5000,0
51199,5000,5
52252,5000,0
52665,5000,0
51979,5000,40
51859,10000,0
52623,5000,0
52248,5000,0
51821,5000,0
51344,15000,0
52748,5000,0
51968,5000,0
52596,10000,6
51673,5000,0
52627,5000,0
52409,5000,0
52362,15000,0
52530,5000,0
52205,5000,0
52000,5000,0
52192,5000,0
52099,5000,1
52156,5000,0
52350,5000,0
52071,5000,0
52469,5000,0
52467,5000,0
52182,10000,2
51147,5000,0
50899,5000,0
51517,5000,0
52787,5000,0
51876,10000,0
52575,5000,0
52763,5000,0
52460,5000,6
51309,5000,0
52770,5000,0
52465,5000,0
52471,10000,0
52725,5000,0
51894,15000,0
52419,5000,0
52113,10000,0
52456,5000,0
52447,5000,0
52752,5000,0
53771,15000,2
52014,5000,0
51863,5000,0
52607,5000,0
51718,5000,0
51848,15000,0
52157,10000,0
51094,15000,0
50875,5000,0
51458,5000,0
51393,5000,0
50973,10000,0
51671,5000,0
51769,5000,0
51674,5000,0
51025,5000,0
51407,5000,0
51261,10000,0
53612,5000,0
53790,15000,13
54158,5000,20
54380,5000,2
54487,5000,35
54291,5000,0
54662,5000,0
53902,5000,14
54526,5000,22
54572,5000,37
54419,10000,1
53982,5000,18
54062,5000,0
54455,5000,18
53878,5000,0
54154,5000,0
54067,5000,34
54343,5000,1
57561,5000,0
57248,5000,0
57774,10000,0
56958,15000,0
57470,5000,0
147727,15000,0
56924,15000,0
57711,5000,0
147772,5000,0
147735,10000,0
147732,5000,0
57500,5000,0
57124,5000,6
147733,5000,0
147724,15000,0
147729,5000,0
147736,15000,0
56778,5000,0
57200,5000,0
57513,5000,0
147737,5000,0
147726,15000,0
56809,5000,0
57353,10000,0
147829,5000,0
147731,5000,0
57189,5000,0
147730,5000,0
57448,5000,0
57328,5000,0
147901,15000,0
57627,5000,0
57095,5000,0
56816,5000,0
57378,5000,0
147715,5000,0
57373,5000,0
56887,5000,0
57404,5000,0
57485,5000,0
56943,5000,0
57510,5000,0
147699,5000,0
147711,10000,0
147868,5000,0
56962,5000,0
147704,5000,0
57356,5000,0
147684,5000,0
57522,5000,0
55817,5000,0
56819,5000,0
147703,5000,0
57700,15000,0
57602,5000,0
57667,5000,0
57671,5000,0
57729,5000,0
147686,5000,0
56894,5000,0
57276,10000,0
57419,10000,1
57463,10000,0
147687,5000,0
57201,15000,0
147697,15000,0
57422,5000,0
56941,15000,0
147696,15000,0
57465,10000,0
57722,5000,0
56857,5000,0
147689,5000,0
57197,5000,0
147694,10000,0
147680,5000,0
56812,5000,0
147679,5000,0
56458,5000,0
56447,5000,0
147682,5000,0
56729,5000,0
56768,10000,0
147695,5000,0
147681,5000,0
147786,5000,0
56635,5000,0
147821,10000,0
55865,10000,13
56045,5000,0
55990,5000,0
147670,5000,0
147675,5000,0
147929,5000,0
56053,5000,0
147717,5000,0
57274,5000,0
57553,5000,0
147705,5000,0
57232,5000,0
57243,5000,0
147702,15000,0
57073,5000,0
57233,5000,0
57239,5000,0
147698,5000,0
56084,10000,0
147683,10000,0
55799,5000,0
55976,5000,0
56673,5000,0
56708,15000,0
147961,5000,0
55925,5000,0
54935,15000,15
147656,5000,0
56058,5000,0
55827,5000,0
56365,5000,0
147659,5000,0
147669,5000,0
147660,5000,0
56050,5000,0
56391,5000,0
56019,5000,0
56481,5000,0
55949,5000,0
56590,10000,9
147665,10000,0
147785,5000,0
147667,5000,0
147657,10000,0
56382,5000,0
147658,5000,0
147663,5000,0
147646,5000,0
147651,10000,0
147854,15000,0
56283,5000,0
56699,10000,0
147998,10000,0
56267,5000,0
56361,15000,0
57701,5000,0
147653,5000,0
147649,5000,0
56326,5000,0
56545,5000,0
147815,5000,0
147648,5000,0
56297,5000,0
147650,5000,0
147963,5000,0
55825,5000,0
55926,5000,0
147903,5000,0
55975,10000,0
56404,15000,0
147631,5000,0
56731,10000,0
56121,5000,0
56387,5000,0
147628,10000,0
147884,5000,0
147633,5000,0
147626,5000,0
56339,15000,0
147635,5000,0
147836,10000,0
56175,5000,0
147795,5000,0
147638,5000,0
55997,5000,0
56390,5000,0
147860,5000,0
57266,5000,0
57454,5000,0
55833,5000,0
56657,5000,0
55847,5000,0
55974,5000,0
56773,5000,0
56364,5000,0
55811,5000,0
56588,15000,0
147614,5000,0
56511,5000,0
56739,5000,0
147839,5000,0
56230,5000,0
56331,5000,0
55971,15000,0
147619,10000,0
56330,5000,0
57117,5000,0
56579,5000,0
56022,5000,0
147617,5000,0
147610,5000,0
56040,5000,0
56143,10000,0
147611,10000,0
147609,10000,0
56465,10000,0
55958,15000,0
55956,5000,0
147627,5000,0
56429,5000,0
57004,5000,0
56238,5000,0
147831,5000,0
55897,5000,0
55951,5000,0
56562,5000,0
147591,5000,0
147770,15000,0
56682,5000,0
147597,5000,0
56130,5000,0
56377,5000,0
147604,5000,0
147600,5000,0
147606,5000,0
56132,5000,0
56345,5000,0
56667,5000,0
56094,10000,0
56003,15000,0
147592,15000,0
56763,5000,0
56059,5000,0
56249,5000,0
147605,15000,0
56640,5000,0
56425,5000,0
56161,5000,0
55821,5000,0
147599,15000,0
56718,5000,0
56688,5000,0
147602,15000,0
56655,5000,0
57259,5000,0
147594,15000,0
147579,10000,0
56342,5000,0
147758,5000,0
56666,15000,0
147584,15000,0
147589,5000,0
147582,5000,0
56237,5000,0
56225,15000,0
55867,5000,0
147587,5000,0
56651,5000,0
55947,5000,0
147574,10000,0
147577,15000,0
56032,5000,0
147575,5000,0
56189,5000,0
56240,5000,0
147585,5000,0
56031,5000,0
55830,5000,0
55778,15000,0
147784,5000,0
56319,5000,0
56027,15000,0
147571,5000,0
55962,10000,0
147569,5000,0
56689,5000,0
147810,15000,0
147921,5000,0
147559,5000,0
55662,5000,0
55372,5000,0
54948,5000,0
55317,5000,0
55342,5000,0
55114,5000,0
147545,5000,0
147544,10000,0
55057,10000,0
56557,15000,0
54364,5000,6
55225,5000,0
147749,5000,0
147552,15000,0
147555,5000,0
147547,5000,0
55760,5000,0
57105,5000,0
55767,5000,0
55437,5000,0
147553,5000,0
147551,10000,0
147803,15000,0
55777,5000,0
55900,5000,0
55874,5000,0
147565,15000,0
56490,5000,0
54947,5000,0
54889,5000,0
56930,5000,0
147542,5000,0
147773,5000,0
147955,5000,0
147754,5000,0
54843,5000,0
54910,15000,0
147535,15000,0
54887,15000,0
55618,5000,0
55367,5000,0
55468,5000,0
147541,15000,0
147526,5000,0
147527,10000,0
147531,5000,0
57555,5000,0
147532,5000,0
55674,5000,0
55328,10000,9
147515,5000,0
147813,5000,0
55075,5000,0
147514,15000,0
54842,5000,0
55700,15000,0
147874,5000,0
57402,5000,0
55759,5000,0
54801,5000,0
147521,5000,0
55243,5000,7
147513,10000,0
55052,5000,0
56521,15000,12
147516,5000,0
55563,5000,0
147502,5000,0
147510,5000,0
147512,10000,0
55689,5000,0
55454,5000,0
147927,15000,0
147507,5000,0
55597,5000,0
147925,15000,0
147822,5000,0
54929,5000,0
55092,15000,0
55071,5000,0
991384,15000,0
147501,5000,0
147511,10000,0
147798,15000,0
55224,5000,0
57114,5000,0
55048,5000,0
991401,10000,0
147509,15000,0
55726,15000,0
54794,5000,7
57740,15000,0
148021,15000,0
991359,5000,0
147912,10000,0
55051,5000,0
147503,10000,0
54854,15000,0
147497,5000,0
55149,5000,0
56879,10000,0
55245,15000,0
55044,5000,0
55673,5000,0
55289,5000,0
55599,5000,0
55280,5000,0
147499,5000,0
55307,5000,0
55395,5000,0
147879,5000,0
148014,5000,0
55223,5000,0
147483,5000,0
147797,5000,0
55734,5000,0
147486,5000,0
55465,5000,0
147487,15000,0
55476,5000,0
55082,15000,0
55693,5000,2
54776,5000,3
55532,5000,2
54803,5000,0
55413,5000,9
147473,5000,0
55198,15000,0
55762,5000,0
147840,5000,0
147480,5000,0
54475,5000,0
55725,5000,0
55453,5000,0
55099,5000,0
54780,5000,0
55025,5000,0
54998,5000,0
54846,5000,0
55481,5000,0
147488,5000,0
57277,5000,0
54469,5000,0
147467,5000,0
147474,5000,0
147470,15000,1
53978,5000,0
56820,5000,0
54423,15000,0
54716,5000,0
54093,10000,0
54128,5000,0
54014,5000,0
53834,5000,0
54404,5000,0
991525,10000,0
147461,5000,0
53908,5000,0
54671,10000,0
147458,10000,0
147479,5000,0
53998,5000,0
54403,5000,0
147481,5000,0
54454,5000,0
53848,5000,0
147464,15000,0
54656,5000,0
54039,5000,0
147472,15000,0
54751,5000,0
53863,5000,0
147456,10000,0
147463,10000,0
54521,5000,0
148023,10000,0
54392,5000,0
147440,5000,0
54295,5000,0
54052,5000,0
147933,5000,0
54623,5000,0
147447,5000,0
56940,5000,0
147811,10000,0
147819,10000,0
54270,5000,0
147422,5000,0
147446,5000,0
57190,10000,0
53874,5000,0
147444,5000,0
53881,5000,0
54687,5000,0
147450,5000,0
53840,5000,0
54219,5000,0
54431,5000,0
54445,10000,0
57693,5000,0
53858,5000,0
53798,5000,0
147425,10000,0
54689,10000,0
147430,5000,0
54435,5000,0
57157,5000,0
54239,5000,0
54250,15000,0
147435,5000,0
147428,15000,0
147433,5000,0
54532,5000,0
53949,5000,0
54476,10000,0
54768,5000,0
147426,15000,0
147431,5000,0
54748,5000,0
147415,15000,0
54000,5000,0
54721,5000,0
53796,15000,0
147419,15000,0
147414,5000,0
147796,15000,0
147852,10000,0
147761,5000,0
57141,5000,1
53898,5000,0
54087,15000,0
54593,5000,0
147403,10000,0
53955,15000,0
53886,5000,0
54081,5000,0
147853,5000,0
54367,5000,0
54708,5000,0
54135,5000,0
147408,5000,0
147407,5000,0
54045,5000,0
54262,5000,0
54460,5000,0
147404,5000,0
53830,5000,0
147899,5000,0
147402,10000,0
54245,10000,0
147396,5000,0
53870,5000,0
54362,15000,0
54763,15000,0
54248,5000,7
54598,5000,0
147782,5000,0
54668,5000,0
53907,5000,2
147387,5000,0
54214,15000,1
54599,5000,0
54520,15000,8
147394,15000,18
54425,5000,0
147410,15000,0
147385,10000,0
54501,5000,0
147395,5000,0
147393,5000,0
147940,5000,0
53885,5000,0
147390,5000,0
53933,5000,0
54416,5000,0
147383,5000,0
147728,5000,0
56905,5000,0
147722,15000,0
57345,10000,0
57187,5000,0
147720,5000,0
56844,10000,0
56839,5000,0
57043,15000,0
57456,5000,0
57280,5000,0
57757,5000,0
57388,15000,0
56798,10000,0
57736,10000,0
148116,10000,2
57225,5000,0
56841,10000,0
57734,5000,0
57330,15000,0
57133,5000,0
57169,5000,0
57718,15000,0
57212,5000,0
57665,10000,2
56808,10000,0
56866,10000,0
57205,5000,0
57473,15000,0
56907,10000,0
57725,10000,0
57607,5000,0
56891,5000,0
57053,5000,0
57655,5000,0
57626,5000,0
57704,5000,0
58115,5000,0
58561,5000,0
58408,15000,1
58550,5000,0
58400,5000,0
58335,10000,0
58472,5000,0
57778,5000,1
58756,5000,0
58478,5000,0
58435,5000,0
58401,5000,0
58030,5000,0
58764,5000,0
58369,5000,0
58031,5000,0
58118,5000,0
58423,5000,4
58416,5000,0
58523,10000,0
57875,5000,0
58727,5000,0
58045,5000,0
58226,10000,0
58379,5000,0
58036,15000,0
57947,5000,0
58549,15000,0
57877,10000,0
58269,10000,0
58442,5000,0
58497,5000,0
57976,5000,0
58022,5000,0
58346,5000,0
58704,5000,0
57801,5000,0
58441,5000,0
58046,5000,0
56777,5000,0
148274,5000,0
57900,5000,0
57121,5000,0
57159,15000,0
57044,5000,0
57163,5000,0
58132,5000,0
57646,5000,0
57699,5000,0
56902,10000,0
58060,10000,0
56786,5000,0
56947,5000,0
57633,5000,0
57034,5000,0
57737,15000,0
57112,5000,0
57094,5000,0
56869,10000,0
56832,5000,0
56885,5000,0
57741,5000,0
57113,5000,0
57071,5000,0
56981,5000,0
57110,5000,0
148390,5000,0
148246,5000,0
58707,5000,0
58224,5000,0
58109,5000,0
57735,15000,0
58167,5000,0
57281,5000,0
56934,5000,0
57514,5000,0
57370,15000,0
57751,15000,0
58076,5000,0
57132,5000,0
57672,5000,0
57223,5000,0
57380,5000,0
58681,10000,0
56826,5000,0
58623,5000,0
57803,5000,0
57216,10000,0
58753,5000,0
58382,5000,0
65720,5000,0
65089,5000,6
65244,5000,0
148834,5000,0
64689,5000,0
148826,5000,0
148825,5000,0
64619,5000,0
58893,5000,4
148754,5000,0
63052,5000,0
63134,5000,0
62959,5000,0
63657,5000,0
62883,10000,47
63612,5000,0
62747,5000,0
62732,5000,25
148748,5000,0
61947,5000,0
62349,15000,1
62355,5000,0
62559,5000,0
62289,10000,10
148795,10000,0
61146,5000,0
60995,5000,0
148750,10000,0
61521,5000,0
61440,5000,0
61280,5000,52
61714,5000,0
61298,5000,0
61628,5000,0
58372,5000,15
60918,5000,1
61404,5000,10
60577,15000,0
60346,5000,15
60185,5000,0
58539,5000,10
60697,5000,0
59677,5000,0
148767,10000,1
59692,5000,0
59390,5000,7
58788,5000,0
59262,5000,0
59545,5000,0
68251,10000,0
67976,5000,8
68724,10000,0
68353,5000,2
68737,5000,0
67944,15000,0
67775,5000,26
68463,15000,0
68722,5000,0
68380,5000,0
67867,10000,0
69171,5000,0
150452,5000,0
150341,10000,0
150875,5000,0
69106,5000,0
150328,5000,1
67930,5000,2
150329,5000,0
69384,5000,0
150443,5000,0
150357,5000,0
150339,5000,0
1273642,5000,0
150336,5000,0
69370,5000,0
69405,5000,0
68255,5000,0
68450,5000,0
67846,5000,1
150800,5000,0
69762,10000,10
68550,5000,7
69496,5000,0
67887,5000,0
68363,5000,0
150317,5000,0
150300,5000,0
150299,5000,0
68717,5000,0
68879,5000,0
150861,5000,0
150314,10000,2
150304,5000,0
150283,5000,0
150285,5000,0
150294,5000,0
68329,5000,0
68012,5000,0
150288,5000,0
68706,5000,0
150297,5000,0
68313,15000,23
150282,15000,23
69605,5000,0
68528,5000,0
150253,5000,0
150267,5000,0
69683,5000,0
68764,10000,0
68124,5000,0
69158,5000,0
150858,5000,0
68710,10000,2
150245,10000,0
69586,5000,0
150429,5000,0
67932,5000,0
150246,5000,2
150268,5000,0
150232,5000,0
68772,5000,0
150630,5000,0
150228,10000,0
67890,5000,0
150225,5000,0
67955,10000,4
68475,5000,0
150218,5000,0
68239,5000,0
150236,5000,0
68243,5000,0
69623,5000,0
68672,15000,47
150230,15000,0
69467,5000,1
69400,5000,0
150451,5000,0
150864,5000,0
68237,10000,1
68097,5000,0
67987,5000,0
68283,5000,2
150212,5000,0
69002,5000,0
150459,5000,0
150231,5000,0
68531,5000,1
69455,5000,0
68117,5000,0
68281,5000,0
67962,5000,0
150209,5000,0
68458,5000,0
150362,5000,0
67835,5000,0
150464,5000,0
150180,5000,0
68122,5000,0
1273669,5000,0
68619,5000,0
68686,5000,0
150182,5000,0
69098,5000,0
150208,10000,0
68725,5000,0
150206,5000,0
68998,5000,0
150435,5000,0
150203,5000,0
68128,5000,0
68470,5000,0
68127,5000,0
150202,5000,0
68599,5000,3
150637,5000,0
67864,5000,0
69530,5000,1
68428,5000,0
150196,10000,3
150158,5000,0
67856,5000,0
68479,5000,0
150456,5000,0
68321,5000,15
67980,5000,0
67905,5000,0
150165,5000,0
150153,5000,0
67869,5000,0
68141,5000,0
150148,5000,0
68571,5000,3
68486,5000,0
150903,5000,0
68719,5000,0
150154,5000,0
68423,5000,0
150159,5000,0
68549,5000,0
150140,5000,0
68819,5000,0
150090,5000,0
68579,5000,6
68306,10000,0
67814,5000,0
67844,15000,3
150112,15000,1
68132,5000,0
150610,5000,0
68570,5000,0
68290,5000,0
68095,5000,0
150132,5000,0
150125,5000,0
67915,10000,0
68990,5000,0
68406,15000,7
67772,5000,1
150093,5000,0
68203,5000,0
150124,5000,0
150097,5000,0
67788,5000,0
150114,5000,0
67826,5000,0
68135,5000,2
150073,5000,0
150853,5000,0
150886,5000,0
68291,10000,0
150068,10000,0
67950,5000,0
67907,5000,0
68276,5000,0
68195,5000,0
68894,5000,0
69380,5000,0
150074,5000,0
68603,15000,0
150121,5000,0
68118,5000,0
150098,5000,0
68604,5000,0
68798,5000,0
150423,5000,0
150062,10000,4
67849,5000,0
150084,5000,0
68309,5000,0
150083,5000,0
68564,5000,0
68509,5000,0
150036,5000,0
150041,5000,0
68067,5000,0
150050,5000,0
1284205,5000,0
150027,10000,26
150046,5000,0
150059,5000,0
68110,5000,0
68343,5000,4
150028,5000,0
67796,5000,0
150023,5000,0
150045,5000,0
68148,5000,0
150052,5000,0
68876,5000,0
150409,5000,0
67926,5000,0
68396,5000,0
149991,5000,0
68351,5000,0
68976,5000,0
150419,5000,0
68709,5000,0
67830,5000,0
67988,5000,0
150002,5000,0
68323,5000,0
150013,5000,0
68532,5000,0
150006,5000,0
68488,5000,0
150004,5000,2
68263,15000,0
68622,5000,6
150007,5000,6
150012,5000,0
149986,5000,0
150418,5000,1
69494,5000,0
149988,10000,0
69446,5000,0
149987,5000,0
68624,10000,4
149965,10000,0
67898,5000,4
149957,5000,0
68241,5000,0
149967,5000,0
68264,5000,4
67808,5000,0
150872,5000,0
68662,5000,2
68610,5000,0
149951,5000,0
149985,5000,2
69649,5000,0
68164,5000,1
68350,10000,0
149930,10000,0
149941,5000,0
149940,5000,0
68546,5000,0
149938,5000,0
68015,15000,28
69391,5000,0
150477,5000,0
67940,5000,0
149901,5000,0
149905,10000,1
69305,5000,5
149888,5000,0
149783,15000,0
68426,5000,0
149896,5000,0
68211,10000,2
149917,10000,0
68225,5000,0
69312,5000,0
68697,5000,0
149916,5000,0
68222,5000,0
69746,15000,0
150485,15000,0
149900,5000,0
69111,5000,4
69426,15000,0
149880,10000,0
67908,5000,0
149862,5000,0
149861,5000,0
69725,5000,0
149883,5000,0
149869,5000,0
149885,10000,0
150655,5000,0
149822,10000,0
68098,5000,0
149849,5000,2
149835,5000,0
68544,5000,0
68433,5000,0
150778,5000,0
149846,5000,0
150792,5000,0
68079,5000,0
149857,5000,0
67818,5000,0
149844,5000,0
68287,5000,0
149851,5000,0
68177,5000,0
67792,5000,0
149845,5000,0
67822,5000,0
149830,5000,0
149833,5000,0
150841,5000,0
149819,5000,0
68765,5000,0
149806,5000,0
68133,5000,0
149818,5000,0
67986,5000,0
68526,15000,2
68834,5000,0
150473,5000,0
149790,5000,0
68436,5000,0
69517,5000,0
150379,5000,0
150830,5000,0
149811,5000,0
149788,5000,0
68655,5000,0
150679,5000,0
68577,5000,0
67871,5000,0
150541,5000,0
149805,5000,0
68026,5000,2
149763,5000,2
150364,5000,1
69504,5000,0
150801,5000,0
68143,5000,0
67892,5000,0
149792,5000,0
67827,5000,0
68569,5000,0
67990,5000,0
149762,5000,0
149777,5000,7
67938,5000,0
149787,5000,1
150562,5000,0
68398,10000,0
149765,10000,0
68987,5000,0
149786,5000,0
150374,5000,9
68755,5000,2
69172,5000,0
150392,5000,0
149761,5000,0
149744,5000,0
68478,5000,0
149749,5000,0
149743,5000,0
149753,5000,0
68523,15000,3
149741,15000,0
68302,5000,1
149742,5000,2
68701,15000,0
68373,5000,0
149946,5000,0
67888,5000,0
149934,5000,0
68236,5000,0
67993,5000,0
149929,5000,0
68979,5000,0
69537,5000,0
69590,5000,0
67946,5000,0
149899,10000,2
149894,5000,0
149897,5000,2
69736,5000,0
69351,5000,1
69755,5000,2
69713,5000,0
69674,5000,1
69430,15000,0
68826,15000,16
68874,15000,0
69272,5000,0
68858,5000,0
69174,10000,4
69320,5000,2
69475,5000,0
151086,5000,0
69622,5000,2
69378,15000,1
69501,5000,0
69175,5000,25
68908,5000,1
70691,5000,0
69882,10000,0
70605,5000,0
151326,5000,0
69974,5000,0
69925,10000,0
69989,5000,0
69814,5000,0
70571,5000,0
70576,5000,0
70653,5000,0
151299,5000,0
69828,5000,0
70107,5000,0
69939,15000,0
70552,5000,0
68916,5000,0
70546,5000,0
69148,5000,0
69471,5000,0
151218,5000,0
69009,5000,2
70440,5000,0
69963,10000,0
70674,5000,0
70661,10000,0
69946,5000,0
151479,10000,1
69955,15000,12
70425,15000,0
151565,15000,0
69874,10000,0
69995,10000,0
70685,5000,0
70144,5000,0
70163,15000,0
70232,15000,0
151449,5000,2
69866,5000,0
69841,5000,0
151519,10000,0
151498,5000,0
70384,5000,0
70221,15000,1
151517,5000,0
69966,5000,0
70070,5000,0
70499,5000,0
70129,15000,0
151598,5000,0
70606,5000,0
70137,5000,0
69796,5000,0
70722,10000,0
151528,5000,0
69940,5000,0
70130,15000,2
151559,5000,0
70235,5000,0
70326,5000,0
70372,10000,0
70076,5000,0
70527,5000,0
70602,5000,0
70073,5000,0
70399,5000,0
70002,10000,0
151489,10000,0
70078,5000,0
70755,5000,0
151485,5000,0
151475,5000,0
70140,10000,6
151477,5000,0
69898,5000,0
70213,5000,0
70271,5000,14
151460,10000,0
70114,5000,0
70206,15000,0
151469,5000,0
70668,5000,0
69947,15000,0
70708,5000,0
151439,5000,0
151594,5000,0
70060,15000,2
69834,5000,0
69777,5000,0
70093,5000,0
151421,5000,0
70311,5000,0
151419,10000,0
70704,10000,0
70739,5000,5
70557,10000,9
70650,5000,10
70655,5000,5
70299,5000,3
70143,15000,1
69900,5000,2
70041,5000,0
70264,10000,1
70719,5000,1
70560,5000,9
69876,5000,0
70422,15000,1
70586,5000,2
70283,5000,1
70572,5000,0
70727,5000,1
70483,5000,0
70475,15000,0
69932,5000,0
69817,5000,0
70127,5000,1
70737,5000,0
70088,5000,2
70198,5000,0
70374,5000,0
152040,5000,0
69998,5000,1
70748,5000,0
70364,10000,0
69813,15000,23
70033,5000,0
70084,15000,20
69902,5000,5
70688,5000,2
70006,5000,0
69800,5000,0
70238,5000,4
70710,10000,1
70021,5000,1
70733,5000,0
70074,5000,0
69912,5000,4
70488,5000,0
70286,5000,0
70584,5000,0
70420,5000,8
69929,5000,0
70042,5000,0
69959,5000,3
70484,15000,10
70303,5000,0
70678,5000,0
152908,5000,0
70324,5000,1
70652,10000,10
70139,5000,2
71113,5000,0
70862,5000,1
71627,10000,6
71173,5000,0
70799,5000,0
71141,5000,0
71683,5000,0
71176,5000,0
71751,5000,0
71496,10000,0
70769,5000,0
70812,5000,1
71750,5000,0
70897,5000,0
71481,5000,0
71519,5000,0
71334,5000,3
71284,15000,6
71001,5000,0
71363,5000,0
71369,5000,0
70973,10000,6
71066,5000,9
153686,5000,0
70831,5000,0
153683,5000,0
153691,5000,0
71196,5000,0
71020,5000,0
153701,15000,8
71673,5000,1
153680,5000,0
153702,15000,0
71388,15000,0
71532,5000,0
153675,5000,0
71074,5000,0
71619,5000,0
153669,5000,0
153671,5000,0
71027,5000,0
70785,5000,0
153668,5000,0
153709,10000,0
71104,10000,0
153708,10000,0
71297,10000,0
71756,5000,7
153666,5000,0
153664,5000,0
71272,15000,5
153661,5000,0
71302,10000,7
2606373,5000,0
71185,5000,0
153656,15000,1
71044,15000,20
70823,5000,0
153654,5000,0
71646,5000,0
153652,5000,0
71762,5000,0
71499,5000,10
71193,5000,1
71584,10000,3
71008,5000,15
70981,5000,2
70840,15000,0
71211,5000,0
71123,5000,6
70901,5000,3
71088,5000,4
71101,5000,0
71265,10000,0
71339,5000,0
72533,15000,0
71940,5000,1
72051,5000,0
72382,5000,0
72317,5000,0
71894,5000,0
72670,5000,0
72668,5000,0
72536,5000,0
72680,5000,0
72525,15000,0
72263,5000,0
72272,5000,0
72535,5000,0
72582,5000,0
72699,5000,0
72725,15000,0
72402,5000,0
71958,5000,0
72179,15000,0
71941,5000,0
71913,5000,0
72412,5000,0
72008,5000,0
72371,15000,0
72039,5000,0
72713,15000,0
71991,5000,0
71978,15000,4
72102,5000,0
71871,5000,2
71841,5000,0
71795,5000,14
71960,15000,0
71992,10000,0
72677,5000,0
72221,5000,0
75068,10000,42
154513,10000,0
78803,5000,0
75660,5000,0
155031,5000,0
79384,5000,0
75194,5000,0
75697,5000,0
77163,5000,0
78812,5000,0
154953,10000,0
77710,5000,0
75393,5000,0
74767,10000,14
154583,5000,1
75187,15000,0
79302,5000,0
155898,10000,0
74903,5000,0
75428,5000,2
75303,5000,0
154656,10000,0
75478,5000,0
75666,5000,0
154524,5000,0
75615,5000,0
78282,5000,0
79148,10000,1
78632,5000,0
78163,5000,0
78172,5000,0
78434,5000,0
74808,5000,0
74809,5000,2
75154,15000,0
78003,5000,0
75083,5000,0
76901,5000,2
74949,5000,2
75112,5000,0
75174,5000,0
78795,5000,0
78937,5000,0
74834,5000,0
74188,5000,0
74612,10000,0
77377,10000,0
77987,5000,0
74549,5000,0
74414,5000,2
74666,5000,0
155290,5000,0
78541,15000,0
74697,5000,0
73749,5000,0
154709,5000,0
79701,5000,0
154501,15000,0
156085,5000,0
155509,5000,0
154457,5000,2
77861,5000,0
78657,15000,0
78259,10000,0
77894,5000,0
77998,5000,0
154504,15000,0
72225,15000,0
77790,5000,0
78226,10000,0
78127,5000,1
74340,10000,0
156013,5000,0
74105,5000,0
74509,5000,0
77096,5000,0
74687,5000,2
78706,10000,0
74543,5000,0
74557,5000,0
74353,15000,0
73801,5000,0
78711,15000,0
78113,5000,0
77954,5000,0
78624,5000,0
74196,5000,0
154952,15000,0
78105,15000,0
154569,5000,0
78150,5000,0
74636,5000,0
155958,5000,0
156335,10000,0
78050,10000,21
154503,10000,0
75355,15000,0
77303,5000,0
73815,5000,0
74344,5000,0
78569,5000,0
78032,5000,0
78251,15000,0
78325,10000,0
155353,15000,0
73975,10000,0
74723,10000,0
78459,5000,0
78356,5000,0
73802,5000,0
77761,5000,0
74247,5000,1
73763,5000,0
155866,5000,0
77230,5000,0
74207,5000,0
156824,5000,0
74494,5000,0
73894,5000,0
78703,5000,0
78605,5000,0
73891,5000,6
74682,5000,0
73898,15000,0
155487,5000,0
74056,5000,0
78439,5000,0
156861,10000,0
74238,10000,0
156074,5000,0
77311,5000,0
77592,10000,0
76121,5000,0
73773,5000,0
155858,5000,0
73101,5000,0
77629,5000,0
77266,5000,0
73721,5000,0
77727,10000,0
77424,5000,0
156562,5000,0
77645,5000,0
77625,5000,0
73178,5000,0
156895,5000,0
78939,5000,0
78038,5000,0
77116,5000,0
73306,10000,0
77334,10000,1
154929,5000,0
77347,5000,0
156696,5000,0
156595,5000,0
73358,5000,0
154529,5000,0
73601,5000,0
77052,5000,0
76509,5000,0
77707,5000,0
73025,5000,0
81642,5000,0
154462,15000,0
72944,5000,0
73104,10000,0
154585,10000,0
73595,10000,0
73089,5000,0
76944,10000,0
72752,5000,0
156627,10000,0
77035,10000,0
72763,5000,0
155190,5000,0
72528,5000,0
72676,10000,0
156289,5000,0
73071,5000,0
72594,10000,0
76868,5000,0
77314,5000,0
77304,5000,0
72531,5000,9
156441,5000,0
77893,10000,0
72099,5000,0
75372,5000,0
154712,5000,0
71967,10000,0
73968,5000,0
72490,5000,0
76745,5000,0
77469,5000,0
76741,15000,0
155953,5000,0
156815,5000,0
154471,10000,0
81676,5000,0
818831,5000,0
80936,5000,0
80945,5000,0
81430,5000,0
81661,5000,1
81436,5000,0
156913,5000,0
81656,10000,15
80928,10000,0
81474,10000,3
81297,10000,0
81037,5000,1
81609,5000,4
80821,10000,0
80959,5000,0
81241,5000,0
81692,5000,8
693213,5000,0
80913,15000,0
81490,5000,3
81052,10000,10
81108,10000,0
80962,5000,0
81271,5000,0
81128,5000,0
81077,5000,2
81539,5000,0
81038,10000,0
81500,5000,0
80935,5000,2
80827,5000,0
81102,10000,0
81479,5000,0
81714,5000,0
80897,10000,0
81633,5000,0
80850,5000,0
81622,5000,0
81440,5000,0
81570,5000,0
81510,10000,2
81230,5000,0
157121,5000,0
157066,5000,0
156995,15000,0
81548,5000,0
81564,5000,0
80857,15000,0
81556,10000,0
81383,5000,2
81455,5000,0
81293,5000,0
80799,5000,0
81018,5000,0
81316,5000,0
81267,5000,0
81627,5000,0
82629,5000,0
82317,15000,2
82274,5000,0
81863,10000,0
82626,10000,0
81737,15000,0
82161,5000,0
82687,5000,0
81897,5000,0
82400,5000,0
82404,5000,0
82564,5000,0
81835,5000,0
82163,5000,0
81950,15000,0
82277,5000,0
82370,5000,0
81751,10000,0
82474,5000,0
81999,10000,0
81929,5000,0
82508,5000,0
82076,5000,0
82544,5000,0
81723,5000,0
81910,15000,0
82247,5000,0
82693,5000,0
82272,5000,0
82342,5000,0
82190,5000,0
81879,5000,0
82613,5000,0
82217,10000,0
82472,5000,0
82354,5000,0
82499,10000,0
82213,5000,0
82704,5000,0
81717,5000,0
81846,10000,0
82521,15000,1
82491,15000,0
82597,5000,0
82360,5000,0
82393,5000,0
82318,15000,9
2334947,5000,0
81763,15000,1
82228,5000,0
82453,5000,0
81771,5000,0
82009,5000,0
81853,5000,0
82450,5000,0
81937,15000,0
81996,5000,0
82672,5000,0
82041,5000,0
81740,15000,0
82529,5000,0
82275,5000,0
81867,5000,0
82531,10000,0
82518,5000,0
82034,15000,0
82019,5000,0
82452,10000,0
82436,5000,0
81764,5000,0
82244,5000,0
82554,10000,0
82636,10000,0
83586,5000,0
82910,5000,0
83492,5000,0
83019,5000,0
83198,5000,0
83120,5000,0
83144,15000,0
83565,5000,0
82932,5000,0
82598,5000,0
82728,5000,2
84616,5000,1
83851,5000,14
84011,5000,3
84506,5000,0
84050,10000,6
84015,5000,0
83946,5000,6
83726,5000,3
84601,5000,3
84010,5000,0
84236,5000,0
84168,5000,1
83867,5000,0
84014,5000,1
158256,5000,2
158444,5000,1
158475,5000,8
158454,5000,3
158450,5000,0
158452,10000,6
158437,5000,0
158433,5000,6
158417,5000,3
158407,5000,3
158248,10000,16
158390,5000,3
158396,5000,1
158386,5000,0
158387,5000,0
158385,5000,1
158362,5000,3
158371,5000,6
158326,5000,2
158328,5000,2
158312,5000,0
158306,5000,16
158276,10000,7
158231,5000,0
158226,5000,3
158236,5000,1
158494,5000,4
158206,5000,13
158205,5000,2
158204,5000,0
84696,5000,2
1285218,5000,5
82965,5000,4
83034,5000,2
83016,5000,0
83635,5000,17
83535,10000,10
82892,5000,0
83275,5000,0
83344,5000,1
82895,5000,0
83520,5000,13
83085,5000,2
82951,5000,0
158848,5000,2
2534569,5000,2
158862,5000,7
84640,10000,61
158945,5000,13
158602,5000,2
85036,5000,0
85654,5000,5
85347,5000,0
85560,5000,0
85191,5000,0
85034,5000,0
84919,15000,2
84914,5000,0
85062,5000,0
85553,5000,0
85199,15000,78
85106,5000,0
84878,5000,3
84916,5000,0
85008,5000,7
85095,5000,0
85562,5000,9
85217,5000,7
84904,5000,10
159021,5000,0
85366,5000,2
85149,10000,9
85346,5000,3
85289,5000,0
85221,5000,0
84959,5000,0
85462,5000,0
85250,5000,0
85177,5000,0
84991,5000,0
84848,10000,18
85172,5000,0
85171,5000,0
85586,5000,0
87187,15000,0
87541,5000,0
86319,5000,0
87053,10000,22
86565,10000,0
86231,5000,0
86472,5000,0
86030,5000,0
85782,5000,0
85982,10000,0
85723,5000,0
86642,5000,0
86536,5000,0
86192,5000,4
85708,5000,0
86391,15000,52
86688,5000,0
86338,5000,0
86530,5000,0
86187,5000,2
86241,5000,0
86551,5000,6
86103,5000,0
85276,5000,0
85460,10000,0
85153,5000,0
159396,5000,0
87225,5000,0
90856,5000,0
91449,5000,2
91170,10000,2
91291,5000,0
90760,5000,1
90757,10000,6
91348,10000,2
91381,5000,0
91639,5000,0
91086,5000,0
90672,5000,4
90933,5000,0
91288,5000,0
90682,5000,0
91093,5000,0
90859,5000,0
90676,5000,0
91462,5000,10
90158,5000,4
89906,15000,0
90336,5000,0
90532,5000,0
90177,5000,0
90087,5000,0
90232,5000,0
90472,5000,0
90611,10000,4
89998,5000,0
90531,5000,0
89965,5000,4
90569,15000,13
90436,5000,0
89962,5000,0
90114,5000,0
90418,5000,0
90061,5000,0
89716,5000,11
90128,5000,0
90143,10000,2
89427,5000,2
90406,5000,0
90011,5000,0
90034,5000,0
159460,5000,0
90661,5000,4
90122,5000,2
90038,5000,42
90211,5000,0
89770,10000,0
89988,15000,123
90102,5000,4
89704,5000,0
89779,5000,0
89920,5000,3
90299,5000,0
90206,5000,0
90167,10000,0
90414,5000,0
90398,5000,0
90076,5000,0
90193,5000,0
90519,5000,0
90523,5000,3
90441,5000,0
90080,5000,0
90504,5000,3
90489,5000,0
88677,5000,0
88904,5000,0
88676,5000,0
89171,5000,0
88911,5000,0
89479,5000,0
88709,5000,0
88726,5000,0
88874,5000,0
89208,10000,5
89360,5000,0
88836,5000,0
89662,5000,0
89629,5000,0
89473,5000,0
89205,5000,2
89067,5000,0
89181,5000,0
88891,5000,0
88949,5000,2
89006,5000,0
88948,5000,2
88688,5000,0
86919,5000,0
89647,10000,5
89185,5000,0
88939,5000,0
91503,15000,0
89521,5000,0
88905,5000,0
89401,5000,0
88785,5000,0
89091,5000,0
89355,5000,0
89176,15000,5
88772,5000,0
89429,5000,0
88982,5000,0
89184,5000,0
89157,5000,0
89605,5000,0
89018,5000,10
88830,5000,7
89423,5000,0
88917,5000,0
89594,5000,5
89452,5000,0
88805,5000,4
89215,5000,0
87285,5000,0
88789,5000,0
88957,5000,0
88489,5000,8
88608,5000,14
88239,5000,0
88008,5000,0
88212,5000,14
88267,5000,5
87918,5000,0
88063,5000,3
88367,5000,0
87853,5000,1
91410,10000,0
87967,5000,0
87864,5000,0
88110,5000,0
88337,5000,0
87998,5000,3
88193,5000,0
87942,5000,0
88518,15000,3
89572,5000,0
88232,5000,0
88514,5000,2
87872,5000,0
87767,5000,27
88340,5000,14
88345,5000,0
88174,5000,0
88449,5000,1
88402,5000,0
87915,10000,1
87976,5000,0
88275,5000,0
88604,5000,0
88396,5000,0
88374,5000,0
88093,5000,0
88288,5000,0
87238,5000,0
87629,5000,0
86776,5000,0
86763,5000,0
87435,5000,0
87196,5000,0
86988,5000,0
86847,5000,0
87007,5000,30
86791,5000,1
87557,5000,0
86886,5000,0
87373,5000,5
87422,5000,6
87168,10000,3
87261,5000,0
86802,5000,8
86748,5000,0
86911,5000,0
86849,5000,0
87216,5000,0
87094,5000,0
87650,5000,0
87388,5000,0
86760,5000,0
87410,5000,0
86993,10000,3
92232,5000,0
92573,5000,0
91714,5000,0
92510,10000,0
91974,5000,0
159575,10000,0
92407,5000,0
92584,5000,0
92583,5000,0
92626,5000,0
92417,5000,0
92493,5000,0
91834,5000,0
92495,5000,0
91774,5000,0
91739,5000,0
91902,15000,0
92302,5000,0
92339,15000,0
91841,5000,0
91757,15000,1
91765,15000,1
92348,5000,0
92295,5000,0
91995,5000,0
91962,5000,0
92110,5000,0
92460,5000,0
91684,5000,0
92056,5000,0
92643,15000,76
91794,5000,0
90724,5000,0
92117,5000,0
92340,5000,0
91523,5000,0
91300,5000,0
91176,5000,0
91167,10000,0
91370,15000,0
91514,5000,0
91652,5000,0
91022,5000,0
90723,5000,0
91146,5000,0
91522,15000,0
91038,5000,0
91059,5000,0
90896,10000,0
90918,5000,0
90841,10000,0
91399,5000,0
91317,5000,0
91620,5000,0
90909,15000,0
91667,15000,0
91389,10000,0
91234,15000,1
91384,5000,0
90819,5000,0
90999,10000,0
91630,5000,0
91154,5000,0
91495,5000,0
90862,10000,0
91547,5000,0
91605,5000,0
91265,5000,0
91505,5000,0
91119,5000,0
2387984,5000,0
159610,5000,0
90737,5000,0
90829,5000,0
92945,5000,0
92866,5000,5
92750,5000,0
92969,5000,4
94189,5000,0
159966,5000,0
93850,5000,3
93723,5000,0
93982,5000,0
94049,5000,0
94058,5000,5
94228,5000,0
94550,5000,1
94088,5000,3
94059,5000,0
94235,5000,3
93843,5000,0
94540,5000,1
92725,5000,0
94491,5000,0
159708,10000,6
94021,5000,0
92081,5000,0
92512,5000,2
159952,5000,3
94169,5000,2
92864,10000,12
94416,5000,4
94559,5000,5
92030,5000,3
92947,5000,0
93194,5000,0
159779,5000,2
159717,5000,0
92914,5000,2
91683,5000,0
92644,5000,0
93262,5000,0
92706,5000,0
94404,5000,0
92150,15000,19
159700,15000,20
93342,5000,0
91950,5000,4
159921,10000,11
93095,5000,2
93352,5000,0
93613,5000,0
159864,5000,0
94223,10000,3
92269,5000,10
94772,5000,2
94812,5000,0
95949,5000,3
95456,5000,0
94893,5000,31
95638,5000,2
95118,5000,3
160190,5000,0
160191,5000,0
94946,5000,0
160049,10000,4
94771,5000,0
160097,5000,0
95200,5000,39
94904,5000,0
160114,5000,24
95314,5000,5
94751,5000,0
160246,5000,0
160192,5000,7
94742,5000,6
160170,5000,0
160104,5000,1
94759,5000,0
94863,5000,5
95222,15000,4
95716,5000,0
96068,5000,0
96062,5000,0
95411,5000,4
96042,5000,0
95242,5000,1
95852,5000,0
95383,5000,0
95693,5000,1
95313,5000,0
95585,15000,47
100508,5000,0
100086,5000,0
99958,5000,0
99447,5000,1
99482,5000,0
99148,5000,0
99483,15000,0
99768,5000,0
99315,5000,2
99305,5000,6
98850,5000,0
98940,5000,1
98355,5000,0
98738,5000,3
163482,5000,0
163714,5000,0
163758,5000,0
163063,5000,1
163304,5000,0
163576,5000,0
163021,5000,0
163577,5000,0
163491,5000,10
163385,5000,0
163458,5000,0
163763,5000,3
163439,5000,0
163779,5000,0
163716,5000,0
163689,5000,0
163389,5000,0
163562,5000,0
163644,5000,0
163659,5000,0
97141,5000,0
97413,5000,0
97710,5000,0
97226,5000,0
97286,5000,0
96695,5000,0
96812,5000,0
101072,5000,0
100960,5000,0
100853,5000,0
100955,5000,0
100119,5000,0
100472,5000,0
96710,5000,0
96122,5000,0
96879,5000,0
96229,5000,0
100583,15000,10
100535,5000,1
100935,5000,0
100126,5000,0
100575,5000,9
100757,5000,0
100458,5000,4
104693,5000,4
165079,5000,4
104580,5000,0
105504,5000,0
105517,5000,1
103795,5000,1
105932,5000,1
165221,5000,0
103302,5000,2
103931,5000,0
104939,5000,0
103798,5000,0
103883,10000,5
103494,5000,5
103659,5000,4
164686,5000,1
104145,10000,10
165074,10000,1
103985,5000,2
103529,5000,3
105002,5000,2
103670,5000,0
103277,5000,0
103807,5000,0
105080,5000,2
104647,5000,5
103821,5000,0
103442,5000,0
105248,5000,0
103924,5000,12
105821,5000,0
103820,5000,2
104518,15000,34
103656,5000,4
103306,5000,0
105945,5000,1
103979,5000,0
104967,5000,0
103534,5000,4
103943,5000,0
103734,5000,1
104039,5000,0
164590,5000,0
103710,5000,5
103725,5000,1
103301,5000,0
103101,5000,5
164561,5000,0
103497,5000,2
165228,5000,0
164749,15000,26
165269,5000,1
169280,5000,0
169278,5000,32
104014,5000,0
169218,5000,15
105087,10000,4
102375,5000,0
102984,5000,1
102100,10000,3
102585,5000,1
102231,5000,0
105384,10000,1
103045,5000,3
104260,5000,0
102357,5000,4
104685,5000,0
102959,5000,6
102745,15000,15
104791,10000,0
112708,5000,6
104508,10000,3
105407,10000,0
102393,5000,0
102757,5000,4
164470,5000,0
102158,5000,4
102301,10000,14
104183,5000,0
102874,5000,0
102516,5000,2
104856,5000,5
104354,5000,0
102385,5000,6
102485,5000,0
165284,5000,0
103078,5000,6
102870,5000,0
102378,10000,2
102554,5000,4
105879,5000,0
104295,15000,10
104879,5000,5
103080,5000,8
102268,5000,1
104442,5000,1
104898,5000,0
102151,10000,10
102634,5000,0
102322,5000,1
102403,5000,0
102701,10000,15
102706,5000,3
102780,5000,0
165299,5000,0
104366,5000,2
104758,5000,0
102740,15000,9
102979,5000,0
102280,5000,1
102263,5000,0
164247,5000,5
102758,10000,11
169142,5000,2
104659,5000,3
102348,5000,0
102737,5000,0
102627,5000,0
104846,5000,0
102991,5000,0
102996,5000,0
102623,5000,0
105089,5000,5
102904,15000,15
102287,5000,0
102192,5000,1
104886,5000,2
101944,5000,0
102932,5000,1
102994,5000,0
102225,5000,5
104360,10000,4
102811,5000,2
103071,5000,5
102464,5000,0
104975,15000,5
102836,5000,4
104159,5000,12
102673,5000,4
102180,5000,0
104134,5000,0
102095,5000,3
101367,5000,0
101472,5000,0
164208,5000,0
101982,5000,0
104378,15000,15
106057,5000,3
101802,5000,3
101873,5000,1
101462,10000,10
101101,5000,17
102076,5000,1
101930,10000,7
101348,15000,4
101177,5000,3
106013,5000,2
105262,5000,2
101294,5000,3
101318,5000,1
102583,5000,0
163819,10000,13
104373,5000,0
101983,5000,3
101853,5000,1
101811,5000,0
101906,5000,0
101874,5000,0
101535,5000,1
101498,15000,19
105096,5000,0
101887,5000,0
101140,10000,7
101530,5000,5
101356,15000,8
102087,5000,0
101769,15000,41
101136,5000,2
101120,10000,5
101987,5000,0
101137,5000,0
111851,5000,23
101478,5000,0
102031,5000,0
104246,5000,0
101971,5000,3
102038,5000,1
102006,5000,9
112016,5000,0
101638,5000,0
101647,5000,12
101611,5000,0
101790,5000,0
102090,5000,4
101649,5000,6
101637,5000,4
101792,5000,8
104194,5000,0
101423,5000,1
101147,5000,7
101732,5000,0
101882,5000,0
101781,5000,4
101991,5000,0
104895,5000,1
101194,10000,2
104926,10000,2
101245,5000,2
102184,5000,0
102032,5000,2
101300,5000,2
101747,5000,2
103567,10000,2
101214,15000,9
101596,5000,3
104711,5000,10
101393,10000,8
104756,5000,1
104247,5000,0
163908,5000,2
105124,5000,2
102815,5000,2
100421,5000,3
100254,5000,0
101032,5000,4
104216,10000,12
100927,5000,3
100844,15000,9
100538,5000,0
100362,5000,0
100102,15000,17
100947,5000,1
165282,5000,0
100534,10000,8
100249,5000,0
103747,15000,17
100230,5000,1
100237,5000,0
111280,5000,20
100417,5000,2
105617,5000,0
100623,5000,1
100720,5000,4
100743,5000,1
100906,5000,4
100263,5000,0
100779,5000,0
100922,5000,0
105243,15000,0
105276,5000,0
105479,5000,0
106069,5000,0
105564,5000,0
106019,5000,0
105558,5000,0
105547,10000,0
105687,10000,0
106018,5000,0
106036,5000,0
105250,5000,0
105153,15000,0
105621,5000,0
105807,5000,0
105685,5000,0
105952,15000,0
105666,15000,0
105973,5000,0
105166,5000,0
105350,15000,0
105110,5000,0
105103,10000,0
105549,5000,0
105330,10000,0
105561,5000,0
106051,5000,0
105477,5000,0
106094,5000,0
106035,5000,0
106001,5000,0
105398,5000,0
105714,5000,0
105259,5000,0
105374,5000,0
106024,5000,0
105613,5000,0
105839,10000,0
105619,15000,4
105876,10000,0
105426,10000,0
106058,15000,4
105650,5000,0
105726,5000,0
105518,5000,0
105987,5000,1
165767,5000,0
106447,5000,0
165746,5000,0
106663,5000,0
165738,5000,0
106179,10000,8
165736,10000,3
105553,5000,2
165723,5000,0
165713,5000,0
105727,5000,0
165703,5000,0
105623,5000,4
165698,5000,0
105102,5000,0
165665,5000,0
105725,5000,0
165659,5000,0
105218,5000,2
105652,5000,5
165642,5000,3
105886,5000,0
165636,5000,0
105390,10000,28
165583,10000,26
105443,5000,1
165511,5000,1
106032,5000,0
105887,5000,0
165551,5000,0
165536,5000,0
106053,5000,1
165620,5000,1
106256,15000,63
1212199,5000,0
106691,5000,0
106300,5000,0
106390,5000,9
107043,5000,2
106545,5000,0
165842,5000,0
106525,5000,0
106554,10000,13
106789,5000,0
106186,5000,0
106115,15000,60
106531,5000,0
107088,10000,31
106603,5000,2
106986,5000,0
106626,5000,0
106863,10000,0
106122,5000,0
106686,5000,0
107052,5000,2
106326,15000,0
106324,5000,0
106884,5000,4
107032,5000,1
106409,15000,5
107062,5000,0
106868,5000,0
107051,5000,0
106207,5000,0
106308,5000,0
106973,5000,0
106590,5000,0
107358,5000,0
107965,5000,0
107833,5000,0
107313,5000,0
106946,5000,0
106295,10000,0
106804,5000,0
107341,5000,0
106791,5000,0
107033,5000,0
108020,5000,0
107426,5000,0
108050,5000,0
107850,15000,0
107126,5000,0
107778,5000,0
107145,15000,0
107755,5000,0
107472,5000,0
107115,5000,0
107101,10000,0
107326,5000,0
107102,10000,7
107254,5000,0
107785,5000,0
107991,5000,0
107651,5000,1
107619,15000,0
107824,5000,0
107214,10000,7
107414,5000,0
166959,5000,0
166952,5000,0
166605,5000,0
166846,5000,0
166817,5000,0
166797,5000,0
166735,5000,0
108822,15000,0
107701,5000,0
108300,5000,0
108615,5000,0
109035,5000,0
108250,5000,0
107263,5000,0
107809,5000,0
108037,5000,0
107637,5000,0
107175,5000,0
107804,5000,0
108603,5000,27
107179,5000,0
166783,15000,0
107141,5000,0
107608,5000,2
107429,5000,0
107759,5000,2
107660,5000,0
107952,5000,0
108000,5000,0
108404,10000,20
108886,5000,0
108675,5000,4
108397,15000,0
108624,5000,0
108350,5000,0
108602,5000,0
108612,5000,0
108780,5000,0
108639,5000,5
167656,5000,0
108701,5000,0
167668,5000,0
109047,5000,2
108569,5000,0
108851,5000,0
108671,5000,0
108334,5000,0
109079,5000,0
108959,5000,7
108299,5000,0
108405,10000,2
108660,5000,0
108742,5000,25
108169,15000,1
109546,15000,0
111030,5000,0
109809,5000,0
109268,5000,0
168780,5000,0
110010,5000,0
109186,5000,0
167857,5000,0
109847,5000,7
168786,5000,0
110320,5000,0
109501,15000,0
109535,5000,0
109638,15000,20
109085,5000,0
109089,5000,0
109698,5000,0
110263,5000,0
167955,5000,0
110883,5000,0
109866,5000,0
109899,5000,0
109865,5000,0
111057,5000,0
109908,5000,0
110138,15000,0
109967,5000,0
109169,5000,0
109622,10000,0
109235,15000,0
109553,5000,0
110133,5000,0
110811,5000,0
110024,5000,0
109518,5000,3
168190,5000,3
109857,5000,0
167962,5000,0
109584,5000,0
109209,10000,0
109678,10000,5
109148,5000,21
109850,15000,0
110146,5000,0
110534,5000,0
109252,5000,0
109256,5000,0
110475,15000,9
109887,5000,0
109141,5000,0
109590,5000,0
110771,5000,0
110785,5000,0
109957,5000,0
110864,5000,0
168754,5000,0
110855,5000,0
109628,15000,0
109849,5000,0
109372,15000,0
168065,5000,0
110005,5000,6
109834,5000,0
109510,5000,0
110800,5000,0
109743,5000,0
109475,5000,0
109776,5000,0
168251,5000,0
109839,5000,0
167915,5000,0
109566,5000,0
109470,15000,1
168672,5000,0
109495,5000,0
110075,5000,0
109952,5000,0
109816,5000,0
110371,5000,0
168742,5000,0
109530,5000,0
108550,5000,0
108331,5000,0
168770,5000,0
110160,5000,0
168351,5000,0
110801,15000,7
108925,5000,0
109049,5000,0
168153,5000,0
108683,5000,0
109015,5000,0
108880,5000,0
110834,15000,0
110420,5000,0
110132,10000,0
168457,5000,0
109542,10000,0
108966,5000,0
108930,5000,0
108324,5000,0
168105,5000,0
168747,5000,0
108204,5000,0
110432,5000,2
110431,10000,0
168789,5000,0
110817,5000,0
110556,5000,0
168357,5000,2
110341,5000,0
167939,5000,0
109097,15000,2
168748,5000,0
108962,5000,0
168844,5000,2
168870,5000,1
110084,5000,0
110575,5000,0
168865,5000,0
110528,5000,0
110248,15000,5
110833,5000,1
168862,5000,0
168859,10000,0
110671,15000,0
110663,15000,5
110618,15000,0
168856,5000,0
110247,5000,3
168855,15000,0
110982,5000,0
110931,5000,0
110260,15000,27
110433,5000,0
110960,5000,0
110262,5000,0
110202,5000,0
110322,5000,0
110756,5000,0
110501,5000,0
110516,5000,0
110368,5000,0
110410,5000,0
110678,5000,0
110191,5000,0
110479,5000,0
110988,5000,0
110189,5000,4
112681,5000,0
169258,5000,17
112244,5000,13
112371,5000,8
112953,5000,0
112635,5000,10
112446,5000,0
169223,5000,3
112785,15000,19
169288,5000,1
169354,10000,13
112168,15000,7
169279,5000,21
169277,5000,68
169147,5000,6
112844,5000,0
112258,5000,0
169417,5000,0
112677,5000,0
113018,5000,4
112777,15000,9
112197,5000,1
113023,5000,2
111293,5000,0
111373,5000,0
111235,5000,20
111931,5000,8
169368,10000,2
111291,10000,1
111322,15000,123
111845,5000,0
111547,5000,5
111786,10000,1
112064,5000,2
112009,5000,2
111191,5000,11
111982,5000,1
111691,10000,13
111558,5000,4
111296,15000,56
112042,5000,0
111622,5000,2
169127,5000,18
169117,5000,27
111147,5000,0
111131,5000,1
169099,5000,1
112013,5000,5
169047,5000,0
111607,5000,18
169176,5000,0
111192,5000,4
111457,5000,6
111284,5000,0
111583,5000,9
111597,5000,0
111806,10000,21
111049,5000,1
112137,5000,0
112879,15000,13
118852,5000,0
120194,5000,1
123102,5000,0
123056,5000,0
127585,10000,0
118249,5000,1
127090,5000,0
171902,15000,0
124643,5000,0
127181,5000,0
122449,5000,0
125994,5000,2
128391,5000,0
121697,5000,0
170340,10000,2
125405,5000,0
118490,5000,2
118534,5000,2
171075,5000,2
126348,5000,0
122430,5000,3
113496,5000,1
113217,5000,0
114061,5000,0
119652,5000,0
126802,5000,1
118913,10000,2
122672,5000,6
125320,5000,0
115730,10000,1
170341,10000,2
115428,5000,0
119013,5000,0
118998,5000,0
128677,5000,4
122788,5000,7
125289,5000,5
169823,5000,0
127255,5000,0
112322,5000,0
127287,5000,2
122427,5000,0
120358,10000,62
127274,5000,0
113682,5000,0
125492,5000,8
117540,5000,0
171788,15000,14
122111,15000,51
118252,5000,0
125124,5000,0
122583,5000,3
125531,5000,0
122883,5000,0
120948,5000,0
113182,5000,3
126789,5000,17
170345,5000,0
118877,5000,0
116299,5000,0
170346,5000,3
119674,5000,0
126328,5000,0
125789,5000,0
170347,5000,0
117371,5000,4
116980,10000,0
117879,5000,0
120045,5000,0
119938,5000,0
120473,15000,28
126555,5000,0
116271,5000,0
170446,5000,0
117613,5000,0
113638,5000,6
124010,5000,1
127063,5000,0
118492,5000,0
126527,5000,1
115553,5000,0
115926,5000,2
117186,5000,0
114929,5000,0
116997,10000,1
126372,5000,0
113488,5000,0
122099,5000,0
126091,5000,0
118693,5000,4
126721,5000,9
122855,5000,0
118355,15000,0
126671,5000,6
119325,5000,0
113308,5000,0
116882,5000,0
125822,5000,0
118104,5000,0
126880,10000,1
172185,10000,3
119457,5000,0
121933,10000,2
126288,5000,0
116790,5000,0
169759,10000,2
117563,5000,0
123140,5000,0
119856,5000,6
128780,5000,3
116016,5000,0
126163,5000,0
123487,5000,0
122901,5000,0
126366,5000,0
126809,5000,0
127244,10000,0
120131,5000,0
122810,5000,0
126222,5000,0
124067,5000,0
127095,5000,0
124745,5000,2
126552,5000,0
127324,5000,2
114379,5000,0
128847,5000,0
126376,5000,0
126791,5000,2
122468,5000,0
170189,5000,0
116854,5000,0
123982,5000,0
122039,5000,0
126369,5000,0
127459,5000,0
113714,5000,6
121011,5000,0
118328,10000,0
117032,10000,0
118122,10000,0
115525,5000,0
170349,5000,0
126680,5000,5
126605,10000,0
118213,5000,0
126817,5000,0
113119,5000,0
126554,5000,1
118944,5000,0
125889,5000,2
126022,5000,0
126159,5000,0
118924,5000,0
121774,5000,0
123304,5000,9
127108,5000,0
125983,5000,0
116183,5000,0
115701,5000,0
128029,5000,0
120001,5000,0
170351,5000,0
123269,5000,1
119549,5000,0
126462,5000,1
127112,5000,0
113234,5000,0
116646,5000,0
128078,5000,0
113158,5000,2
126863,5000,0
128997,10000,23
172716,10000,0
118499,15000,0
170352,5000,0
123591,5000,3
126445,5000,7
112200,5000,0
115422,5000,0
114343,10000,0
126460,5000,0
114360,5000,0
126353,5000,0
118925,5000,0
123875,5000,9
116099,5000,0
123410,5000,0
113546,10000,2
123248,5000,0
122498,5000,0
120437,5000,0
114318,5000,0
116028,5000,0
128426,5000,0
119065,5000,0
172736,15000,54
117928,5000,0
126241,5000,0
115859,5000,0
113485,5000,0
126385,5000,3
126933,5000,0
121521,5000,0
118116,5000,1
128052,5000,0
127930,10000,0
119037,5000,0
115054,5000,0
115068,5000,0
122523,5000,3
113087,5000,0
126398,5000,2
126549,15000,0
115721,10000,0
120821,5000,1
127642,5000,0
114906,5000,0
125083,5000,28
122769,5000,0
123511,15000,16
125864,5000,0
118629,5000,0
118702,5000,0
115995,5000,0
117640,10000,0
125126,5000,0
118735,5000,0
116040,5000,0
115166,5000,0
113948,5000,3
113143,5000,0
127306,5000,0
122093,5000,0
125223,10000,9
121176,5000,0
113884,5000,0
112964,5000,0
126268,5000,0
127590,5000,0
112513,5000,0
170354,15000,1
126397,5000,0
122417,5000,0
117957,5000,0
126172,5000,0
121040,5000,10
117143,10000,0
119419,5000,2
115521,5000,0
117290,10000,0
123214,15000,17
122674,5000,0
119416,5000,0
116550,5000,0
125169,5000,0
119114,5000,0
117392,5000,0
117621,5000,0
127758,5000,0
120340,5000,0
119485,5000,0
124571,5000,0
126558,5000,0
126642,5000,1
126659,5000,14
127192,5000,0
117363,10000,0
114960,5000,0
122823,5000,0
126846,5000,0
126250,5000,0
113088,5000,0
170311,5000,0
114161,5000,0
127069,5000,0
113381,5000,0
126616,5000,0
128014,5000,0
118550,5000,0
126808,5000,0
122871,5000,2
118959,5000,0
113415,5000,0
120345,5000,0
125454,5000,0
117951,15000,0
126034,15000,2
124462,5000,0
118672,5000,0
126633,5000,0
113474,5000,3
113342,5000,0
127904,10000,12
170356,10000,133
126080,5000,4
128235,5000,0
126285,5000,0
128352,5000,0
123716,15000,8
116745,5000,0
126145,5000,0
127440,5000,0
128089,5000,1
126786,5000,0
118922,5000,0
119729,5000,0
126441,5000,4
126975,5000,0
126513,5000,0
122922,5000,0
123569,5000,0
120189,5000,0
126869,5000,0
118901,5000,0
126588,5000,1
170357,5000,2
122187,5000,0
127421,5000,0
126139,5000,0
128364,5000,0
127596,5000,0
118731,15000,0
126103,5000,0
126373,15000,44
126964,10000,18
127003,15000,2
126710,5000,1
126374,15000,0
114729,5000,0
126840,5000,0
126902,5000,0
126572,5000,0
126317,5000,1
126160,5000,0
114401,5000,0
125696,5000,0
128526,10000,46
123476,5000,10
115117,5000,0
126472,5000,0
125744,5000,0
123262,5000,0
120903,5000,0
120899,10000,76
123589,5000,0
128669,5000,0
127591,5000,0
114155,5000,0
116161,5000,0
120961,5000,0
116967,5000,0
113921,5000,0
119338,5000,0
119822,5000,7
124077,5000,9
121967,5000,0
126437,5000,0
126183,5000,0
127929,5000,0
129853,5000,4
125161,5000,0
123333,5000,0
128990,5000,0
113252,5000,0
114071,5000,3
126618,5000,0
126021,5000,2
125923,5000,2
122131,15000,24
118180,5000,0
126362,5000,0
126471,5000,3
124980,5000,0
114543,5000,0
126493,5000,0
122941,5000,0
125319,10000,0
118025,5000,2
118284,5000,0
126155,5000,0
126296,5000,0
126525,5000,0
126609,5000,0
128929,5000,8
126200,5000,13
126254,5000,0
119180,5000,1
126417,5000,0
126327,5000,0
118299,5000,0
121479,5000,0
170360,5000,0
171961,15000,0
123477,5000,5
113920,10000,4
119353,5000,1
126083,5000,0
128543,5000,0
113999,5000,1
116510,5000,0
128104,5000,0
126371,5000,0
171965,15000,1
114669,5000,0
118254,5000,0
170361,5000,0
116800,5000,0
116132,5000,0
121420,5000,6
123607,5000,2
129254,15000,35
129625,5000,3
129534,5000,0
129261,5000,0
129418,5000,0
129107,5000,0
129294,5000,0
129887,5000,4
129127,5000,0
129817,5000,0
130031,5000,0
129964,5000,1
129160,5000,0
129371,5000,0
129141,5000,0
129520,10000,0
129648,5000,0
129754,15000,6
129406,5000,2
129969,5000,0
129968,5000,0
129718,5000,0
129914,5000,0
129992,5000,0
129106,10000,0
129369,15000,0
129324,5000,0
129867,5000,0
129998,5000,0
129823,5000,0
129552,5000,0
129412,15000,13
129704,5000,0
129901,5000,17
130010,10000,9
129430,5000,0
129588,5000,0
129142,10000,1
129632,10000,103
129101,5000,0
129562,5000,0
129265,5000,0
129415,5000,0
129353,5000,0
129480,5000,0
129296,5000,0
129666,5000,0
130542,5000,0
129411,5000,0
129126,5000,1
129927,5000,0
129812,5000,0
129281,5000,0
129757,5000,0
129299,15000,0
129091,15000,0
129944,5000,0
130722,10000,0
129114,5000,0
173213,10000,0
173228,5000,0
173155,5000,0
173144,10000,0
173137,5000,0
129670,5000,0
129385,5000,0
129816,5000,0
129466,5000,0
129186,5000,1
129526,5000,0
129550,5000,4
129696,5000,0
129861,5000,0
129389,5000,0
129187,10000,0
129907,5000,0
129655,5000,0
130933,5000,0
129668,5000,0
129379,5000,0
130006,10000,0
130047,5000,0
129460,5000,0
129943,5000,0
129310,5000,0
129476,15000,0
129740,5000,0
129238,5000,0
129868,5000,0
129227,5000,0
129422,5000,0
130982,15000,0
131009,5000,0
130454,5000,0
130499,5000,0
130938,10000,0
130831,5000,0
130502,5000,0
130539,5000,0
130077,5000,0
130160,15000,2
130496,5000,2
130639,5000,2
130973,15000,18
130934,15000,0
130725,15000,0
130629,15000,0
173703,5000,0
173913,5000,0
173508,5000,0
130978,5000,0
130624,5000,0
130130,5000,10
130937,10000,0
130828,5000,5
130675,5000,12
130919,5000,0
130436,5000,0
173920,5000,0
130893,5000,0
130262,5000,0
130805,5000,2
130930,5000,0
130166,5000,0
130604,5000,1
130750,5000,0
130520,5000,0
173900,5000,0
130760,5000,0
130512,5000,0
173558,5000,5
173802,5000,3
130619,5000,0
130234,5000,0
173755,5000,0
694690,5000,0
130609,5000,1
130403,5000,0
130192,5000,0
130524,5000,0
130257,5000,15
130773,5000,0
130134,5000,0
130377,5000,0
130816,10000,0
174463,5000,0
174275,5000,0
174392,5000,0
130553,10000,0
130680,5000,0
130657,5000,0
130793,5000,0
130197,15000,0
174356,5000,0
130422,5000,0
130667,10000,0
131181,5000,0
131451,10000,0
131090,5000,0
131463,5000,0
131227,5000,0
131374,5000,0
131187,5000,0
131104,5000,0
131388,5000,0
174465,10000,0
131057,15000,47
131234,5000,0
131162,5000,0
174504,15000,47
174469,15000,0
174490,15000,0
131375,5000,0
131430,15000,22
131177,5000,2
174505,15000,0
131240,5000,0
131204,15000,0
131380,5000,0
131364,5000,0
131467,5000,0
131459,5000,0
174488,10000,0
131337,5000,0
131078,5000,0
131355,5000,0
131453,5000,0
131216,5000,0
174492,15000,0
131289,5000,0
131476,5000,0
131351,5000,0
131299,5000,0
131233,5000,0
131360,5000,0
131477,10000,0
131114,10000,0
131319,10000,12
131069,5000,0
131464,15000,0
131445,5000,0
131344,5000,0
131035,5000,0
131103,5000,0
131156,5000,0
131265,10000,0
131403,15000,0
131270,5000,0
131508,10000,0
131502,5000,0
131070,5000,0
131395,5000,0
131209,5000,0
131151,5000,0
131071,5000,0
131098,5000,0
131109,5000,0
131418,5000,0
131503,5000,0
174500,15000,22
131101,5000,0
131136,5000,0
131431,5000,0
131081,5000,0
131274,5000,0
131495,10000,0
131074,5000,0
131401,5000,0
131148,15000,2
131220,5000,0
131369,5000,0
131161,5000,0
131139,5000,0
131102,5000,0
131031,10000,0
174666,5000,0
131475,10000,0
174668,5000,0
174663,5000,0
131084,5000,0
174664,5000,0
131194,5000,0
174660,5000,0
131443,5000,0
131250,5000,0
174658,5000,0
131415,5000,0
174654,5000,0
131504,15000,0
131134,5000,0
174638,5000,0
131404,5000,0
174633,5000,0
