cityId,searchRadius,formations_mIndex
659,30000,0
757530,20000,0
638,20000,0
644,30000,6
262,50000,0
345009,20000,0
35,20000,3
900,50000,0
491,20000,4
709,20000,0
25,20000,8
839,20000,8
238,20000,4
392,20000,0
30,20000,15
188,50000,156
1607,20000,0
2545,20000,0
1783,20000,0
1610,20000,0
1892,20000,0
1960,50000,0
1680,20000,12
1170,20000,0
1932,20000,4
1474,50000,4
132626,20000,3
132523,20000,3
132534,20000,0
132500,20000,0
132484,20000,0
132482,20000,0
132389,20000,0
1767,20000,0
1908,20000,0
1515,20000,3
1022,20000,0
1531,20000,0
1491876,20000,0
1119,20000,0
1964,20000,0
1244,30000,0
1451,20000,0
1552,20000,0
1073,20000,3
1718,20000,0
1466,30000,0
1144,30000,3
1619,20000,0
1598,20000,0
1963,20000,0
1400,20000,0
132315,30000,0
132320,20000,0
132651,20000,0
132330,20000,0
132294,20000,0
132283,20000,0
132679,20000,0
132290,20000,0
132275,30000,0
132690,20000,0
132674,20000,0
132267,20000,0
132245,50000,0
132263,30000,0
132260,20000,0
132236,30000,0
132681,20000,0
132258,30000,0
132254,20000,0
132238,20000,0
132461,20000,0
132221,30000,0
132200,20000,0
132208,20000,0
132669,20000,0
132375,20000,0
132195,20000,4
132188,20000,0
132191,20000,0
132183,20000,0
1187,20000,0
1444,20000,0
1488,20000,0
1549,20000,0
1236,20000,4
1494,50000,0
1308,20000,0
1910,30000,0
2200,20000,13
1793,20000,3
1642,20000,0
1866,20000,3
1048,20000,0
1159,20000,0
1197476,20000,0
1108,30000,0
1878,20000,0
1787,20000,0
1409,20000,0
1887,20000,0
1066,20000,0
1500,20000,0
1398,20000,7
1052,20000,0
2502,20000,0
1743,20000,0
4140,20000,110
4770,20000,215
3100,20000,159
3750,20000,91
132781,20000,91
3158,20000,236
132768,20000,14
3676,20000,33
1996,20000,140
132737,20000,140
2534,50000,339
4299,50000,37
5657,20000,0
5499,50000,21
133157,20000,0
5042,20000,64
4282,20000,0
5893,20000,0
5493,30000,14
5345,20000,11
133205,20000,0
4034,20000,0
5000,20000,17
4970,50000,21
4383,20000,0
132856,20000,0
4835,50000,67
132927,20000,6
4935,50000,6
133094,20000,0
4226,20000,10
5276,20000,17
6801,50000,6
6504,20000,0
133381,20000,0
6136,20000,0
133384,20000,0
6777,20000,0
6588,20000,0
6602,20000,0
6619,20000,9
133416,20000,0
6389,20000,3
6264,30000,35
6680,20000,3
6694,20000,3
133464,20000,0
6599,20000,0
6737,20000,0
133512,20000,0
133510,50000,0
133523,50000,0
133471,20000,0
133491,20000,0
6903,20000,0
133468,50000,0
133499,20000,0
6132,20000,0
133522,20000,0
6946,20000,0
133504,20000,0
6090,20000,0
133517,20000,0
133486,50000,0
133463,20000,0
133470,20000,0
133494,20000,0
6790,20000,0
133501,20000,0
6103,20000,0
6776,20000,0
133500,20000,0
6282,20000,0
6836,20000,0
6752,20000,0
133465,30000,0
133505,20000,0
6846,30000,0
6190,20000,0
133487,20000,0
133492,20000,0
6827,20000,0
6199,20000,0
133524,20000,0
6095,20000,0
133472,20000,0
6693,20000,0
133466,20000,0
6606,20000,0
6133,20000,0
7296,20000,3
7584,30000,3
6971,20000,0
7918,50000,10
7213,20000,6
7479,20000,4
6766,20000,3
6407,20000,0
6470,20000,0
7148,20000,3
6989,20000,0
7915,20000,0
7466,20000,3
7448,50000,112
7088,20000,0
6959,30000,0
7322,20000,3
7342,20000,0
7686,30000,39
7555,30000,71
7039,20000,0
7538,20000,3
7726,20000,74
7698,20000,42
7558,20000,0
7032,50000,0
7666,20000,21
7066,20000,0
7476,20000,0
8893,20000,0
134362,20000,0
9794,20000,0
8151,20000,0
138592,20000,7
134357,20000,0
135033,30000,0
9388,20000,0
9034,20000,0
9377,30000,0
137645,20000,0
136088,30000,0
9393,20000,0
134985,20000,0
134283,20000,0
9857,20000,0
9537,20000,0
9050,20000,0
9485,20000,0
9761,20000,0
9480,20000,0
137931,20000,0
9906,20000,0
9899,20000,0
138392,20000,3
134397,20000,0
8466,20000,0
9773,20000,0
9913,20000,0
136663,20000,0
134658,20000,0
8965,20000,0
9459,20000,0
9920,20000,0
9685,20000,0
9311,20000,4
8971,20000,0
9205,20000,201
9672,50000,12
8542,50000,0
134992,20000,0
9396,20000,0
9173,20000,0
9499,20000,3
9043,20000,0
9346,20000,0
134273,20000,0
9011,20000,0
9784,50000,3
9909,20000,0
8228,20000,0
8996,20000,0
136165,20000,0
9438,20000,10
9472,20000,3
135709,20000,0
9513,20000,0
138424,20000,0
134510,20000,0
8321,20000,0
9717,50000,3
9783,30000,0
9610,20000,0
9088,20000,0
9083,20000,3
9775,20000,0
137536,20000,4
136573,20000,7
135412,20000,0
9710,20000,0
134267,20000,0
9916,20000,0
8765,20000,3
8660,20000,0
9113,20000,0
9461,20000,0
8840,20000,0
9126,20000,0
137839,20000,0
9153,20000,0
9597,30000,3
9825,20000,0
9748,20000,0
9241,20000,0
134265,20000,0
8983,20000,0
9865,20000,4
138574,30000,0
9706,50000,10
9418,20000,0
9680,20000,0
9312,20000,0
9709,30000,570
9124,20000,0
1192625,20000,0
9313,20000,0
9749,30000,0
137637,20000,0
9096,20000,7
9864,20000,0
8878,50000,3
9496,20000,0
9111,20000,0
138065,20000,0
138080,20000,4
7993,20000,0
9290,50000,0
9413,20000,6
9614,20000,4
9033,20000,0
9521,20000,0
9467,20000,0
9267,20000,4
9334,50000,11
9868,20000,20
9852,20000,0
9381,20000,3
8494,20000,0
9207,20000,0
8819,20000,0
9016,20000,0
9618,20000,0
9249,20000,0
9320,20000,0
9199,20000,0
9532,20000,42
9038,20000,0
9707,20000,0
9543,20000,0
9744,20000,0
8720,20000,0
137904,20000,4
9507,20000,3
9352,20000,0
8464,30000,6
136194,30000,6
9641,20000,0
138339,20000,4
9879,20000,0
9379,20000,0
9856,20000,0
9645,20000,0
134718,20000,0
9402,30000,3
8823,30000,0
136167,20000,0
8602,20000,0
9125,20000,0
9136,20000,0
9300,20000,0
9814,20000,0
9085,20000,0
9177,20000,0
9071,30000,0
9065,20000,0
8869,20000,0
9604,20000,0
8242,50000,0
137109,20000,27
135159,50000,0
8912,20000,0
8256,20000,3
134225,20000,3
137276,20000,0
9039,20000,0
135130,20000,0
9465,20000,0
137505,20000,0
135395,20000,291
8153,20000,0
138059,20000,4
137103,20000,0
8595,20000,0
8879,20000,0
135514,30000,0
137823,20000,411
138066,20000,240
8677,20000,0
8489,20000,7
8140,50000,547
8258,20000,0
8362,20000,0
8638,30000,4
8078,20000,0
8485,20000,15
9557,20000,0
8374,20000,0
134497,20000,0
8402,20000,0
135633,20000,0
134419,20000,0
8585,20000,0
8384,20000,0
8322,20000,3
8375,20000,0
8872,20000,0
139581,20000,0
134935,20000,0
8904,20000,0
7734,20000,0
137809,20000,16
8139,20000,0
9463,20000,0
139646,20000,12
9882,20000,0
8241,20000,0
8846,50000,30
8054,20000,0
135205,20000,0
8666,20000,0
138338,20000,4
137163,20000,0
7969,20000,4
8452,20000,0
8427,20000,78
7823,50000,6
8398,20000,0
137964,20000,0
8173,30000,0
8780,20000,0
9217,20000,0
8476,20000,0
134302,20000,0
139726,20000,0
8219,20000,0
137508,50000,672
8876,20000,0
136709,20000,3
8640,20000,0
8353,50000,0
8936,20000,0
8514,20000,0
8111,20000,0
8772,20000,0
134766,20000,0
8483,20000,4
7401,20000,0
138067,30000,0
8516,20000,0
1576201,20000,4
8395,20000,4
139092,20000,4
137401,20000,4
8032,20000,0
8946,20000,0
9116,20000,0
134194,20000,0
8458,30000,6
8433,20000,0
7984,20000,4
8271,30000,0
138123,20000,0
8407,20000,0
134298,20000,0
8627,50000,496
8791,20000,0
7215,20000,0
7943,20000,0
8552,30000,0
8928,20000,0
8599,20000,380
8130,20000,0
7776,20000,0
7074,50000,0
8668,50000,11
134297,20000,4
8849,20000,0
8663,20000,0
8122,20000,0
136865,20000,0
134818,30000,0
137885,20000,3
137110,20000,0
135047,20000,0
8363,20000,0
8316,20000,0
138493,20000,0
136800,20000,0
137326,30000,0
8183,20000,0
8796,20000,0
138992,20000,0
8339,20000,0
139705,20000,0
8359,20000,0
8855,20000,9
8828,20000,17
8594,20000,17
136969,20000,0
7699,20000,6
8170,20000,0
8881,20000,3
139301,20000,0
8559,20000,0
138932,20000,0
10740,20000,6
10372,20000,0
10733,20000,0
10813,30000,0
10485,20000,3
10806,20000,10
10509,50000,0
10765,20000,0
139987,20000,0
10153,20000,10
10714,20000,0
10552,20000,0
140019,30000,3
11817,20000,4
10232,30000,0
10528,20000,0
10109,20000,0
10180,20000,0
10043,20000,0
10364,20000,0
140036,20000,0
10660,30000,3
1198477,20000,0
10512,20000,4
10683,20000,0
10920,20000,4
11227,20000,0
10050,20000,11
10904,20000,3
10413,20000,11
9941,20000,0
10679,20000,0
10923,20000,0
10869,30000,0
9951,20000,0
140079,50000,15
10641,20000,0
9999,30000,8
10665,20000,0
10980,20000,0
10439,20000,0
10520,30000,0
140117,50000,4
10184,30000,12
10575,20000,0
10422,20000,0
140189,30000,4
9997,20000,3
10270,20000,4
10715,20000,8
10409,20000,0
11325,30000,4
10154,20000,7
10253,20000,0
10290,20000,6
140175,20000,0
10931,30000,0
11521,20000,0
10374,20000,0
10382,20000,4
10908,50000,8
10124,20000,0
10841,30000,21
10655,20000,4
10230,20000,7
10515,30000,4
10132,20000,0
10141,30000,0
140202,50000,4
12250,20000,25
12355,20000,27
11275,20000,14
10996,20000,11
11400,20000,24
11932,20000,71
12067,20000,4
12327,20000,6
12871,20000,0
12598,20000,0
12778,20000,0
12774,20000,16
12262,20000,0
12049,20000,4
12201,20000,0
12583,20000,0
12464,20000,0
12054,20000,24
12309,20000,7
12574,20000,0
12013,20000,37
12465,20000,0
12821,20000,0
12719,20000,0
12515,30000,68
12329,20000,0
12562,20000,0
12292,20000,9
12136,20000,0
12351,20000,18
12508,50000,92
12808,20000,0
12924,20000,16
12442,20000,4
12414,20000,0
12281,20000,15
12836,20000,0
12842,20000,15
15167,30000,0
13382,30000,0
13742,20000,0
15292,20000,0
13332,20000,0
15332,50000,0
14991,50000,0
141290,50000,0
15316,30000,0
15542,50000,0
15148,50000,0
13735,30000,0
141289,30000,0
13445,20000,0
15162,20000,0
141280,50000,0
15009,20000,0
14259,50000,0
15875,20000,0
14384,50000,0
141282,50000,0
15659,20000,0
15066,50000,0
14257,20000,0
15572,50000,0
141336,50000,0
141340,50000,0
15905,20000,0
14873,50000,0
14416,50000,8
15386,20000,0
15399,20000,0
14086,50000,0
15896,50000,0
14442,50000,0
14551,50000,0
14752,30000,0
13952,50000,0
14862,20000,0
14400,50000,0
141277,50000,0
15826,50000,0
13586,50000,0
14017,50000,0
141271,50000,0
15843,50000,0
14076,50000,0
14564,50000,6
14239,30000,0
14572,30000,0
14617,50000,3
15104,50000,0
141334,50000,0
14340,50000,0
14489,30000,0
14747,20000,0
14871,20000,0
15405,30000,4
13136,50000,0
13618,30000,0
13541,20000,0
14209,50000,0
15544,50000,0
14856,50000,4
141342,50000,4
14339,50000,0
15555,20000,0
14251,20000,0
141266,50000,0
15798,50000,0
14403,20000,0
14775,30000,0
13946,50000,14
15259,50000,0
14838,20000,0
15368,20000,0
14460,20000,4
15893,30000,0
15723,50000,3
141327,50000,3
14365,50000,0
15548,20000,0
13333,20000,0
14072,20000,0
14863,50000,0
14680,50000,0
141258,50000,0
14486,50000,0
14750,30000,4
14037,50000,11
14295,50000,0
15527,20000,0
14634,20000,0
14030,30000,0
13916,20000,0
15240,20000,0
14193,20000,0
14106,20000,0
14128,30000,0
14271,50000,0
141253,50000,0
141351,30000,0
14771,20000,0
13057,30000,0
15603,30000,0
14890,50000,12
15404,20000,0
13853,20000,0
15411,50000,0
15604,50000,0
14079,50000,0
141256,50000,0
15681,30000,0
14971,20000,0
14714,50000,4
15522,30000,0
14476,50000,0
141251,50000,0
14601,30000,0
14306,30000,4
14015,30000,0
14124,50000,0
14754,20000,0
15521,20000,0
13483,20000,0
15914,50000,0
15874,20000,0
14653,30000,3
14675,50000,0
14664,50000,12
141250,50000,8
14695,50000,0
14736,50000,3
14401,50000,0
14751,50000,11
141238,50000,11
13296,30000,4
14424,50000,3
14765,30000,0
15864,50000,0
13971,50000,7
14522,20000,0
15919,20000,0
15103,30000,0
14316,20000,0
13980,50000,0
14534,50000,3
13979,50000,3
15197,50000,0
14216,50000,0
141236,50000,0
14802,50000,4
141231,50000,4
14984,50000,0
15129,50000,0
15420,20000,0
14008,50000,0
14110,50000,4
14678,20000,0
13677,50000,0
14636,50000,0
15478,50000,0
14407,20000,0
12937,20000,0
15343,20000,0
13264,50000,0
14471,50000,0
14196,50000,0
14138,50000,0
141223,50000,0
14580,20000,3
15816,50000,0
12997,50000,7
141218,50000,16
14763,50000,0
14724,20000,0
14745,20000,3
14506,50000,0
14265,50000,0
14244,20000,0
14397,30000,0
14741,50000,4
15464,50000,4
141318,50000,0
141313,50000,0
15934,20000,0
14738,50000,3
14980,50000,0
14166,50000,0
14778,50000,7
14304,50000,3
15437,30000,0
14717,20000,0
14379,30000,0
14906,30000,0
14722,50000,10
13939,50000,0
13859,20000,0
14586,20000,0
14623,30000,0
14779,20000,0
13107,50000,0
15348,50000,0
14817,50000,10
14682,20000,0
14552,50000,6
14231,50000,0
141208,50000,0
13796,30000,0
14842,30000,0
14727,20000,0
14799,50000,0
141211,50000,0
14523,50000,0
14133,50000,0
14628,50000,0
13059,50000,19
141209,50000,0
15491,50000,4
15383,20000,0
14918,50000,7
15080,20000,0
13805,30000,0
15768,50000,0
14700,30000,0
14359,50000,0
15053,20000,0
13970,50000,0
14612,30000,0
14746,20000,0
15290,30000,0
14439,20000,0
13110,20000,0
13716,30000,0
13174,30000,0
14463,30000,0
14242,50000,7
13933,50000,9
13632,20000,0
14277,50000,3
13163,30000,0
14493,20000,0
14025,30000,0
14225,50000,0
141199,50000,0
14691,30000,0
14730,50000,6
14170,20000,0
14815,20000,0
14293,20000,0
14362,20000,0
14891,20000,0
13585,30000,8
14718,20000,0
14731,20000,0
14172,50000,0
141201,50000,0
14283,20000,0
14490,50000,0
15834,50000,0
14995,20000,0
14226,30000,0
14737,30000,0
14074,50000,4
141190,50000,3
14482,20000,0
13972,30000,0
14759,20000,0
15775,20000,0
13995,30000,0
13973,20000,0
13947,20000,0
14241,50000,0
14548,50000,0
15902,50000,0
141192,50000,0
15717,20000,0
14618,30000,0
15552,20000,0
141180,50000,0
14874,50000,0
14360,20000,0
14141,30000,0
14078,30000,0
14503,30000,0
14598,50000,0
141179,50000,0
14661,50000,0
14411,20000,0
14835,50000,0
14024,50000,0
141183,50000,3
13994,20000,0
14688,30000,0
14505,20000,0
15807,20000,0
14093,50000,0
141357,50000,0
14662,50000,3
14659,50000,0
15194,20000,0
15106,20000,0
13830,50000,0
15157,20000,0
15192,50000,0
14307,30000,0
13050,20000,0
14836,50000,0
13965,50000,0
14321,20000,0
14481,50000,10
14262,50000,0
14868,50000,0
14347,50000,0
14508,50000,3
15438,20000,0
13945,50000,0
14585,50000,7
15327,20000,0
141029,20000,0
15660,50000,0
141213,50000,0
141305,50000,0
15602,30000,0
15021,50000,0
14343,50000,0
14447,50000,0
14057,50000,3
14632,20000,0
13348,50000,3
13807,50000,0
141272,50000,0
14819,50000,0
13220,20000,0
13181,50000,3
13461,50000,0
13500,30000,0
141028,30000,0
13695,20000,0
14671,20000,0
13761,50000,6
13385,50000,4
14125,30000,0
14253,30000,0
141153,50000,0
13097,50000,0
13643,30000,9
13894,50000,0
13072,50000,0
14351,20000,0
15475,50000,0
13006,50000,7
13022,30000,4
13543,50000,0
13929,50000,3
13753,30000,0
13579,20000,0
13538,50000,0
13951,30000,0
12955,20000,0
13036,50000,0
13661,20000,0
12972,20000,0
13367,50000,6
13679,50000,0
13253,50000,0
15313,20000,0
15045,30000,0
15060,50000,0
13740,50000,3
13583,20000,0
13697,30000,0
13041,20000,0
13791,20000,3
12995,20000,4
13398,20000,0
14334,50000,0
15837,50000,0
141130,50000,436
13902,20000,0
13518,50000,4
141131,50000,4
13699,20000,0
13366,50000,4
13269,30000,0
13899,50000,9
14742,20000,0
15584,50000,0
15424,30000,0
12962,50000,0
15640,50000,0
14240,30000,4
15294,20000,0
15101,50000,0
13683,50000,0
13404,50000,0
13823,30000,0
13010,50000,0
15474,50000,6
141125,50000,0
13158,20000,0
13441,30000,0
15136,30000,0
13801,30000,3
13722,50000,3
13393,50000,0
13887,50000,0
15821,50000,0
12947,50000,9
13754,20000,0
12964,50000,0
141119,50000,0
13789,50000,0
13530,50000,6
15470,20000,0
15922,50000,0
141298,50000,0
13040,20000,0
15248,30000,0
15815,50000,0
13208,50000,0
141117,50000,0
13440,50000,0
15277,20000,0
13285,30000,3
141047,30000,3
15519,20000,0
141046,50000,0
13270,50000,0
13803,30000,0
13700,50000,0
13336,50000,0
13857,50000,3
13427,20000,0
14899,20000,0
15444,20000,0
13638,50000,0
14466,30000,0
13649,50000,0
13004,50000,0
13930,30000,0
14338,50000,0
13653,50000,6
13321,30000,0
13093,50000,0
13808,50000,0
13265,50000,15
13819,50000,0
13539,50000,0
13856,50000,0
141095,50000,0
13080,20000,0
13510,50000,0
13258,50000,0
13160,20000,0
13444,30000,0
15744,20000,0
12978,20000,0
15469,30000,0
13560,50000,0
15363,30000,0
13084,30000,0
13395,30000,0
13684,50000,0
13784,30000,0
15786,30000,0
13216,50000,0
14195,20000,0
13786,50000,0
14325,30000,0
13635,50000,3
14501,30000,0
13614,50000,0
13457,50000,0
12990,20000,0
14472,50000,3
13029,30000,0
13168,50000,3
13694,20000,4
13352,50000,0
15489,20000,0
13478,20000,0
13509,50000,0
14797,30000,0
14394,50000,0
12957,50000,0
13109,50000,3
14994,30000,0
13598,50000,0
14858,30000,0
13687,50000,0
13353,30000,0
13832,50000,0
13223,50000,0
13416,30000,0
13210,30000,0
13631,50000,0
14968,50000,0
13148,20000,0
13015,50000,0
13397,30000,0
13654,50000,0
141294,50000,0
14573,50000,0
141363,50000,0
13229,20000,0
13561,30000,0
13517,50000,0
15730,50000,0
13028,50000,0
13717,50000,0
13211,50000,3
13183,50000,0
15198,50000,0
15116,50000,0
141018,20000,0
14105,50000,0
13257,50000,0
13845,20000,0
13897,50000,0
13242,50000,0
12942,30000,0
14985,20000,0
13241,50000,3
14459,50000,12
15637,50000,3
141295,50000,3
15377,20000,0
13506,50000,0
141068,50000,0
13370,50000,0
13576,30000,0
15043,30000,0
13827,50000,4
13032,50000,0
13167,30000,0
12980,50000,0
13606,50000,9
13553,30000,3
12938,30000,0
15911,50000,0
141054,50000,10
13251,50000,0
13419,50000,0
13580,50000,0
15318,30000,0
13668,30000,0
13592,30000,0
13820,50000,79
13120,20000,0
12989,50000,3
141059,50000,3
13184,50000,0
141058,50000,0
13482,50000,9
13792,50000,0
13642,30000,0
13062,50000,4
15440,30000,0
13772,50000,0
13508,50000,0
16027,20000,0
16176,20000,0
142182,20000,0
16678,20000,0
16757,50000,0
142143,20000,14
15938,50000,12
16532,30000,0
16606,20000,0
142074,50000,4
16524,50000,8
16314,20000,0
142015,20000,0
16835,30000,4
16045,20000,0
16785,20000,0
16380,20000,14
16506,20000,0
141959,20000,0
141945,20000,0
16068,20000,0
16270,20000,0
16238,20000,0
16025,20000,0
16745,20000,4
16210,20000,0
141860,20000,14
16273,20000,14
16653,20000,0
16005,20000,0
16285,20000,0
16721,20000,0
15975,50000,26
16558,20000,0
141737,20000,0
141696,20000,0
141705,20000,8
141698,20000,0
141718,20000,0
16645,20000,0
141608,20000,0
16820,20000,0
141633,20000,4
142449,20000,0
141544,30000,0
15675,20000,0
15656,20000,0
15782,30000,12
15868,20000,0
141464,20000,0
15628,30000,0
15651,20000,0
15369,20000,0
15208,20000,0
15056,20000,0
141441,20000,0
15322,20000,0
141386,30000,0
15722,20000,0
15622,20000,0
17481,20000,7
16495,20000,4
16929,20000,17
16736,20000,13
143100,20000,0
17845,20000,0
17377,20000,4
18689,20000,69
18377,20000,30
18139,20000,143
143411,20000,30
143370,20000,111
17239,20000,4
17574,20000,3
17918,20000,20
17641,50000,250
25305,20000,50
23549,20000,14
25016,20000,4
25912,20000,0
24563,20000,18
24845,50000,167
24171,20000,34
24834,20000,40
25173,20000,47
23962,20000,110
24240,20000,38
24113,20000,11
24034,30000,7
24521,20000,0
24218,20000,74
23999,20000,18
23972,20000,44
24928,30000,55
24144,30000,111
24602,30000,67
24131,30000,31
23668,20000,14
23469,20000,25
23288,20000,8
23664,30000,88
23295,30000,70
23559,20000,55
22984,20000,69
23440,20000,16
23119,20000,54
23858,20000,37
23226,20000,48
23671,20000,27
23563,50000,48
23043,20000,3
25513,20000,7
22993,20000,4
23341,30000,69
23188,20000,21
23866,20000,53
23198,20000,31
22193,20000,46
22716,20000,58
22174,20000,9
22904,20000,36
25716,20000,12
22458,20000,14
22090,20000,111
22868,20000,3
22030,20000,25
22334,20000,12
21948,20000,70
22594,30000,10
22104,20000,12
21572,20000,57
21460,20000,0
21575,20000,30
20962,20000,3
20939,20000,0
23285,20000,4
21601,20000,34
25500,20000,77
21759,20000,39
21313,50000,44
21611,20000,7
21636,20000,28
21331,20000,10
21157,20000,24
21530,20000,66
21915,20000,3
20938,20000,8
21464,30000,42
21866,20000,42
21112,20000,25
20001,20000,3
20843,20000,48
20588,20000,0
20678,20000,7
20929,20000,22
20448,20000,27
20520,20000,76
20802,20000,52
19992,20000,11
19980,20000,56
20310,20000,93
20760,20000,73
20629,20000,0
20878,20000,33
19977,20000,8
20238,20000,74
19562,20000,175
18938,20000,78
25072,20000,28
19546,30000,102
19845,20000,36
19919,20000,7
23473,20000,8
18646,20000,43
18787,20000,4
18346,20000,107
18054,20000,0
26621,20000,0
25261,50000,21
26517,20000,6
143537,20000,6
143516,50000,21
25208,20000,0
26044,20000,6
25969,20000,0
143683,20000,0
26749,20000,0
26195,20000,0
26128,20000,0
143679,20000,0
26331,20000,0
143651,20000,0
26335,20000,0
26547,20000,0
143629,20000,0
143613,20000,0
26561,20000,0
26460,20000,0
26037,20000,0
143612,20000,0
26788,20000,0
26661,20000,0
26181,20000,0
26609,20000,0
26078,50000,0
25982,50000,0
26208,30000,0
26488,30000,0
143587,20000,0
26903,50000,8
25957,20000,4
26549,20000,0
26482,20000,0
26052,20000,0
26351,20000,0
25981,20000,0
26535,20000,4
26193,20000,0
26562,20000,7
26456,20000,0
26017,20000,0
26581,30000,0
26413,20000,0
26260,20000,0
26545,20000,0
26639,30000,3
26163,20000,0
26284,20000,0
26553,20000,0
26396,20000,0
26093,20000,7
26919,20000,0
26367,20000,0
26170,20000,0
26837,20000,0
26511,20000,0
25990,20000,0
26501,20000,0
26276,30000,7
26700,20000,0
26666,20000,3
26637,20000,0
26598,20000,0
26601,20000,0
26813,20000,0
26821,20000,0
26769,20000,0
25932,20000,0
26122,20000,3
26146,20000,0
26706,30000,0
26467,20000,0
26246,20000,0
26630,20000,0
26850,20000,0
26855,20000,0
25971,50000,0
25942,20000,4
25991,20000,0
26734,20000,0
26464,20000,0
26742,20000,0
26233,20000,0
26882,20000,0
26005,20000,0
26597,50000,45
26397,20000,3
26173,20000,0
26386,20000,11
26840,20000,12
26243,20000,0
26865,20000,0
26362,20000,0
26442,20000,3
26154,20000,0
26127,20000,0
26654,20000,0
26543,50000,0
26805,20000,0
25976,20000,3
26257,20000,0
26064,20000,0
25938,20000,0
26197,20000,0
26314,20000,0
26079,50000,3
26183,20000,0
26092,20000,0
25956,20000,0
26675,20000,0
26400,50000,3
26312,20000,0
26375,20000,0
25954,20000,0
26892,20000,0
25998,20000,0
26825,20000,0
26819,20000,8
26677,20000,0
144096,20000,0
144056,20000,0
26310,20000,0
26765,30000,0
26773,20000,0
26879,20000,0
26201,20000,0
26669,20000,0
26647,20000,3
26884,20000,0
26607,20000,0
26629,20000,0
26576,30000,0
31871,20000,4
28196,20000,3
33614,20000,23
33276,20000,0
33155,20000,12
28864,20000,8
28072,20000,15
144245,20000,6
33571,20000,16
28094,20000,0
33423,20000,345
30331,20000,144
33405,50000,1033
33874,20000,144
32721,20000,0
28724,20000,8
33789,20000,16
28695,20000,10
28554,20000,4
32757,20000,8
33737,20000,16
33755,20000,16
32504,20000,8
33580,20000,301
28534,20000,0
33900,20000,0
30598,20000,74
28251,20000,0
33472,20000,309
28393,20000,11
33375,20000,4
32062,20000,8
29502,20000,44
31353,20000,20
31816,20000,3
31003,20000,314
27978,20000,11
31382,20000,331
33143,20000,327
31926,20000,8
28069,20000,0
28901,20000,7
28133,20000,8
31376,20000,339
27675,20000,25
27816,20000,4
33763,20000,16
31092,20000,12
31341,20000,0
31146,20000,138
31773,20000,17
30988,50000,54
27788,20000,10
31793,20000,238
32996,20000,16
31271,20000,16
144274,50000,47
27072,30000,12
31902,20000,4
33430,20000,356
30393,20000,0
30228,20000,15
27458,20000,38
30385,20000,18
30739,20000,8
30579,20000,20
33660,20000,16
30474,20000,136
29988,20000,437
30614,20000,0
33746,20000,12
33198,20000,8
27214,30000,4
30895,20000,348
33587,20000,321
30689,20000,371
27124,20000,29
30215,20000,18
33258,20000,308
33114,20000,360
33643,20000,350
27897,30000,0
29839,20000,50
27453,20000,26
29120,20000,384
29217,20000,8
29622,20000,27
27872,20000,0
33462,20000,16
27059,30000,10
29734,20000,4
29665,20000,4
29101,20000,20
29737,30000,4
34730,20000,0
34314,30000,13
34439,20000,3
33951,20000,4
34122,20000,4
34408,20000,0
34415,20000,0
34811,20000,16
34611,20000,3
43884,20000,0
43396,20000,0
42919,20000,0
43359,20000,42
43104,20000,3
42476,20000,7
42572,20000,0
42752,20000,7
42033,20000,4
41985,20000,0
43482,20000,0
41064,20000,103
41309,20000,11
40028,20000,49
43875,20000,7
39166,20000,0
39032,20000,0
39608,20000,0
39597,20000,0
38517,30000,20
38211,30000,40
38791,20000,4
38439,20000,0
38441,20000,11
38238,20000,4
38318,20000,0
38223,20000,0
38868,20000,26
37145,20000,0
37190,20000,0
144571,50000,15
37345,20000,6
37890,20000,0
37799,20000,0
36434,20000,0
36249,20000,7
36052,20000,0
35156,20000,0
35756,20000,31
34933,20000,0
35558,20000,0
34465,20000,20
47394,20000,7
47001,20000,0
47251,20000,8
144884,20000,0
46501,20000,12
46786,20000,0
46343,50000,38
46681,20000,18
46772,20000,0
46597,20000,22
144830,20000,4
144789,20000,8
46150,20000,20
144788,20000,20
46395,30000,22
46676,30000,8
46164,20000,15
46368,20000,0
46430,20000,8
46441,20000,22
46341,20000,6
46721,20000,8
46045,20000,0
46166,20000,0
46756,20000,0
46042,20000,0
46171,20000,0
46152,20000,0
46547,20000,0
144827,20000,0
144841,20000,24
46843,20000,15
46034,20000,4
46835,30000,92
46012,20000,7
46037,20000,0
144758,20000,4
45684,20000,7
45406,30000,3
45674,20000,16
45339,20000,0
44966,20000,6
45144,20000,0
45388,20000,3
45374,20000,0
44954,20000,0
45289,20000,0
45024,30000,8
44983,20000,0
45113,30000,7
45633,50000,27
45873,20000,4
45128,20000,7
144802,30000,23
45521,20000,4
144840,20000,3
47784,20000,20
44613,20000,8
144807,20000,0
144783,20000,0
44158,20000,17
628072,20000,12
44555,20000,0
44078,20000,0
44875,30000,0
44221,20000,28
44385,20000,6
144868,20000,0
144831,20000,3
144869,20000,8
144795,20000,4
44437,20000,0
44512,20000,0
44657,20000,20
144808,20000,0
44616,20000,0
43947,20000,7
44086,20000,7
44282,30000,30
44857,20000,0
144836,20000,0
144813,20000,0
44309,20000,0
44160,20000,11
144865,20000,11
628036,20000,12
44042,20000,4
44539,20000,3
44761,20000,0
43028,20000,4
43206,20000,4
43685,20000,10
43344,20000,4
47699,20000,8
144879,20000,12
144812,20000,4
42915,20000,0
43866,20000,12
43397,20000,20
43516,20000,10
144857,20000,8
43334,20000,12
43735,20000,15
43481,20000,0
47542,20000,0
47348,20000,0
47728,20000,0
47328,50000,11
47104,50000,0
145131,20000,0
47561,20000,0
47236,20000,0
47359,20000,0
47028,50000,0
47354,20000,0
46984,20000,0
145150,20000,0
47691,30000,0
46912,20000,0
47419,20000,0
47041,20000,0
47211,20000,0
48676,30000,52
49759,20000,4
48020,20000,12
48509,20000,42
48514,20000,0
48332,20000,45
47925,20000,42
48740,20000,12
48736,20000,6
47981,20000,4
49235,20000,8
49390,20000,0
49157,20000,0
48979,20000,0
49565,20000,0
49685,20000,4
49622,20000,0
49473,50000,27
49213,20000,6
49716,20000,0
49079,50000,24
49210,20000,0
49672,20000,4
48915,20000,0
49206,20000,30
49744,20000,0
49696,20000,0
49186,20000,0
49147,20000,4
49500,50000,31
145999,30000,0
146001,20000,0
49121,20000,0
146003,30000,0
145966,20000,0
49307,20000,0
49774,50000,0
48845,50000,0
49014,20000,0
146081,20000,0
146066,20000,0
146065,20000,11
50482,20000,0
49805,20000,8
50238,30000,14
51643,50000,162
51392,20000,110
51316,20000,91
50972,20000,102
50865,20000,102
51496,20000,12
51166,20000,0
50831,20000,0
51750,20000,0
51059,20000,10
50789,20000,0
51341,20000,12
49862,20000,0
51153,20000,0
51323,20000,94
53585,20000,6
52949,20000,0
52516,20000,0
52404,20000,0
51819,30000,0
51713,20000,480
51439,50000,6
52585,50000,41
52286,20000,3
52746,20000,17
52181,30000,0
52953,50000,10
52501,20000,0
52760,20000,34
52523,50000,6
51560,20000,0
52064,20000,0
52196,20000,3
50904,20000,0
52663,20000,0
52337,50000,37
52012,20000,0
52441,20000,12
52376,20000,4
52685,20000,0
53674,20000,0
52414,20000,0
51969,20000,7
52628,20000,19
51951,20000,0
52025,20000,0
51905,20000,3
52840,30000,0
51913,20000,0
52480,30000,0
52315,20000,3
52671,20000,0
52389,20000,0
52649,20000,0
51006,20000,0
51880,50000,3
52171,20000,0
53236,20000,0
147114,20000,147
146965,30000,8
146960,20000,0
146897,30000,12
147296,20000,0
52418,20000,3
51941,20000,0
52346,20000,0
147077,20000,0
147073,30000,0
146856,20000,480
146883,50000,6
147095,50000,41
147068,20000,0
147070,30000,0
147277,20000,34
147098,50000,6
147061,20000,0
147043,20000,0
147046,20000,0
147049,50000,37
147232,20000,0
147032,20000,12
147028,30000,27
147030,20000,0
147027,30000,0
147117,50000,27
147215,20000,0
147001,30000,0
147141,20000,0
146993,20000,3
146991,20000,0
147080,20000,0
147109,20000,90
147322,20000,0
146976,20000,0
146971,20000,9
146870,50000,0
146961,30000,32
146963,20000,8
146968,20000,0
146847,50000,4
147336,20000,0
146958,20000,0
146943,30000,4
146942,20000,0
146940,50000,0
146946,20000,0
146935,20000,0
146933,20000,0
146938,20000,4
146925,20000,0
146923,30000,0
146926,30000,0
146919,20000,0
146913,30000,0
146905,50000,12
147320,20000,0
146895,20000,4
146889,50000,4
146891,30000,0
147218,50000,0
146842,20000,0
147265,20000,0
146875,30000,14
147120,20000,3
147144,20000,7
147328,20000,3
146865,30000,12
52851,20000,0
52140,20000,0
51432,20000,48
51844,20000,8
51878,20000,23
51199,20000,87
52252,20000,0
52665,20000,0
51979,20000,7
51859,30000,32
52623,20000,19
52248,20000,0
51821,20000,0
51344,50000,4
52748,20000,0
51968,20000,0
52596,30000,0
51673,20000,6
52627,20000,4
52409,20000,0
52362,50000,0
52530,20000,0
52205,20000,0
52000,20000,0
52192,20000,0
52099,20000,0
52156,20000,0
52350,20000,23
52071,20000,0
52469,20000,4
52467,20000,0
52182,30000,0
51147,20000,0
50899,20000,0
51517,20000,0
52787,20000,0
51876,30000,0
52575,20000,0
52763,20000,0
52460,20000,0
51309,20000,0
52770,20000,0
52465,20000,8
52471,30000,0
52725,20000,0
51894,50000,8
52419,20000,0
52113,30000,8
52456,20000,4
52447,20000,0
52752,20000,0
53771,50000,7
52014,20000,8
51863,20000,14
52607,20000,0
51718,20000,0
51848,50000,4
52157,30000,0
51094,50000,0
50875,20000,0
51458,20000,0
51393,20000,0
50973,30000,14
51671,20000,0
51769,20000,3
51674,20000,7
51025,20000,4
51407,20000,0
51261,30000,15
53612,20000,0
53790,50000,120
54158,20000,4
54380,20000,0
54487,20000,0
54291,20000,0
54662,20000,0
53902,20000,50
54526,20000,4
54572,20000,0
54419,30000,187
53982,20000,7
54062,20000,3
54455,20000,0
53878,20000,7
54154,20000,7
54067,20000,0
54343,20000,148
57561,20000,0
57248,20000,0
57774,30000,0
56958,50000,0
57470,20000,0
147727,50000,0
56924,50000,0
57711,20000,4
147772,20000,0
147735,30000,0
147732,20000,0
57500,20000,0
57124,20000,0
147733,20000,0
147724,50000,0
147729,20000,0
147736,50000,0
56778,20000,0
57200,20000,0
57513,20000,0
147737,20000,0
147726,50000,0
56809,20000,0
57353,30000,0
147829,20000,0
147731,20000,0
57189,20000,0
147730,20000,0
57448,20000,0
57328,20000,0
147901,50000,0
57627,20000,0
57095,20000,0
56816,20000,0
57378,20000,0
147715,20000,0
57373,20000,0
56887,20000,0
57404,20000,0
57485,20000,0
56943,20000,0
57510,20000,0
147699,20000,0
147711,30000,0
147868,20000,0
56962,20000,0
147704,20000,0
57356,20000,0
147684,20000,0
57522,20000,0
55817,20000,0
56819,20000,0
147703,20000,0
57700,50000,7
57602,20000,0
57667,20000,0
57671,20000,0
57729,20000,4
147686,20000,0
56894,20000,0
57276,30000,0
57419,30000,4
57463,30000,0
147687,20000,0
57201,50000,11
147697,50000,0
57422,20000,0
56941,50000,0
147696,50000,0
57465,30000,4
57722,20000,4
56857,20000,0
147689,20000,0
57197,20000,0
147694,30000,4
147680,20000,0
56812,20000,0
147679,20000,0
56458,20000,0
56447,20000,0
147682,20000,0
56729,20000,0
56768,30000,0
147695,20000,0
147681,20000,0
147786,20000,0
56635,20000,0
147821,30000,0
55865,30000,4
56045,20000,0
55990,20000,0
147670,20000,0
147675,20000,0
147929,20000,0
56053,20000,0
147717,20000,0
57274,20000,0
57553,20000,0
147705,20000,0
57232,20000,0
57243,20000,0
147702,50000,4
57073,20000,0
57233,20000,0
57239,20000,0
147698,20000,0
56084,30000,0
147683,30000,0
55799,20000,0
55976,20000,0
56673,20000,0
56708,50000,3
147961,20000,0
55925,20000,0
54935,50000,0
147656,20000,0
56058,20000,0
55827,20000,4
56365,20000,0
147659,20000,0
147669,20000,0
147660,20000,0
56050,20000,0
56391,20000,0
56019,20000,0
56481,20000,0
55949,20000,0
56590,30000,0
147665,30000,0
147785,20000,0
147667,20000,0
147657,30000,0
56382,20000,0
147658,20000,0
147663,20000,0
147646,20000,0
147651,30000,0
147854,50000,0
56283,20000,0
56699,30000,0
147998,30000,0
56267,20000,0
56361,50000,0
57701,20000,0
147653,20000,0
147649,20000,0
56326,20000,0
56545,20000,0
147815,20000,0
147648,20000,0
56297,20000,0
147650,20000,0
147963,20000,0
55825,20000,0
55926,20000,0
147903,20000,0
55975,30000,0
56404,50000,11
147631,20000,0
56731,30000,0
56121,20000,0
56387,20000,0
147628,30000,0
147884,20000,0
147633,20000,0
147626,20000,0
56339,50000,0
147635,20000,0
147836,30000,0
56175,20000,0
147795,20000,0
147638,20000,0
55997,20000,0
56390,20000,0
147860,20000,0
57266,20000,0
57454,20000,8
55833,20000,0
56657,20000,0
55847,20000,0
55974,20000,0
56773,20000,0
56364,20000,0
55811,20000,0
56588,50000,0
147614,20000,0
56511,20000,0
56739,20000,0
147839,20000,0
56230,20000,0
56331,20000,0
55971,50000,0
147619,30000,0
56330,20000,0
57117,20000,0
56579,20000,0
56022,20000,0
147617,20000,0
147610,20000,0
56040,20000,0
56143,30000,0
147611,30000,0
147609,30000,0
56465,30000,0
55958,50000,0
55956,20000,0
147627,20000,0
56429,20000,0
57004,20000,0
56238,20000,0
147831,20000,0
55897,20000,0
55951,20000,0
56562,20000,0
147591,20000,0
147770,50000,0
56682,20000,0
147597,20000,0
56130,20000,0
56377,20000,0
147604,20000,0
147600,20000,0
147606,20000,0
56132,20000,0
56345,20000,0
56667,20000,0
56094,30000,0
56003,50000,4
147592,50000,4
56763,20000,0
56059,20000,0
56249,20000,0
147605,50000,0
56640,20000,0
56425,20000,0
56161,20000,0
55821,20000,0
147599,50000,0
56718,20000,0
56688,20000,0
147602,50000,0
56655,20000,0
57259,20000,0
147594,50000,0
147579,30000,0
56342,20000,0
147758,20000,0
56666,50000,0
147584,50000,0
147589,20000,0
147582,20000,0
56237,20000,0
56225,50000,0
55867,20000,0
147587,20000,0
56651,20000,0
55947,20000,0
147574,30000,0
147577,50000,0
56032,20000,0
147575,20000,0
56189,20000,0
56240,20000,0
147585,20000,0
56031,20000,0
55830,20000,0
55778,50000,11
147784,20000,0
56319,20000,0
56027,50000,0
147571,20000,0
55962,30000,0
147569,20000,0
56689,20000,0
147810,50000,0
147921,20000,0
147559,20000,0
55662,20000,0
55372,20000,0
54948,20000,0
55317,20000,0
55342,20000,0
55114,20000,0
147545,20000,4
147544,30000,0
55057,30000,0
56557,50000,0
54364,20000,0
55225,20000,4
147749,20000,0
147552,50000,0
147555,20000,7
147547,20000,0
55760,20000,0
57105,20000,0
55767,20000,4
55437,20000,0
147553,20000,0
147551,30000,0
147803,50000,0
55777,20000,0
55900,20000,0
55874,20000,0
147565,50000,0
56490,20000,0
54947,20000,0
54889,20000,0
56930,20000,4
147542,20000,0
147773,20000,0
147955,20000,0
147754,20000,0
54843,20000,0
54910,50000,0
147535,50000,0
54887,50000,0
55618,20000,0
55367,20000,3
55468,20000,0
147541,50000,0
147526,20000,0
147527,30000,4
147531,20000,0
57555,20000,0
147532,20000,0
55674,20000,0
55328,30000,0
147515,20000,0
147813,20000,0
55075,20000,0
147514,50000,0
54842,20000,0
55700,50000,0
147874,20000,0
57402,20000,0
55759,20000,0
54801,20000,0
147521,20000,0
55243,20000,0
147513,30000,0
55052,20000,0
56521,50000,11
147516,20000,0
55563,20000,0
147502,20000,0
147510,20000,0
147512,30000,0
55689,20000,0
55454,20000,0
147927,50000,0
147507,20000,0
55597,20000,0
147925,50000,0
147822,20000,0
54929,20000,0
55092,50000,0
55071,20000,0
991384,50000,0
147501,20000,0
147511,30000,0
147798,50000,0
55224,20000,0
57114,20000,0
55048,20000,0
991401,30000,0
147509,50000,0
55726,50000,4
54794,20000,0
57740,50000,11
148021,50000,0
991359,20000,0
147912,30000,0
55051,20000,0
147503,30000,0
54854,50000,0
147497,20000,0
55149,20000,0
56879,30000,0
55245,50000,0
55044,20000,0
55673,20000,0
55289,20000,4
55599,20000,0
55280,20000,0
147499,20000,0
55307,20000,0
55395,20000,0
147879,20000,3
148014,20000,0
55223,20000,7
147483,20000,0
147797,20000,0
55734,20000,0
147486,20000,0
55465,20000,0
147487,50000,0
55476,20000,0
55082,50000,42
55693,20000,0
54776,20000,0
55532,20000,0
54803,20000,0
55413,20000,0
147473,20000,0
55198,50000,38
55762,20000,0
147840,20000,0
147480,20000,0
54475,20000,0
55725,20000,0
55453,20000,0
55099,20000,3
54780,20000,0
55025,20000,0
54998,20000,0
54846,20000,0
55481,20000,0
147488,20000,0
57277,20000,0
54469,20000,0
147467,20000,0
147474,20000,0
147470,50000,0
53978,20000,3
56820,20000,0
54423,50000,3
54716,20000,0
54093,30000,0
54128,20000,0
54014,20000,0
53834,20000,0
54404,20000,0
991525,30000,0
147461,20000,0
53908,20000,0
54671,30000,0
147458,30000,0
147479,20000,0
53998,20000,0
54403,20000,0
147481,20000,0
54454,20000,0
53848,20000,0
147464,50000,0
54656,20000,0
54039,20000,0
147472,50000,3
54751,20000,0
53863,20000,0
147456,30000,0
147463,30000,0
54521,20000,0
148023,30000,0
54392,20000,4
147440,20000,0
54295,20000,0
54052,20000,0
147933,20000,0
54623,20000,0
147447,20000,0
56940,20000,0
147811,30000,0
147819,30000,0
54270,20000,0
147422,20000,0
147446,20000,0
57190,30000,20
53874,20000,0
147444,20000,0
53881,20000,0
54687,20000,0
147450,20000,0
53840,20000,0
54219,20000,0
54431,20000,0
54445,30000,0
57693,20000,0
53858,20000,0
53798,20000,0
147425,30000,0
54689,30000,0
147430,20000,0
54435,20000,0
57157,20000,0
54239,20000,0
54250,50000,7
147435,20000,0
147428,50000,7
147433,20000,0
54532,20000,0
53949,20000,0
54476,30000,0
54768,20000,0
147426,50000,0
147431,20000,0
54748,20000,0
147415,50000,0
54000,20000,0
54721,20000,0
53796,50000,12
147419,50000,11
147414,20000,0
147796,50000,7
147852,30000,12
147761,20000,0
57141,20000,0
53898,20000,0
54087,50000,11
54593,20000,0
147403,30000,0
53955,50000,7
53886,20000,3
54081,20000,0
147853,20000,0
54367,20000,4
54708,20000,0
54135,20000,0
147408,20000,0
147407,20000,0
54045,20000,4
54262,20000,0
54460,20000,0
147404,20000,0
53830,20000,0
147899,20000,0
147402,30000,0
54245,30000,4
147396,20000,0
53870,20000,4
54362,50000,8
54763,50000,0
54248,20000,0
54598,20000,4
147782,20000,0
54668,20000,0
53907,20000,0
147387,20000,0
54214,50000,0
54599,20000,0
54520,50000,16
147394,50000,16
54425,20000,0
147410,50000,0
147385,30000,0
54501,20000,0
147395,20000,0
147393,20000,0
147940,20000,0
53885,20000,0
147390,20000,0
53933,20000,0
54416,20000,0
147383,20000,0
147728,20000,0
56905,20000,0
147722,50000,0
57345,30000,4
57187,20000,0
147720,20000,0
58115,20000,0
58561,20000,0
58408,50000,0
58550,20000,0
58400,20000,12
58335,30000,0
58472,20000,6
57778,20000,0
58756,20000,0
58478,20000,0
58435,20000,0
58401,20000,0
58030,20000,0
58764,20000,0
58369,20000,3
58031,20000,0
58118,20000,9
58423,20000,0
58416,20000,0
58523,30000,15
57875,20000,0
58727,20000,0
58045,20000,0
58226,30000,17
58379,20000,0
58036,50000,10
57947,20000,0
58549,50000,26
57877,30000,0
58269,30000,17
58442,20000,7
58497,20000,6
57976,20000,0
58022,20000,12
58346,20000,0
58704,20000,9
57801,20000,0
58441,20000,6
58046,20000,0
56777,20000,0
148274,20000,0
57900,20000,0
57121,20000,0
57159,50000,118
57044,20000,0
57163,20000,0
58132,20000,0
57646,20000,4
57699,20000,0
56902,30000,0
58060,30000,17
56786,20000,0
56947,20000,0
57633,20000,6
57034,20000,24
57737,50000,4
57112,20000,0
57094,20000,0
56869,30000,0
56832,20000,6
56885,20000,0
57741,20000,3
57113,20000,3
57071,20000,6
56981,20000,210
57110,20000,0
148390,20000,3
148246,20000,0
58707,20000,0
58224,20000,9
58109,20000,6
57735,50000,22
58167,20000,3
57281,20000,0
56934,20000,0
57514,20000,6
57370,50000,4
57751,50000,55
58076,20000,0
57132,20000,0
57672,20000,0
57223,20000,0
57380,20000,0
58681,30000,0
56826,20000,480
58623,20000,0
57803,20000,0
57216,30000,17
58753,20000,6
58382,20000,8
65720,20000,0
65089,20000,4
65244,20000,0
148834,20000,3
64689,20000,20
148826,20000,9
148825,20000,62
64619,20000,19
58893,20000,7
148754,20000,3
63052,20000,0
63134,20000,12
62959,20000,0
63657,20000,4
62883,30000,78
63612,20000,35
62747,20000,0
62732,20000,35
148748,20000,10
61947,20000,0
62349,50000,4
62355,20000,0
62559,20000,0
62289,30000,43
148795,30000,26
61146,20000,0
60995,20000,6
148750,30000,29
61521,20000,0
61440,20000,7
61280,20000,0
61714,20000,0
61298,20000,15
61628,20000,0
58372,20000,0
60918,20000,0
61404,20000,0
60577,50000,83
60346,20000,25
60185,20000,99
58539,20000,0
60697,20000,0
59677,20000,7
148767,30000,198
59692,20000,52
59390,20000,10
58788,20000,0
59262,20000,0
59545,20000,3
68251,30000,7
67976,20000,0
68724,30000,7
68353,20000,0
68737,20000,0
67944,50000,14
67775,20000,74
68463,50000,237
68722,20000,4
68380,20000,4
67867,30000,4
69171,20000,0
150452,20000,0
150341,30000,8
150875,20000,0
69106,20000,0
150328,20000,15
67930,20000,21
150329,20000,29
69384,20000,6
150443,20000,12
150357,20000,70
150339,20000,12
1273642,20000,12
150336,20000,8
69370,20000,4
69405,20000,4
68255,20000,13
68450,20000,87
67846,20000,35
150800,20000,8
69762,30000,0
68550,20000,23
69496,20000,55
67887,20000,33
68363,20000,10
150317,20000,10
150300,20000,8
150299,20000,38
68717,20000,41
68879,20000,0
150861,20000,69
150314,30000,8
150304,20000,6
150283,20000,9
150285,20000,12
150294,20000,0
68329,20000,12
68012,20000,22
150288,20000,7
68706,20000,7
150297,20000,28
68313,50000,114
150282,50000,105
69605,20000,22
68528,20000,3
150253,20000,21
150267,20000,45
69683,20000,6
68764,30000,195
68124,20000,199
69158,20000,4
150858,20000,28
68710,30000,0
150245,30000,18
69586,20000,3
150429,20000,6
67932,20000,6
150246,20000,18
150268,20000,6
150232,20000,3
68772,20000,3
150630,20000,13
150228,30000,82
67890,20000,9
150225,20000,6
67955,30000,42
68475,20000,16
150218,20000,16
68239,20000,26
150236,20000,17
68243,20000,30
69623,20000,6
68672,50000,74
150230,50000,68
69467,20000,15
69400,20000,3
150451,20000,15
150864,20000,3
68237,30000,4
68097,20000,0
67987,20000,24
68283,20000,35
150212,20000,40
69002,20000,0
150459,20000,3
150231,20000,0
68531,20000,18
69455,20000,12
68117,20000,27
68281,20000,28
67962,20000,71
150209,20000,54
68458,20000,45
150362,20000,6
67835,20000,4
150464,20000,0
150180,20000,22
68122,20000,12
1273669,20000,15
68619,20000,154
68686,20000,13
150182,20000,16
69098,20000,6
150208,30000,11
68725,20000,77
150206,20000,77
68998,20000,4
150435,20000,7
150203,20000,6
68128,20000,3
68470,20000,0
68127,20000,33
150202,20000,45
68599,20000,16
150637,20000,16
67864,20000,3
69530,20000,6
68428,20000,44
150196,30000,15
150158,20000,42
67856,20000,9
68479,20000,18
150456,20000,0
68321,20000,22
67980,20000,7
67905,20000,7
150165,20000,14
150153,20000,33
67869,20000,0
68141,20000,18
150148,20000,12
68571,20000,12
68486,20000,12
150903,20000,55
68719,20000,0
150154,20000,33
68423,20000,38
150159,20000,38
68549,20000,0
150140,20000,8
68819,20000,0
150090,20000,52
68579,20000,3
68306,30000,11
67814,20000,81
67844,50000,56
150112,50000,154
68132,20000,0
150610,20000,15
68570,20000,25
68290,20000,7
68095,20000,24
150132,20000,34
150125,20000,8
67915,30000,53
68990,20000,0
68406,50000,193
67772,20000,10
150093,20000,3
68203,20000,0
150124,20000,0
150097,20000,6
67788,20000,6
150114,20000,6
67826,20000,37
68135,20000,0
150073,20000,0
150853,20000,0
150886,20000,0
68291,30000,16
150068,30000,16
67950,20000,18
67907,20000,14
68276,20000,17
68195,20000,16
68894,20000,0
69380,20000,4
150074,20000,4
68603,50000,155
150121,20000,13
68118,20000,38
150098,20000,35
68604,20000,42
68798,20000,9
150423,20000,15
150062,30000,8
67849,20000,10
150084,20000,13
68309,20000,3
150083,20000,3
68564,20000,19
68509,20000,42
150036,20000,46
150041,20000,0
68067,20000,9
150050,20000,9
1284205,20000,25
150027,30000,20
150046,20000,6
150059,20000,8
68110,20000,13
68343,20000,12
150028,20000,8
67796,20000,47
150023,20000,46
150045,20000,0
68148,20000,67
150052,20000,10
68876,20000,0
150409,20000,0
67926,20000,3
68396,20000,3
149991,20000,0
68351,20000,41
68976,20000,28
150419,20000,9
68709,20000,7
67830,20000,14
67988,20000,14
150002,20000,20
68323,20000,4
150013,20000,4
68532,20000,0
150006,20000,0
68488,20000,13
150004,20000,13
68263,50000,91
68622,20000,0
150007,20000,0
150012,20000,11
149986,20000,39
150418,20000,0
69494,20000,0
149988,30000,11
69446,20000,17
149987,20000,17
68624,30000,3
149965,30000,3
67898,20000,7
149957,20000,3
68241,20000,7
149967,20000,86
68264,20000,75
67808,20000,9
150872,20000,7
68662,20000,3
68610,20000,0
149951,20000,0
149985,20000,46
69649,20000,0
68164,20000,83
68350,30000,28
149930,30000,27
149941,20000,21
149940,20000,8
68546,20000,15
149938,20000,15
68015,50000,317
69391,20000,6
150477,20000,19
67940,20000,13
149901,20000,11
149905,30000,279
69305,20000,7
149888,20000,24
149783,50000,42
68426,20000,28
149896,20000,22
68211,30000,81
149917,30000,103
68225,20000,0
69312,20000,0
68697,20000,90
149916,20000,6
68222,20000,13
69746,50000,134
150485,50000,134
149900,20000,15
69111,20000,16
69426,50000,60
149880,30000,14
67908,20000,37
149862,20000,8
149861,20000,22
69725,20000,4
149883,20000,8
149869,20000,8
149885,30000,25
150655,20000,6
149822,30000,14
68098,20000,31
149849,20000,35
149835,20000,8
68544,20000,0
68433,20000,0
150778,20000,0
149846,20000,9
150792,20000,8
68079,20000,30
149857,20000,36
67818,20000,22
149844,20000,22
68287,20000,15
149851,20000,15
68177,20000,84
67792,20000,3
149845,20000,4
67822,20000,47
149830,20000,41
149833,20000,9
150841,20000,16
149819,20000,4
68765,20000,6
149806,20000,6
68133,20000,71
149818,20000,74
67986,20000,3
68526,50000,26
68834,20000,0
150473,20000,0
149790,20000,66
68436,20000,65
69517,20000,0
150379,20000,0
150830,20000,8
149811,20000,17
149788,20000,3
68655,20000,21
150679,20000,14
68577,20000,21
67871,20000,54
150541,20000,54
149805,20000,13
68026,20000,0
149763,20000,0
150364,20000,33
69504,20000,88
150801,20000,49
68143,20000,7
67892,20000,6
149792,20000,9
67827,20000,3
68569,20000,12
67990,20000,21
149762,20000,14
149777,20000,0
67938,20000,4
149787,20000,4
150562,20000,8
68398,30000,24
149765,30000,21
68987,20000,12
149786,20000,12
150374,20000,0
68755,20000,15
69172,20000,15
150392,20000,18
149761,20000,31
149744,20000,9
68478,20000,45
149749,20000,45
149743,20000,0
149753,20000,0
68523,50000,138
149741,50000,259
68302,20000,22
149742,20000,3
68701,50000,42
68373,20000,61
149946,20000,17
67888,20000,20
149934,20000,16
68236,20000,92
67993,20000,6
149929,20000,6
68979,20000,33
69537,20000,4
69590,20000,3
67946,20000,16
149899,30000,11
149894,20000,16
149897,20000,29
69736,20000,0
69351,20000,0
69755,20000,0
69713,20000,0
69674,20000,0
69430,50000,7
68826,50000,0
68874,50000,0
69272,20000,4
68858,20000,0
69475,20000,3
151086,20000,0
69622,20000,0
69378,50000,0
69501,20000,8
69175,20000,0
70440,20000,0
69963,30000,41
70674,20000,9
70661,30000,75
69946,20000,0
151479,30000,62
69955,50000,39
70425,50000,31
151565,50000,28
69874,30000,6
69995,30000,3
70685,20000,3
70144,20000,21
70163,50000,42
70232,50000,24
151449,20000,3
69866,20000,3
69841,20000,3
151519,30000,16
151498,20000,14
70384,20000,4
70221,50000,151
151517,20000,4
69966,20000,0
70070,20000,66
70499,20000,17
70129,50000,33
151598,20000,33
70606,20000,18
70137,20000,40
69796,20000,30
70722,30000,13
151528,20000,3
69940,20000,0
70130,50000,118
151559,20000,12
70235,20000,0
70326,20000,4
70372,30000,6
70076,20000,16
70527,20000,58
70602,20000,7
70073,20000,0
70399,20000,0
70002,30000,91
151489,30000,84
70078,20000,0
70755,20000,0
151485,20000,3
151475,20000,22
70140,30000,3
151477,20000,3
69898,20000,3
70213,20000,0
70271,20000,4
151460,30000,90
70114,20000,7
70206,50000,157
151469,20000,17
70668,20000,3
69947,50000,133
70708,20000,0
151439,20000,28
151594,20000,39
70060,50000,101
69834,20000,3
69777,20000,21
70093,20000,23
151421,20000,6
70311,20000,3
151419,30000,31
70704,30000,0
70739,20000,0
70557,30000,0
70650,20000,0
70655,20000,0
70299,20000,0
70143,50000,27
69900,20000,0
70041,20000,0
70264,30000,0
70719,20000,0
70560,20000,0
69876,20000,0
70422,50000,0
70586,20000,0
70283,20000,0
70572,20000,0
70727,20000,0
70483,20000,0
70475,50000,0
69932,20000,0
69817,20000,0
70127,20000,0
70737,20000,0
70088,20000,0
70198,20000,0
70374,20000,0
69813,50000,11
70033,20000,10
70084,50000,11
69902,20000,0
70688,20000,0
70006,20000,3
69800,20000,4
70238,20000,0
70710,30000,0
70021,20000,0
70733,20000,0
70074,20000,0
69912,20000,0
70488,20000,0
70286,20000,3
70584,20000,0
70420,20000,0
69929,20000,0
70042,20000,0
69959,20000,0
70678,20000,7
152908,20000,0
70324,20000,0
70652,30000,19
70139,20000,3
71113,20000,0
70862,20000,0
71627,30000,10
70973,30000,0
71066,20000,0
153686,20000,0
70831,20000,4
153683,20000,0
153691,20000,0
71196,20000,0
71020,20000,0
153701,50000,0
71673,20000,0
153680,20000,0
153702,50000,0
71388,50000,0
71532,20000,0
153675,20000,0
71074,20000,0
71619,20000,0
153669,20000,0
153671,20000,0
71027,20000,0
70785,20000,0
153668,20000,0
153709,30000,0
71104,30000,0
153708,30000,8
71297,30000,8
71756,20000,0
153666,20000,0
153664,20000,0
71272,50000,0
153661,20000,0
71302,30000,0
2606373,20000,0
71185,20000,0
153656,50000,3
71044,50000,13
70823,20000,0
153654,20000,0
71646,20000,0
153652,20000,0
71762,20000,0
71499,20000,4
71193,20000,0
71584,30000,0
71008,20000,0
70981,20000,3
71101,20000,4
71265,30000,18
71339,20000,28
72102,20000,23
71871,20000,19
71841,20000,30
75068,30000,4
154513,30000,4
78803,20000,0
75660,20000,0
155031,20000,7
79384,20000,0
75194,20000,4
75697,20000,22
77163,20000,26
78812,20000,26
154953,30000,0
77710,20000,15
75393,20000,0
74767,30000,0
154583,20000,0
75187,50000,4
79302,20000,0
155898,30000,0
74903,20000,11
75428,20000,0
75303,20000,7
154656,30000,0
75478,20000,0
75666,20000,0
154524,20000,0
75615,20000,8
78282,20000,0
79148,30000,23
78632,20000,4
78163,20000,0
78172,20000,12
78434,20000,3
74808,20000,15
74809,20000,0
75154,50000,65
78003,20000,0
75083,20000,0
76901,20000,0
74949,20000,0
75112,20000,11
75174,20000,0
78795,20000,18
78937,20000,26
74834,20000,0
74188,20000,0
74612,30000,40
77377,30000,37
77987,20000,0
74549,20000,7
74414,20000,0
74666,20000,4
155290,20000,0
78541,50000,0
74697,20000,0
73749,20000,11
154709,20000,0
79701,20000,0
154501,50000,48
156085,20000,0
155509,20000,0
154457,20000,0
77861,20000,0
78657,50000,3
78259,30000,30
77894,20000,4
77998,20000,4
154504,50000,58
72225,50000,58
77790,20000,0
78226,30000,4
78127,20000,0
74340,30000,0
156013,20000,0
74105,20000,0
74509,20000,0
77096,20000,4
74687,20000,0
78706,30000,0
74543,20000,15
74557,20000,22
74353,50000,58
73801,20000,0
78711,50000,4
78113,20000,0
77954,20000,0
78624,20000,4
74196,20000,0
154952,50000,8
78105,50000,8
154569,20000,0
78150,20000,0
74636,20000,0
155958,20000,3
156335,30000,0
78050,30000,0
154503,30000,4
75355,50000,61
77303,20000,18
73815,20000,0
74344,20000,0
78569,20000,0
78032,20000,0
78251,50000,62
78325,30000,0
155353,50000,8
73975,30000,0
74723,30000,29
78459,20000,0
78356,20000,0
73802,20000,4
77761,20000,0
74247,20000,0
73763,20000,0
155866,20000,0
77230,20000,6
74207,20000,3
156824,20000,0
74494,20000,0
73894,20000,0
78703,20000,0
78605,20000,0
73891,20000,0
74682,20000,0
73898,50000,34
155487,20000,0
74056,20000,0
78439,20000,0
156861,30000,4
74238,30000,0
156074,20000,0
77311,20000,0
77592,30000,7
76121,20000,8
73773,20000,4
155858,20000,0
73101,20000,0
77629,20000,0
77266,20000,0
73721,20000,0
77727,30000,0
77424,20000,0
156562,20000,0
77645,20000,0
77625,20000,23
73178,20000,7
156895,20000,8
78939,20000,30
78038,20000,30
77116,20000,3
73306,30000,37
77334,30000,4
154929,20000,4
77347,20000,0
156696,20000,0
156595,20000,0
73358,20000,0
154529,20000,4
73601,20000,0
77052,20000,0
76509,20000,0
77707,20000,8
73025,20000,0
81642,20000,0
154462,50000,41
72944,20000,3
73104,30000,22
154585,30000,22
73595,30000,40
73089,20000,0
76944,30000,3
72752,20000,15
156627,30000,4
77035,30000,0
72763,20000,0
155190,20000,0
72528,20000,3
72676,30000,18
156289,20000,0
73071,20000,0
72594,30000,0
76868,20000,0
77314,20000,0
77304,20000,25
72531,20000,0
156441,20000,0
77893,30000,3
72099,20000,0
75372,20000,0
154712,20000,0
71967,30000,0
73968,20000,3
72490,20000,0
76745,20000,4
77469,20000,0
76741,50000,3
155953,20000,0
156815,20000,0
154471,30000,44
81676,20000,0
818831,20000,3
80936,20000,0
80945,20000,0
81430,20000,0
81661,20000,4
81436,20000,0
156913,20000,4
81656,30000,4
80928,30000,7
81474,30000,14
81297,30000,0
81037,20000,3
81609,20000,4
80821,30000,0
80959,20000,8
81241,20000,0
81692,20000,0
693213,20000,4
80913,50000,7
81490,20000,0
81052,30000,0
81108,30000,4
80962,20000,0
81271,20000,0
81128,20000,0
81077,20000,0
81539,20000,0
81038,30000,0
81500,20000,0
80935,20000,0
80827,20000,0
81102,30000,0
81479,20000,0
81714,20000,4
80897,30000,0
81633,20000,4
80850,20000,4
81622,20000,0
81440,20000,3
81570,20000,0
81627,20000,52
81863,30000,0
82626,30000,0
81737,50000,8
82161,20000,0
82687,20000,6
81897,20000,0
82400,20000,0
82404,20000,0
82564,20000,0
81835,20000,0
82163,20000,0
81950,50000,0
82277,20000,0
82370,20000,0
81751,30000,0
82474,20000,0
81999,30000,0
81929,20000,0
82508,20000,0
82076,20000,0
82544,20000,0
81723,20000,0
81910,50000,0
82247,20000,0
82693,20000,0
82272,20000,0
82342,20000,0
82190,20000,0
81879,20000,0
82613,20000,0
82217,30000,0
82472,20000,0
82354,20000,0
82499,30000,0
82213,20000,0
82704,20000,0
81717,20000,0
81846,30000,3
82521,50000,0
82491,50000,3
82597,20000,0
82360,20000,0
82393,20000,0
82318,50000,0
2334947,20000,0
81763,50000,0
82228,20000,0
82453,20000,0
81771,20000,0
82009,20000,0
81853,20000,0
82450,20000,0
81937,50000,0
81996,20000,0
82672,20000,0
82041,20000,0
81740,50000,0
82529,20000,0
82275,20000,0
81867,20000,0
82531,30000,0
82518,20000,0
82034,50000,0
82019,20000,0
82452,30000,0
82436,20000,0
81764,20000,0
82244,20000,0
82554,30000,0
82636,30000,0
82728,20000,0
84616,20000,0
83851,20000,24
84011,20000,0
84506,20000,15
84050,30000,0
84015,20000,6
83946,20000,21
83726,20000,0
84601,20000,0
84010,20000,0
84236,20000,49
84168,20000,0
83867,20000,3
84014,20000,0
158256,20000,0
158444,20000,0
158475,20000,24
158454,20000,0
158450,20000,9
158452,30000,0
158437,20000,6
158433,20000,21
158417,20000,0
158407,20000,0
158248,30000,0
158390,20000,0
158396,20000,10
158386,20000,0
158387,20000,3
158385,20000,0
158362,20000,0
158371,20000,0
158326,20000,0
158328,20000,0
158312,20000,28
158306,20000,7
158276,30000,3
158231,20000,0
158226,20000,0
158236,20000,0
158494,20000,0
158206,20000,0
158205,20000,0
158204,20000,6
84696,20000,0
1285218,20000,3
82965,20000,0
83034,20000,0
83016,20000,31
83635,20000,7
83535,30000,3
82892,20000,0
83275,20000,0
83344,20000,0
82895,20000,0
83520,20000,0
83085,20000,0
82951,20000,6
158848,20000,70
2534569,20000,70
158862,20000,21
84640,30000,78
158945,20000,15
158602,20000,17
85036,20000,0
85654,20000,0
85347,20000,0
85560,20000,0
85191,20000,0
85034,20000,0
84919,50000,0
84914,20000,0
85062,20000,0
85553,20000,0
85199,50000,89
85106,20000,22
84878,20000,7
84916,20000,0
85008,20000,6
85095,20000,64
85562,20000,55
85217,20000,6
84904,20000,18
159021,20000,18
85366,20000,3
85149,30000,3
85346,20000,0
85289,20000,0
85221,20000,0
84959,20000,0
85462,20000,0
85250,20000,0
85177,20000,4
84991,20000,4
84848,30000,4
85172,20000,0
85171,20000,4
85586,20000,3
87187,50000,25
87541,20000,0
86319,20000,4
87053,30000,13
86565,30000,0
86231,20000,0
86472,20000,0
86030,20000,48
85782,20000,3
85982,30000,3
85723,20000,45
86642,20000,9
86536,20000,0
86192,20000,0
85708,20000,8
86391,50000,13
86688,20000,0
86338,20000,0
86530,20000,0
86187,20000,0
86241,20000,0
86551,20000,0
86103,20000,0
85276,20000,0
85460,30000,0
85153,20000,0
90856,20000,4
91449,20000,0
91170,30000,3
91291,20000,0
90760,20000,4
90757,30000,0
91348,30000,0
91381,20000,0
91639,20000,11
91086,20000,0
90672,20000,10
90933,20000,0
91288,20000,0
90682,20000,3
91093,20000,0
90859,20000,8
90676,20000,4
91462,20000,0
90158,20000,4
89906,50000,0
90336,20000,0
90532,20000,4
90177,20000,0
90087,20000,0
90232,20000,14
90472,20000,0
90611,30000,0
89998,20000,3
90531,20000,0
89965,20000,0
90569,50000,11
90436,20000,0
89962,20000,4
90114,20000,14
90418,20000,0
90061,20000,3
89716,20000,0
90128,20000,0
90143,30000,3
89427,20000,0
90406,20000,4
90011,20000,3
90034,20000,0
159460,20000,0
90661,20000,0
90122,20000,0
90038,20000,0
90211,20000,4
89770,30000,4
89988,50000,6
90102,20000,0
89704,20000,4
89779,20000,0
89920,20000,4
90299,20000,0
90206,20000,0
90167,30000,0
90414,20000,0
90398,20000,0
90076,20000,0
90193,20000,0
90519,20000,0
90523,20000,0
90441,20000,0
90080,20000,0
90504,20000,0
90489,20000,0
88677,20000,4
88904,20000,4
88676,20000,0
89171,20000,0
88911,20000,0
89479,20000,11
88709,20000,6
88726,20000,0
88874,20000,0
89208,30000,0
89360,20000,4
88836,20000,0
89662,20000,0
89629,20000,8
89473,20000,0
89205,20000,0
89067,20000,4
89181,20000,14
88891,20000,0
88949,20000,3
89006,20000,4
88948,20000,3
88688,20000,4
86919,20000,0
89647,30000,3
89185,20000,0
88939,20000,0
91503,50000,0
89521,20000,0
88905,20000,0
89401,20000,0
88785,20000,0
89091,20000,3
89355,20000,0
89176,50000,15
88772,20000,0
89429,20000,0
88982,20000,0
89184,20000,7
89157,20000,0
89605,20000,0
89018,20000,0
88830,20000,12
89423,20000,0
88917,20000,4
89594,20000,0
89452,20000,0
88805,20000,0
89215,20000,0
87285,20000,7
88789,20000,0
88957,20000,0
88489,20000,22
88608,20000,25
88239,20000,0
88008,20000,0
88212,20000,4
88267,20000,3
87918,20000,0
88063,20000,0
88367,20000,0
87853,20000,0
91410,30000,3
87967,20000,0
87864,20000,0
88110,20000,0
88337,20000,0
87998,20000,4
88193,20000,8
87942,20000,7
88518,50000,15
89572,20000,3
88232,20000,0
88514,20000,0
87872,20000,0
87767,20000,0
88340,20000,0
88345,20000,0
88174,20000,0
88449,20000,0
88402,20000,4
87915,30000,3
87976,20000,10
88275,20000,0
88604,20000,3
88396,20000,24
88374,20000,0
88093,20000,4
88288,20000,0
87238,20000,4
87629,20000,0
86776,20000,0
86763,20000,14
87435,20000,4
87196,20000,14
86988,20000,4
86847,20000,0
87007,20000,0
86791,20000,0
87557,20000,12
86886,20000,0
87373,20000,0
87422,20000,0
87168,30000,7
87261,20000,0
86802,20000,0
86748,20000,0
86911,20000,14
86849,20000,12
87216,20000,0
87094,20000,0
87650,20000,18
87388,20000,0
86760,20000,0
87410,20000,4
86993,30000,6
92232,20000,0
92573,20000,0
91714,20000,0
92510,30000,0
91974,20000,0
159575,30000,3
92407,20000,0
92584,20000,0
92583,20000,0
92626,20000,0
92417,20000,0
92493,20000,0
91834,20000,0
92495,20000,0
91774,20000,0
91739,20000,0
91902,50000,0
92302,20000,0
92339,50000,0
91841,20000,0
91757,50000,0
91765,50000,0
92348,20000,0
92295,20000,0
91995,20000,0
91962,20000,0
92110,20000,0
92460,20000,0
91684,20000,0
92056,20000,0
92643,50000,0
91794,20000,0
90724,20000,0
92117,20000,0
92340,20000,0
91523,20000,0
91300,20000,0
91176,20000,0
91167,30000,0
91370,50000,0
91514,20000,0
91652,20000,0
91022,20000,0
90723,20000,0
91146,20000,0
91522,50000,0
91038,20000,0
91059,20000,0
90896,30000,8
90918,20000,0
90841,30000,0
91399,20000,0
91317,20000,0
91620,20000,0
90909,50000,0
91667,50000,3
91389,30000,0
91234,50000,0
91384,20000,0
90819,20000,0
90999,30000,4
91630,20000,0
91154,20000,0
91495,20000,0
90862,30000,0
91547,20000,0
91605,20000,3
91265,20000,0
91505,20000,0
91119,20000,0
2387984,20000,0
159610,20000,0
90737,20000,0
90829,20000,0
92945,20000,10
92866,20000,3
92750,20000,0
92969,20000,10
94189,20000,119
159966,20000,122
93850,20000,8
93723,20000,15
93982,20000,19
94049,20000,34
94058,20000,7
94228,20000,0
94550,20000,71
94088,20000,25
94059,20000,0
94235,20000,0
93843,20000,0
94540,20000,22
92725,20000,71
94491,20000,7
159708,30000,88
94021,20000,0
92081,20000,6
92512,20000,18
159952,20000,0
94169,20000,0
92864,30000,8
94416,20000,14
94559,20000,0
92030,20000,0
92947,20000,11
93194,20000,3
159779,20000,0
159717,20000,17
92914,20000,22
91683,20000,10
92644,20000,4
93262,20000,0
92706,20000,19
94404,20000,18
92150,50000,18
159700,50000,18
93342,20000,199
91950,20000,18
159921,30000,64
93095,20000,0
93352,20000,7
93613,20000,8
159864,20000,16
94223,30000,4
92269,20000,18
94772,20000,0
94812,20000,3
95949,20000,4
95456,20000,7
94893,20000,3
95638,20000,0
95118,20000,26
160190,20000,6
160191,20000,12
94946,20000,0
160049,30000,6
94771,20000,6
160097,20000,0
95200,20000,0
94904,20000,6
160114,20000,0
95314,20000,3
94751,20000,3
160246,20000,0
160192,20000,0
94742,20000,4
160170,20000,6
160104,20000,3
94759,20000,0
94863,20000,3
95693,20000,0
95313,20000,0
95585,50000,0
100508,20000,0
100086,20000,0
99958,20000,3
99447,20000,0
99482,20000,12
99148,20000,0
99483,50000,3
99768,20000,0
99315,20000,0
99305,20000,0
98850,20000,0
98940,20000,0
98355,20000,0
98738,20000,0
163482,20000,0
163714,20000,0
163758,20000,3
163063,20000,0
163304,20000,12
163576,20000,0
163021,20000,0
163577,20000,0
163491,20000,0
163385,20000,0
163458,20000,0
163763,20000,0
163439,20000,0
163779,20000,0
163716,20000,0
163689,20000,0
163389,20000,0
163562,20000,0
163644,20000,0
163659,20000,0
97141,20000,0
97413,20000,0
97710,20000,4
97226,20000,0
97286,20000,0
96695,20000,0
96812,20000,0
101072,20000,3
100960,20000,3
100853,20000,3
100955,20000,3
100119,20000,3
100472,20000,3
96710,20000,0
96122,20000,0
96879,20000,0
96229,20000,0
100583,50000,8
100535,20000,0
100935,20000,12
100126,20000,6
100575,20000,7
100757,20000,0
100458,20000,18
104693,20000,3
165079,20000,3
104580,20000,0
105504,20000,0
105517,20000,3
103795,20000,0
105932,20000,0
165221,20000,0
103302,20000,0
103931,20000,0
104939,20000,0
103798,20000,0
103883,30000,0
103494,20000,0
103659,20000,0
164686,20000,0
104145,30000,0
165074,30000,0
103985,20000,0
103529,20000,0
105002,20000,0
103670,20000,0
103277,20000,0
103807,20000,0
105080,20000,0
104647,20000,0
103821,20000,0
103442,20000,0
105248,20000,0
103924,20000,0
105821,20000,0
103820,20000,0
104518,50000,0
103656,20000,0
103306,20000,0
105945,20000,0
103979,20000,0
104967,20000,3
103534,20000,9
103943,20000,0
103734,20000,0
104039,20000,0
164590,20000,0
103710,20000,0
103725,20000,0
103301,20000,0
103101,20000,3
164561,20000,0
103497,20000,0
165228,20000,0
164749,50000,0
165269,20000,6
169280,20000,4
169278,20000,0
104014,20000,0
169218,20000,0
105087,30000,0
102375,20000,0
102984,20000,0
102100,30000,0
102585,20000,0
102231,20000,6
105384,30000,3
103045,20000,0
104260,20000,6
102357,20000,10
104685,20000,0
102959,20000,0
102745,50000,4
104791,30000,0
112708,20000,20
104508,30000,0
105407,30000,0
102393,20000,3
102757,20000,0
164470,20000,0
102158,20000,0
102301,30000,0
104183,20000,0
102874,20000,12
102516,20000,0
104856,20000,0
104354,20000,0
102385,20000,0
102485,20000,0
165284,20000,0
103078,20000,0
102870,20000,0
102378,30000,0
102554,20000,0
105879,20000,0
104295,50000,13
104879,20000,0
103080,20000,0
102268,20000,0
104442,20000,4
104898,20000,0
102151,30000,0
102634,20000,0
102322,20000,0
102403,20000,10
102701,30000,3
102706,20000,0
102780,20000,0
165299,20000,0
104366,20000,0
104758,20000,0
102740,50000,0
102979,20000,4
102280,20000,0
102263,20000,0
164247,20000,0
102758,30000,0
169142,20000,0
104659,20000,16
102348,20000,4
102737,20000,0
102627,20000,0
104846,20000,0
102991,20000,0
102996,20000,0
102623,20000,0
105089,20000,0
102904,50000,0
102287,20000,7
102192,20000,0
104886,20000,0
101944,20000,0
102932,20000,0
102994,20000,0
102225,20000,0
104360,30000,0
102811,20000,0
103071,20000,24
102464,20000,0
104975,50000,0
102836,20000,6
104159,20000,0
102673,20000,0
102180,20000,0
104134,20000,0
102095,20000,0
101367,20000,0
101472,20000,0
164208,20000,0
101982,20000,0
104378,50000,0
106057,20000,0
101802,20000,0
101873,20000,0
101462,30000,0
101101,20000,6
102076,20000,0
101930,30000,0
101348,50000,0
101177,20000,14
106013,20000,3
105262,20000,4
101294,20000,3
101318,20000,0
102583,20000,0
163819,30000,3
104373,20000,0
101983,20000,0
101853,20000,0
101811,20000,92
101906,20000,0
101874,20000,0
101535,20000,0
101498,50000,0
105096,20000,0
101887,20000,0
101140,30000,0
101530,20000,0
101356,50000,7
102087,20000,0
101769,50000,36
101136,20000,0
101120,30000,3
101987,20000,0
101137,20000,0
111851,20000,0
101478,20000,0
102031,20000,0
104246,20000,0
101971,20000,0
102038,20000,0
102006,20000,0
112016,20000,4
101638,20000,0
101647,20000,6
101611,20000,0
101790,20000,0
102090,20000,0
101649,20000,6
101637,20000,3
101792,20000,0
104194,20000,0
101423,20000,0
101147,20000,6
101732,20000,0
101882,20000,0
101781,20000,0
101991,20000,0
104895,20000,0
101194,30000,17
104926,30000,3
101245,20000,0
102184,20000,0
102032,20000,0
101300,20000,0
101747,20000,0
103567,30000,0
101214,50000,3
101596,20000,0
104711,20000,0
101393,30000,0
104756,20000,0
104247,20000,0
163908,20000,0
105124,20000,0
102815,20000,0
100421,20000,0
100254,20000,3
101032,20000,0
104216,30000,18
100927,20000,0
100844,50000,6
100538,20000,0
100362,20000,0
100102,50000,10
100947,20000,0
165282,20000,0
100534,30000,0
100249,20000,0
103747,50000,40
100230,20000,0
100237,20000,37
111280,20000,0
100417,20000,0
105617,20000,3
100623,20000,0
100720,20000,0
100743,20000,0
100906,20000,0
100263,20000,10
100779,20000,0
100922,20000,0
105276,20000,4
105479,20000,0
106069,20000,0
105564,20000,0
106019,20000,0
105558,20000,0
105547,30000,0
105687,30000,0
106018,20000,0
106036,20000,0
105250,20000,0
105153,50000,0
105621,20000,0
105807,20000,0
105685,20000,0
105952,50000,14
105666,50000,29
105973,20000,21
105166,20000,0
105350,50000,0
105110,20000,0
105103,30000,29
105549,20000,0
105330,30000,3
105561,20000,0
165767,20000,0
106447,20000,0
165746,20000,0
106663,20000,0
165738,20000,0
106179,30000,3
165736,30000,3
105553,20000,0
165723,20000,4
165713,20000,0
105727,20000,42
165703,20000,18
105623,20000,0
165698,20000,4
105102,20000,0
165665,20000,0
105725,20000,0
165659,20000,7
105218,20000,0
105652,20000,52
165642,20000,48
105886,20000,0
165636,20000,0
105390,30000,68
165583,30000,68
105443,20000,7
165511,20000,7
106032,20000,0
105887,20000,4
165551,20000,0
165536,20000,0
106053,20000,0
165620,20000,0
106256,50000,14
1212199,20000,10
106691,20000,20
106300,20000,9
106390,20000,49
107043,20000,9
106545,20000,0
165842,20000,0
107358,20000,12
107965,20000,12
107833,20000,12
107313,20000,12
106946,20000,12
106295,30000,16
106804,20000,18
107341,20000,8
106791,20000,18
107033,20000,12
166959,20000,0
166952,20000,0
166605,20000,0
166846,20000,0
166817,20000,0
166797,20000,0
166735,20000,0
108822,50000,0
107701,20000,4
108300,20000,4
108615,20000,0
109035,20000,0
108250,20000,0
107263,20000,0
107809,20000,0
108037,20000,0
107637,20000,0
107175,20000,0
107804,20000,0
108603,20000,0
107179,20000,0
166783,50000,0
107141,20000,0
107608,20000,0
107429,20000,0
107759,20000,4
107660,20000,6
107952,20000,0
108000,20000,0
108780,20000,0
108639,20000,0
167656,20000,4
108701,20000,0
167668,20000,0
109047,20000,0
108569,20000,0
108851,20000,0
108671,20000,13
108334,20000,0
109079,20000,0
108959,20000,0
108299,20000,0
108405,30000,0
108660,20000,0
108742,20000,0
108169,50000,8
109546,50000,0
111030,20000,0
109809,20000,0
109268,20000,0
168780,20000,0
110010,20000,0
109186,20000,15
167857,20000,6
109847,20000,0
168786,20000,4
110320,20000,4
109501,50000,0
109535,20000,0
109638,50000,0
109085,20000,0
109089,20000,0
109698,20000,0
110263,20000,0
167955,20000,0
110883,20000,0
109866,20000,0
109899,20000,0
109865,20000,0
111057,20000,0
109908,20000,0
110138,50000,4
109967,20000,0
109169,20000,0
109622,30000,8
109235,50000,0
109553,20000,0
110133,20000,0
110811,20000,0
110024,20000,0
109518,20000,0
168190,20000,0
109857,20000,0
167962,20000,0
109584,20000,0
109209,30000,4
109678,30000,0
109148,20000,4
109850,50000,0
110146,20000,0
110534,20000,0
109252,20000,0
109256,20000,4
110475,50000,10
109887,20000,0
109141,20000,0
109590,20000,0
110771,20000,0
110785,20000,0
109957,20000,0
110864,20000,0
168754,20000,0
110855,20000,0
109628,50000,10
109849,20000,9
109372,50000,0
168065,20000,3
110005,20000,3
109834,20000,0
109510,20000,0
110800,20000,0
109743,20000,0
109475,20000,0
109776,20000,0
168251,20000,0
109839,20000,0
167915,20000,10
109566,20000,4
109470,50000,0
168672,20000,0
109495,20000,4
110075,20000,0
109952,20000,0
109816,20000,0
110371,20000,4
168742,20000,3
109530,20000,0
108550,20000,0
108331,20000,0
168770,20000,0
110160,20000,0
168351,20000,0
110801,50000,0
108925,20000,0
109049,20000,0
168153,20000,0
108683,20000,0
109015,20000,3
108880,20000,0
110834,50000,0
110420,20000,0
110132,30000,0
168457,20000,0
109542,30000,10
108966,20000,0
108930,20000,3
108324,20000,0
168105,20000,0
168747,20000,0
108204,20000,0
110432,20000,3
110431,30000,0
168789,20000,0
110817,20000,0
110556,20000,0
168357,20000,0
110341,20000,0
167939,20000,0
109097,50000,16
168748,20000,0
108962,20000,0
168844,20000,4
110931,20000,4
110260,50000,0
110433,20000,0
110960,20000,0
110262,20000,7
110202,20000,0
110322,20000,14
110756,20000,3
110501,20000,0
110516,20000,0
110368,20000,0
110410,20000,0
110678,20000,0
110191,20000,0
110479,20000,3
110988,20000,0
110189,20000,0
112681,20000,0
169258,20000,4
112244,20000,0
112371,20000,8
112953,20000,0
112635,20000,0
112446,20000,0
169223,20000,0
112785,50000,0
169288,20000,4
169354,30000,0
112168,50000,0
169279,20000,10
169277,20000,46
169147,20000,4
112844,20000,0
112258,20000,0
169417,20000,0
112677,20000,4
113018,20000,0
112777,50000,0
112197,20000,0
113023,20000,0
111293,20000,4
111373,20000,0
111235,20000,4
111931,20000,0
169368,30000,0
111291,30000,0
111322,50000,4
111845,20000,0
111547,20000,0
111786,30000,18
112064,20000,0
112009,20000,0
111191,20000,0
111982,20000,0
111691,30000,0
111558,20000,0
111296,50000,4
112042,20000,0
111622,20000,0
169127,20000,4
169117,20000,4
111147,20000,0
111131,20000,0
169099,20000,4
112013,20000,4
169047,20000,4
111607,20000,0
169176,20000,4
111192,20000,0
111457,20000,0
111284,20000,0
111583,20000,0
111597,20000,0
111806,30000,0
111049,20000,0
112137,20000,0
112879,50000,6
118852,20000,0
120194,20000,20
123102,20000,3
123056,20000,3
127585,30000,22
118249,20000,7
127090,20000,18
171902,50000,7
124643,20000,12
127181,20000,0
122449,20000,0
125994,20000,0
128391,20000,0
121697,20000,0
170340,30000,0
125405,20000,0
118490,20000,7
118534,20000,0
171075,20000,7
126348,20000,20
122430,20000,15
113496,20000,0
113217,20000,10
114061,20000,3
119652,20000,0
126802,20000,0
118913,30000,10
122672,20000,0
125320,20000,0
115730,30000,6
170341,30000,3
115428,20000,0
119013,20000,0
118998,20000,7
128677,20000,3
122788,20000,4
125289,20000,29
169823,20000,6
127255,20000,4
112322,20000,7
127287,20000,3
122427,20000,4
120358,30000,37
127274,20000,19
113682,20000,0
125492,20000,6
117540,20000,3
171788,50000,57
122111,50000,38
118252,20000,0
125124,20000,10
122583,20000,0
125531,20000,20
122883,20000,6
120948,20000,29
113182,20000,0
126789,20000,15
170345,20000,0
118877,20000,0
116299,20000,0
170346,20000,27
119674,20000,0
126328,20000,0
125789,20000,6
170347,20000,0
117371,20000,0
116980,30000,0
117879,20000,18
120045,20000,0
119938,20000,0
120473,50000,3
126555,20000,8
116271,20000,9
170446,20000,4
117613,20000,0
113638,20000,0
124010,20000,0
127063,20000,0
118492,20000,0
126527,20000,11
115553,20000,6
115926,20000,0
117186,20000,12
114929,20000,6
116997,30000,6
126372,20000,10
113488,20000,4
122099,20000,9
126091,20000,12
118693,20000,0
126721,20000,3
122855,20000,6
118355,50000,3
126671,20000,60
119325,20000,0
113308,20000,0
116882,20000,0
125822,20000,10
118104,20000,9
126880,30000,24
172185,30000,0
119457,20000,0
121933,30000,0
126288,20000,0
116790,20000,0
169759,30000,0
117563,20000,21
123140,20000,6
119856,20000,0
128780,20000,15
116016,20000,0
126163,20000,4
123487,20000,6
122901,20000,6
126366,20000,19
126809,20000,0
127244,30000,4
120131,20000,0
122810,20000,7
126222,20000,0
124067,20000,9
127095,20000,0
124745,20000,0
126552,20000,25
127324,20000,14
114379,20000,0
128847,20000,0
126376,20000,3
126791,20000,0
122468,20000,0
170189,20000,0
116854,20000,0
123982,20000,10
122039,20000,0
126369,20000,21
127459,20000,8
113714,20000,4
121011,20000,0
118328,30000,0
117032,30000,6
118122,30000,0
115525,20000,18
170349,20000,27
126680,20000,12
126605,30000,0
118213,20000,0
126817,20000,0
113119,20000,0
126554,20000,0
118944,20000,0
125889,20000,6
126022,20000,14
126159,20000,23
118924,20000,3
121774,20000,0
123304,20000,4
127108,20000,0
125983,20000,0
116183,20000,0
115701,20000,3
128029,20000,26
120001,20000,0
170351,20000,15
123269,20000,15
119549,20000,20
126462,20000,0
127112,20000,7
113234,20000,0
116646,20000,0
128078,20000,4
113158,20000,0
126863,20000,16
128997,30000,24
172716,30000,28
118499,50000,0
170352,20000,3
123591,20000,4
126445,20000,0
112200,20000,54
115422,20000,0
114343,30000,18
126460,20000,0
114360,20000,0
126353,20000,3
118925,20000,3
123875,20000,0
116099,20000,3
123410,20000,12
113546,30000,0
123248,20000,0
122498,20000,13
120437,20000,0
114318,20000,0
116028,20000,0
128426,20000,0
119065,20000,3
172736,50000,41
117928,20000,99
126241,20000,16
115859,20000,0
113485,20000,0
126385,20000,24
126933,20000,0
121521,20000,0
118116,20000,0
128052,20000,3
127930,30000,8
119037,20000,0
115054,20000,0
115068,20000,0
122523,20000,0
113087,20000,3
126398,20000,0
126549,50000,62
115721,30000,24
120821,20000,24
127642,20000,0
114906,20000,6
125083,20000,6
122769,20000,99
123511,50000,42
125864,20000,14
118629,20000,0
118702,20000,0
115995,20000,0
117640,30000,0
125126,20000,10
118735,20000,0
116040,20000,0
115166,20000,0
113948,20000,0
113143,20000,0
127306,20000,0
122093,20000,24
125223,30000,0
121176,20000,0
113884,20000,0
112964,20000,0
126268,20000,0
127590,20000,0
112513,20000,0
170354,50000,30
126397,20000,23
122417,20000,0
117957,20000,60
126172,20000,25
121040,20000,0
117143,30000,51
119419,20000,29
115521,20000,0
117290,30000,0
123214,50000,39
122674,20000,3
119416,20000,0
116550,20000,0
125169,20000,33
119114,20000,0
117392,20000,6
117621,20000,0
127758,20000,8
120340,20000,0
119485,20000,24
124571,20000,3
126558,20000,0
126642,20000,41
126659,20000,15
127192,20000,0
117363,30000,0
114960,20000,0
122823,20000,0
126846,20000,3
126250,20000,0
113088,20000,0
170311,20000,0
114161,20000,0
127069,20000,0
113381,20000,0
126616,20000,0
128014,20000,0
118550,20000,0
126808,20000,39
122871,20000,7
118959,20000,0
113415,20000,0
120345,20000,0
125454,20000,10
117951,50000,7
126034,50000,54
124462,20000,7
118672,20000,0
126633,20000,6
113474,20000,4
113342,20000,0
127904,30000,31
170356,30000,0
126080,20000,13
128235,20000,11
126285,20000,0
128352,20000,0
123716,50000,36
116745,20000,0
126145,20000,16
127440,20000,3
128089,20000,3
126786,20000,24
118922,20000,0
119729,20000,0
126441,20000,26
126975,20000,0
126513,20000,37
122922,20000,0
123569,20000,0
120189,20000,0
126869,20000,0
118901,20000,0
126588,20000,0
170357,20000,0
122187,20000,0
127421,20000,0
126139,20000,0
128364,20000,14
127596,20000,9
118731,50000,0
126103,20000,21
126373,50000,54
126964,30000,97
127003,50000,144
126710,20000,19
126374,50000,6
114729,20000,4
126840,20000,3
126902,20000,6
126572,20000,13
126317,20000,0
126160,20000,12
114401,20000,0
125696,20000,18
128526,30000,3
123476,20000,4
115117,20000,0
126472,20000,24
125744,20000,0
123262,20000,4
120903,20000,0
120899,30000,37
123589,20000,4
128669,20000,3
127591,20000,3
114155,20000,0
116161,20000,0
120961,20000,14
116967,20000,4
113921,20000,0
119338,20000,0
119822,20000,21
124077,20000,4
121967,20000,0
126437,20000,0
126183,20000,14
127929,20000,8
129853,20000,7
125161,20000,0
123333,20000,0
128990,20000,0
113252,20000,0
114071,20000,0
126618,20000,21
126021,20000,14
125923,20000,18
122131,50000,52
118180,20000,0
126362,20000,0
126471,20000,44
124980,20000,0
114543,20000,3
126493,20000,0
122941,20000,7
125319,30000,20
118025,20000,12
118284,20000,0
126155,20000,16
126296,20000,10
126525,20000,6
126609,20000,20
128929,20000,4
126200,20000,0
126254,20000,6
119180,20000,0
126417,20000,0
126327,20000,22
118299,20000,0
121479,20000,0
170360,20000,30
171961,50000,10
123477,20000,12
113920,30000,7
119353,20000,21
126083,20000,3
128543,20000,4
113999,20000,0
116510,20000,0
128104,20000,7
126371,20000,4
171965,50000,4
114669,20000,0
118254,20000,3
170361,20000,0
116800,20000,0
116132,20000,0
121420,20000,3
123607,20000,6
129254,50000,4
129625,20000,0
129968,20000,0
129718,20000,0
129914,20000,0
129992,20000,6
129106,30000,0
129369,50000,7
129324,20000,7
129867,20000,0
129998,20000,0
129823,20000,7
129552,20000,0
129412,50000,19
129704,20000,0
129901,20000,0
130010,30000,7
129430,20000,0
129588,20000,0
129142,30000,0
129632,30000,0
129101,20000,0
129562,20000,0
129265,20000,14
129415,20000,25
129353,20000,0
129480,20000,13
129296,20000,0
129666,20000,7
130542,20000,0
129411,20000,0
129126,20000,4
129927,20000,20
129812,20000,12
129281,20000,3
129757,20000,0
129299,50000,0
129091,50000,78
129944,20000,25
130722,30000,0
129114,20000,22
173213,30000,0
173228,20000,7
173155,20000,0
173144,30000,0
173137,20000,3
129670,20000,30
129385,20000,0
129816,20000,7
129466,20000,7
129186,20000,0
129526,20000,9
129550,20000,6
129696,20000,0
129861,20000,4
129389,20000,0
129187,30000,0
129907,20000,15
129655,20000,3
130933,20000,0
129668,20000,19
129379,20000,17
130006,30000,0
130047,20000,3
129460,20000,6
129943,20000,16
129310,20000,0
129476,50000,52
129740,20000,0
129238,20000,0
129868,20000,10
129227,20000,0
129422,20000,0
130982,50000,3
131009,20000,0
130454,20000,0
130499,20000,0
130938,30000,0
130831,20000,0
130502,20000,0
130539,20000,0
130077,20000,0
130160,50000,0
130496,20000,0
130639,20000,0
130973,50000,7
130934,50000,0
130725,50000,0
130629,50000,0
173703,20000,0
173913,20000,0
173508,20000,0
130978,20000,0
130624,20000,0
130130,20000,0
130937,30000,0
130828,20000,0
130675,20000,0
130919,20000,0
130436,20000,0
173920,20000,0
130893,20000,0
130262,20000,0
130805,20000,0
130930,20000,0
130166,20000,0
130604,20000,0
130750,20000,0
130520,20000,0
173900,20000,0
130760,20000,0
130512,20000,3
173558,20000,0
173802,20000,0
130619,20000,0
130234,20000,0
173755,20000,0
694690,20000,0
130609,20000,0
130403,20000,0
130192,20000,0
130524,20000,0
130257,20000,0
130773,20000,0
130134,20000,8
130377,20000,0
131181,20000,0
131451,30000,0
131090,20000,0
131463,20000,0
131227,20000,0
131374,20000,0
131187,20000,0
131104,20000,0
131388,20000,0
174465,30000,0
131057,50000,36
131234,20000,0
131162,20000,3
174504,50000,36
174469,50000,7
174490,50000,3
131375,20000,7
131430,50000,0
131177,20000,0
174505,50000,0
131240,20000,0
131204,50000,7
131380,20000,0
131364,20000,0
131467,20000,0
131459,20000,0
174488,30000,0
131337,20000,0
131078,20000,0
131355,20000,0
131453,20000,0
131216,20000,0
174492,50000,0
131289,20000,0
131476,20000,0
131351,20000,0
131299,20000,0
131233,20000,3
131360,20000,4
131477,30000,0
131114,30000,0
131319,30000,0
131069,20000,0
131464,50000,7
131445,20000,0
131344,20000,0
131035,20000,0
131103,20000,0
131156,20000,0
131265,30000,0
131403,50000,0
131270,20000,0
131508,30000,3
131502,20000,0
131070,20000,0
131395,20000,0
131209,20000,0
131151,20000,0
131071,20000,0
131098,20000,0
131109,20000,0
131418,20000,0
131503,20000,0
174500,50000,0
174666,20000,0
131475,30000,0
174668,20000,0
174663,20000,0
131084,20000,0
174664,20000,0
131194,20000,0
174660,20000,0
131443,20000,4
131250,20000,4
174658,20000,0
131415,20000,0
174654,20000,0
131504,50000,4
131134,20000,0
174638,20000,0
131404,20000,3
174633,20000,0
