countryName,cityID,cityName,cpiRentIndex,cpiIndex,groceriesIndex,purchasingPowerIndex,restaurantIndex,rentIndex,safetyIndex,crimeIndex
Switzerland,6379,Zurich,105.02616773215534,141.25099383235195,149.85622070601812,142.6978067922778,135.76232504460276,66.13798758587089,80.99439760759468,19.00560239240532
Switzerland,6355,Geneva,104.38454017320014,134.83237936971344,138.98146194734528,130.96041567553686,129.74028720369552,71.6980877258084,73.53302388907349,26.466976110926517
Switzerland,6348,Basel,91.61297456568235,130.67868293108756,127.54495498198554,139.00798573894897,127.21897326815213,49.67504226880803,83.98537138615309,16.01462861384692
Switzerland,6349,Bern,87.2951261640816,128.0284458661634,132.69858973942146,112.70612784680043,119.48032455915467,43.566974919149644,82.75956745228157,17.240432547718424
Switzerland,6360,Lausanne,91.24240166508638,127.49888275088266,126.5882300162018,127.9461436809352,132.11921115172962,52.32023916705442,69.48117151242153,30.51882848757849
Iceland,5582,Reykjavik,91.69571773475027,123.78471586404358,118.15127842389062,88.94723760146128,133.1911439489481,57.24744360048268,78.2164167107353,21.78358328926469
Norway,7409,Stavanger,80.61398923173458,118.6060314654062,106.09168926981776,118.13745189552311,143.54375279167536,39.82866210768661,58.305581613508444,41.694418386491556
Norway,5968,Oslo,84.46208801141498,117.23376321682903,112.41962115865512,102.93548410091779,124.08743517545382,49.28094440678771,55.99064721366071,44.00935278633928
Norway,5970,Trondheim,79.57810559625095,114.22027821578374,103.50496600822822,108.286623654435,134.76081244767107,42.388940194577366,66.2544455955229,33.745554404477105
Norway,5955,Bergen,77.58129689901267,112.30728201059628,101.78788707766238,99.2879274205284,119.61334174059328,40.3021568683273,59.3542540181691,40.645745981830885
United States,3455,"New York, NY",100,100,100,100,100,100,55.32269981292374,44.677300187076256
United States,3483,"San Francisco, CA",106.28772942801727,97.83800244844362,107.51868453642517,92.95879477084566,91.05946083496622,115.3587047878354,50.83869078569545,49.16130921430455
Denmark,5248,Copenhagen,74.9736861885441,97.62262339734042,77.52737510687797,113.31267762624802,121.22754739838709,50.6595335722869,78.42622931332635,21.57377068667367
Luxembourg,5796,Luxembourg,79.078832592731,95.36730959225986,82.71332612150812,127.42058295110827,109.60965285106204,61.592779626893545,71.35881696428572,28.641183035714285
United States,3427,"Honolulu, HI",79.03827239517298,94.1463425227919,104.6877198136003,103.08194113597564,82.86224562843175,62.819413230453506,58.26927923387097,41.73072076612903
Japan,4164,Tokyo,66.44841453736096,93.8119953233972,99.66870385973371,106.42319430512164,58.92516095183337,37.07298410433509,83.1426928630555,16.857307136944506
France,5426,Paris,72.34022422921764,92.86801765818261,87.2881135186382,97.62318602362599,91.77099752678537,50.303168021873354,47.05004216487021,52.94995783512979
Ireland,5608,Limerick,61.3706624067754,92.72970878541304,87.14870068949647,93.92878983586877,82.93349687591713,27.70600818828262,60.896592301693396,39.1034076983066
United States,3497,"Washington, DC",82.94807825968644,91.93935940478265,92.7409449882194,120.62195543013709,84.9983081601613,73.29573210489026,42.50222980570858,57.49777019429142
Singapore,4673,Singapore,81.98985032467075,91.39767957953634,83.6406021491762,95.88565985535395,64.39814822450329,71.89033023762437,83.77072118593368,16.22927881406632
Denmark,5246,Aalborg,60.13054247024267,91.17336411302583,73.78748833302475,106.34693325512221,101.13658529424443,26.805362745308734,80.23041838831313,19.76958161168687
Sweden,7382,Stockholm,68.86748448014228,90.84963840396547,84.0598224052139,108.19552672348365,93.71481304059411,45.26913898557688,52.42088143564638,47.57911856435362
Australia,3581,Sydney,79.99662764940422,90.77017557471272,85.02295189972844,118.8079816390991,77.09326358743492,68.43097730300398,61.755463931804584,38.24453606819542
Israel,6845,Tel Aviv-Yafo,71.64780961726974,90.3648862975834,76.89754921870787,101.36050915364972,97.20593069567094,51.5545992939797,59.629555291782374,40.37044470821762
Ireland,5601,Dublin,76.51647553872591,89.91938871437857,73.61794901599822,88.11438936416747,95.63519532804594,62.12814139964331,49.35878335302877,50.64121664697123
Israel,7417,Jerusalem,64.92970606408589,89.61810378045628,74.19664642507904,84.16969347963035,96.34735837667799,38.426145901733065,59.069311737354184,40.93068826264581
Netherlands,5931,Amsterdam,74.22728968385412,89.13874278147034,70.1264994471057,101.70037028675532,95.19857216279829,58.2195034021741,66.32596335744486,33.67403664255512
United Kingdom,6512,London,82.89215119097022,88.68653399648456,67.36448390165953,92.61326048957545,96.35968171317754,76.67174859320176,52.251547124708,47.748452875292
Belgium,5106,Antwerp,59.192094110770036,88.19639003715956,79.12401885584872,90.18117381615308,101.66815026433757,28.05531841219851,61.62957702020203,38.37042297979798
United States,3487,"Seattle, WA",76.64335109307855,88.03818810522613,89.84748547218274,144.5979065748003,83.2244732847576,64.41073268822335,56.292271263809184,43.70772873619081
Finland,5382,Helsinki,64.98141798386769,87.76700664910405,73.82308607970447,113.86775443899685,96.50024698947249,40.520566900636666,75.57767730361165,24.422322696388353
South Korea,4724,Seoul,63.258211590508296,87.55547970909056,107.05575136146359,107.52222807350013,50.88326202113067,37.17453800586484,64.83731845888272,35.16268154111728
Finland,5401,Tampere,59.07868498650465,87.19704191704498,73.89204337912831,111.28184171903777,96.7640946013892,28.892985082580342,76.85294858870968,23.14705141129032
United States,3400,"Boston, MA",83.03088810826901,87.04594538032943,88.99033352385975,101.3514474548731,86.20318436364602,78.72063220637283,67.1389662881293,32.861033711870704
New Zealand,4418,Auckland,67.64890550885613,86.92893090883838,79.20848876004789,99.36622162177237,72.26406200653089,46.9513568469074,53.77160814281906,46.22839185718094
Italy,5636,Florence,60.335473959567,86.90293315289115,76.2765186996584,66.08816555456258,87.66585093107159,31.81469828264955,65.43421345811052,34.56578654188948
Australia,3579,Perth,64.17964946097041,86.24134222784114,80.78722811306996,130.38359876004174,90.62867907075704,40.49591719743874,56.074445999885455,43.925554000114545
Australia,3561,Adelaide,62.167596187715034,86.02376813530013,82.05219962035054,113.86385119105398,81.6712559921053,36.55744944105081,65.74494151127438,34.25505848872561
United States,3448,"Miami, FL",75.00877339308073,86.01067372252093,87.37158210444264,97.81194509400058,95.8111663898062,63.19798151296689,45.813951667063876,54.186048332936124
Belgium,5116,Gent,57.07085237333585,85.15802011235647,72.1953630948697,96.26607110952207,94.00805903209601,26.91863478055036,75.32289566532258,24.67710433467742
Australia,3577,Melbourne,65.69656733115367,85.15136924132345,82.10891208771045,127.14990772634458,77.29266831190134,44.81139208420181,57.63948151287433,42.36051848712568
United States,3459,"Oakland, CA",82.44099845069056,85.11405483246115,88.65090386090762,97.93801655772421,81.38138718135205,79.57141122816127,33.71477164912886,66.28522835087114
Italy,5643,Milan,65.11173771826842,85.10327469630292,75.56439430080671,71.93873968027901,92.27061646597137,43.65036508800218,55.03185043447398,44.96814956552602
Australia,3570,Darwin,66.43179449868725,84.98265039158554,82.28703821542807,118.0856388911965,91.79170403271765,46.51702599613048,36.919283068663866,63.08071693133613
Netherlands,7535,The Hague (Den Haag),61.14000642868591,84.9734846609251,70.24960054183829,106.24571086611112,89.10539806538407,35.55422190499327,70.40715764371288,29.59284235628713
Germany,5483,Munich,66.29618917906751,84.7778244417236,72.97122893525848,118.19342028529285,82.46372707390333,46.45573060780628,82.54963520634561,17.450364793654394
France,5419,Lyon,57.255095635389054,84.46951196960484,77.7402121031065,101.17422214501015,79.1303677196836,28.039796656349203,61.687647604588385,38.31235239541161
Sweden,7393,Gothenburg,58.37582803351634,84.37971078591671,77.45204356330989,112.09515929381837,91.06168138958368,30.46006456839602,58.13374301932056,41.86625698067943
Belgium,5111,Brussels,60.55368960522883,83.6467137898771,72.54863709407925,104.34502746781702,96.10161091174066,35.7627994535096,48.69026757292981,51.30973242707019
United States,3465,"Philadelphia, PA",66.4010379009919,83.4552271776713,82.23653091531166,116.05946689664164,79.36557875200158,48.09297527548925,41.46806598576072,58.53193401423928
Ireland,5599,Cork,62.18980182317241,82.88848643440485,67.32260577572035,105.57308215307508,91.8720257210186,39.96929001929751,70.81464271405677,29.18535728594322
Australia,3574,Hobart,58.08154858499018,82.87983642884143,81.10173774348446,99.39664859731054,88.2565106862938,31.46001885497252,65.84635416666667,34.153645833333336
United States,3484,"San Jose, CA",82.35873540377551,82.87116539521588,85.40181129949684,134.8229195863252,83.11839438010179,81.80863007644076,53.38912102892367,46.61087897107633
France,5433,Toulouse,54.93655280490704,82.85307230123952,77.86100507443273,113.76666892692353,82.38051293078588,24.967530007451884,58.147530822835705,41.8524691771643
Netherlands,5948,Rotterdam,59.80047734698852,82.64104967063645,63.0232218493987,102.03287286514838,94.81259723919426,35.28060004766203,63.64367038301233,36.35632961698767
Germany,8063,Dusseldorf,60.22620868510688,82.47951712350834,65.6945616535948,114.49515150821364,74.96545151521808,36.336772611356025,70.36979564553094,29.63020435446906
United States,3442,"Los Angeles, CA",75.76811359343083,82.30109252520018,82.72572982892807,109.01303119730414,82.482642796056,68.75481114477809,51.567882531319384,48.43211746868063
Australia,3565,Brisbane,63.425855917518305,82.16527104729064,75.42374598940974,130.4084675701097,81.38752598228825,43.30866475731999,65.131039661677,34.868960338323
Canada,7469,Halifax,56.61082622277975,82.02508912756402,88.56934529742195,95.69695851234286,75.91009141991427,29.328033162776034,57.22680002234838,42.77319997765162
Israel,6830,Haifa,52.327990034245175,81.80507096331986,66.6008933702778,120.6144331113295,91.37823408138019,20.683668811396256,57.68423557486057,42.31576442513943
Germany,5457,Frankfurt,60.402078179868276,81.6543398581495,66.85482365060112,142.75910171384197,81.17614632800137,37.587288720975835,54.45823174287546,45.54176825712454
United States,3450,"Minneapolis, MN",64.19049369442443,81.45791789254514,87.47665704270783,131.07707520599192,75.87968615640895,45.653518498974556,50.876736111111114,49.123263888888886
Canada,2365,Saskatoon,56.27190741986227,81.0203891081101,82.38646802068571,99.63497924680487,72.78037849286858,29.703845738142277,51.18849919229055,48.81150080770945
Australia,3568,Canberra,63.6000044998585,80.90053341848301,77.0642042861189,139.3769894419683,79.2253326600984,45.027490629051464,78.81758897219423,21.182411027805763
New Zealand,4443,Wellington,61.36056571303053,80.86794948149075,77.17071013573748,118.59420442342739,72.0212847168358,40.41894263739982,70.07753209320151,29.922467906798495
Germany,5463,Hamburg,58.01676011954182,80.74894108496237,64.84582789411036,116.06279029560606,77.18688616610781,33.61324342477388,48.889567056468394,51.110432943531606
New Zealand,4421,Christchurch,56.21221722146645,80.5061470594303,75.70490053988648,90.40088495806484,78.95454843020693,30.13212735749314,61.86735254394452,38.13264745605549
Ireland,5604,Galway,58.20868849813275,80.21668759780994,70.89760089473205,100.11459085515992,81.74734438896606,34.58259761559109,71.9442429615302,28.055757038469803
United States,3405,"Chicago, IL",68.84654252257334,80.15581936194148,79.13943559726788,119.16503473931076,77.98785845882567,56.705774922003286,34.63046605763019,65.36953394236983
Sweden,7587,Malmo,55.08580840723077,79.78752379507435,73.60774347230435,120.9201539308245,87.61523242630551,28.567951419657977,49.92130011669035,50.07869988330965
Sweden,6341,Lund,54.157406930239574,79.39379947655901,75.30032164749622,122.79600924251086,80.05938893255366,27.065561772194897,59.89036335535949,40.1096366446405
United Kingdom,6495,Edinburgh,57.689263251719126,79.19795586180345,69.30025957085977,104.25022326276459,89.28595352122328,34.59918931683066,68.59727171450257,31.402728285497435
Italy,5629,Bologna,53.496296504811816,79.03901217106468,70.1362267548627,76.43637084662052,85.2275713049812,26.075606464586233,56.29533569500675,43.70466430499326
Italy,5660,Rome,60.20464712085659,78.79892529998052,68.33522850268929,72.77670071991018,85.31878778850697,40.24326379993089,45.65661238622645,54.34338761377355
United States,3475,"Sacramento, CA",61.6720148898638,78.74979171643642,80.01605170092245,135.14099224571476,74.19816119953494,43.33863048953969,52.194957923685365,47.805042076314635
Netherlands,5939,Eindhoven,57.73476012775771,78.72437669318492,63.05151061706551,119.86874047847371,88.51056056369583,35.20192621048625,75.67539642375169,24.324603576248315
Hong Kong,3979,Hong Kong,79.11709955010137,78.72431263223022,83.47016631080514,82.8605686258818,56.17085527880633,79.53876529886239,79.10289653189844,20.89710346810156
United States,3467,"Pittsburgh, PA",59.54498682735332,78.66002029016249,76.55998655649991,133.3763687463728,70.89233936988623,39.0245607872696,61.94556451612903,38.05443548387097
Austria,5048,Vienna,57.610159827163244,78.63736555283542,73.80436049517361,98.88396143936676,73.39049660562,35.036973085806146,77.37646046201772,22.623539537982282
Japan,4152,Osaka,52.158806801526566,78.50273004284925,79.20412788749493,109.62104980932719,45.05813873736006,23.878002086693527,83.22605454441391,16.77394545558608
United States,3469,"Portland, OR",65.55595155791238,78.44826361766327,79.56387160531736,125.57408000254146,68.40297225538212,51.715759406403706,55.586270363408524,44.413729636591476
Canada,2337,Brampton,54.321942571693036,77.89959090543427,83.60642284364992,103.74221648418423,64.25140473966853,29.010797300983338,45.33931051900177,54.66068948099823
United States,3412,"Denver, CO",66.06605053838734,77.30708768021694,77.479398247859,130.10157214057645,79.43088502425411,53.998539815398104,62.21916412979857,37.78083587020142
United Kingdom,6516,Manchester,54.8262235236293,77.14595881854149,63.07023713069373,98.90557219837946,85.92123143459793,30.865476698644052,44.11224324075522,55.88775675924478
United States,3482,"San Diego, CA",69.72612751528784,77.00747409813857,75.08548069657407,142.71973894454845,82.0947691440363,61.909435260141436,66.04925663046907,33.950743369530905
United States,3454,"New Orleans, LA",59.071233878384454,76.63666043383176,75.15376500794756,116.56043368136446,84.00487795511802,40.214346329906846,30.11029365498842,69.88970634501158
United States,3462,"Orlando, FL",57.6848216718991,76.62842771686617,82.77244504970537,129.01794725605083,69.38211238781348,37.34842688951186,43.3011570238424,56.69884297615759
United States,3396,"Baltimore, MD",61.359931820924906,76.57172353398335,73.92138547274648,116.79279682074188,80.15660164133153,45.02972515964397,29.755982346396006,70.244017653604
United States,3492,"Tampa, FL",59.92119560627211,76.5333692838549,80.64373424506,144.4250833734866,80.21396752851182,42.08764684586276,50.86005122769829,49.13994877230171
Canada,2341,Calgary,54.70192833935008,76.43803394292307,72.96785454785352,146.39065002114526,75.23088363513564,31.367721349580087,67.60277129407784,32.397228705922146
Canada,2344,Edmonton,54.60067537716229,76.01337498319437,74.256515889911,131.93078293169083,73.66157923982196,31.613652129778608,58.28021468665267,41.71978531334734
United Kingdom,6525,Nottingham,51.29791448609675,75.98459902278474,65.92256159463045,107.60891361296004,75.29424067706375,24.796193461354328,59.63181741192412,40.368182588075875
Canada,2371,Vancouver,64.9398209073568,75.59323931813285,78.26191537402045,96.767637465939,70.12154086714861,53.50313234504088,64.03922090778993,35.960779092210075
Canada,2373,Victoria,58.364926334652324,75.47254531001005,79.13134454572034,112.52384865425364,70.56416633082074,39.99950570440409,67.08447166965482,32.915528330345204
United States,3403,"Charlotte, NC",58.603184465711756,75.3519193822769,79.39854146247272,112.72132493427989,73.87210543773391,40.623034088834864,58.44195632798574,41.55804367201426
Canada,2370,Toronto,61.58444209888153,75.22352317266458,70.65090403299502,106.83117903886816,71.57583855004118,46.94257631435053,64.60465104196462,35.39534895803538
United States,3391,"Atlanta, GA",60.91780942199128,74.97369243699512,75.00118276860633,153.76573989438472,74.81404177170334,45.82849721133577,35.00503730222765,64.99496269777235
Italy,5669,Turin,50.00871073312766,74.93824885591698,61.61610888217473,85.61805315291745,76.25930066709199,23.246280823838568,43.69431643625192,56.30568356374808
United Kingdom,6508,Leeds,53.409416410545894,74.92234469276136,61.68702984554064,109.59262731759067,91.98565894190232,30.314795384653582,59.44512743767387,40.55487256232613
Australia,3571,Gold Coast,57.464655569791276,74.88794254477767,74.87580275950394,124.97802188915385,72.35333734380168,38.760358115068506,57.15879967833092,42.84120032166908
Canada,2349,Kelowna,55.51870884653207,74.77688199535636,77.5406509442124,109.74550179076954,68.90318653109694,34.84461907648475,53.54534769276617,46.454652307233815
Germany,5503,Stuttgart,55.40202384193332,74.53423322154885,55.57214902768632,134.01572740734213,72.06840809223615,34.86315906193417,72.29586641741186,27.704133582588135
Germany,5439,Berlin,54.65382952661633,74.32473307270246,60.74454224218802,114.09018289761241,65.57384174917019,33.53666422609797,59.0277280563181,40.97227194368191
United Kingdom,6498,Glasgow,52.029662751807734,74.29887149814064,61.84675818444747,124.10880235545272,79.52291950380011,28.12315733347233,55.27322373781495,44.72677626218505
Germany,5449,Cologne,52.668518876142,74.02149826846953,55.970987585463895,131.06292170675616,73.95095766076825,29.745606645399064,51.49537039111821,48.50462960888179
Germany,5445,Bremen,48.724259671886,73.41251103020238,59.14624495910069,131.13962336547314,70.25323349828813,22.22085662825485,49.49324438582251,50.50675561417749
United States,3449,"Milwaukee, WI",55.107623431591826,73.37495158890496,71.89986236147408,139.23002815508664,71.58975158689015,35.497228444242715,36.6625381097561,63.33746189024391
Canada,7517,Waterloo,52.01474305175161,72.86156365002337,70.35975313367034,120.38007931125554,70.20465676977989,29.635203874378835,75.99273353494624,24.00726646505376
Canada,2360,Regina,51.670654679441284,72.85128802754805,73.25225579570541,109.1236891755288,66.30181087574924,28.932759872843288,45.32870974966563,54.67129025033436
United Arab Emirates,7270,Dubai,69.83050115760243,72.5791231991234,61.71072275885272,123.71007881544291,67.23319269992767,66.87979246933806,80.9670948315511,19.0329051684489
Germany,5486,Nuremberg,49.6657555754243,72.5693075164847,55.82603470203171,127.52180623974878,71.57727792471505,25.078268214956157,61.00310271040347,38.99689728959655
Canada,2355,Mississauga,55.2299981286399,72.53607697116003,68.46035909495059,106.66599715584393,67.1508064800574,36.65152628747147,54.03382073272967,45.96617926727033
United States,3393,"Austin, TX",61.5336617606396,72.45940704837184,73.02451904165484,140.39337815671018,75.56342312784315,49.80462406128558,65.38055318464835,34.61944681535166
Taiwan,4799,Taipei,47.89863595177397,72.38711761383202,87.56758875894803,104.90257571030818,34.76925303861899,21.609690250584553,80.53615673721002,19.46384326278999
United Kingdom,6472,Birmingham,51.329163472777935,71.59545724789886,57.05617744872322,106.25065476747675,79.8302927388863,29.572833130583454,47.16315310846561,52.83684689153439
United Kingdom,6481,Cardiff,50.686012347874744,71.51829786263932,65.68437863849218,109.78003954539399,72.65684632418092,28.322076915411753,61.224376114082,38.775623885918
Canada,2375,Winnipeg,48.885729921337976,71.21688226341243,69.4882253074424,114.60759983387024,67.33250380701196,24.912726634843235,45.703444790172995,54.29655520982703
Canada,7577,Quebec City,45.532913762287954,71.20895458402218,71.69398930936447,118.31033524873801,65.29396849217062,17.969096115319733,83.56684989550918,16.433150104490824
Italy,5647,Naples,46.40603581765586,71.13967567131661,66.45033605347103,59.99093496216737,63.101127208821964,19.853907185152615,41.703367965611164,58.296632034388836
United States,3472,"Richmond, VA",54.19837579095598,70.9826878152414,77.65993994471563,133.07914363701457,65.73563672597523,36.180032574442436,57.11236577964519,42.88763422035482
United States,3438,"Las Vegas, NV",51.20008628617085,70.96791066757193,66.54218613862137,148.81361309811365,74.53041886114089,29.978874250045497,44.82844634443999,55.17155365556002
United States,3476,"Saint Louis, MO",51.153613349683056,70.76042765071236,71.32932251845338,144.69795240871076,68.14452328174829,30.105249320986267,33.06183926245836,66.93816073754164
United States,3474,"Rochester, NY",51.127056121957914,70.51862112576049,72.96485503389107,158.71341625477126,74.66437326387853,30.30976714173097,43.544372294372295,56.455627705627705
United States,3428,"Houston, TX",57.69779060477214,70.36833732729993,71.00893269096565,145.38208259987104,71.14510729242285,44.09566861984697,39.14374656563386,60.856253434366145
United States,3414,"Detroit, MI",53.45444566342397,70.19863994264487,67.02018795410295,131.6216172166795,59.299989409778455,35.479169764689026,28.566681522728157,71.43331847727184
Canada,2359,Ottawa,51.51420097315162,69.91324742337693,64.1643049166582,145.3188324353512,71.95078817745201,31.762403382815247,76.05326044617199,23.946739553828014
United Kingdom,6519,Newcastle upon Tyne,48.58320859134259,69.91180402103252,54.051123089121624,127.39529037165181,78.46206633923181,25.686473102735242,61.69936228984194,38.300637710158064
Spain,6296,Barcelona,52.366360682175404,69.74629057333514,59.29122218446562,77.26737322894772,65.06839205799193,33.708608049553476,54.163821103927134,45.83617889607286
France,5420,Marseille,47.59784449092292,69.65680678951652,61.91419523943501,104.21643234390629,69.57767369848555,23.917043447597823,35.65166432683542,64.34833567316457
United Kingdom,7778,Liverpool,48.0361839198606,69.53481786517938,52.24297207493389,116.17661841525882,78.55451123358222,24.95690819188006,60.61942095372328,39.38057904627672
Canada,2352,London,47.77771694561312,69.387371575569,65.97080024625743,105.78919010222867,66.16994995854989,24.579257970977654,53.04487179487178,46.955128205128204
Canada,7391,Montreal,48.686673563837054,69.18477111535839,68.65400396886159,120.28630589734937,67.17175013843799,26.681496560783135,66.60040648154434,33.399593518455646
United States,3409,"Columbus, OH",52.91652887982945,69.13095421379019,66.9567650312468,125.46525674358597,62.16470835850764,35.50997207231115,54.89512692448681,45.10487307551319
United States,3406,"Cincinnati, OH",50.79374072835823,69.12663839855676,61.601019440731385,136.9246296075133,70.39887737906118,31.11295536778445,51.763492408968716,48.236507591031284
United States,3437,"Kansas City, MO",49.89246302031462,69.04771021248679,68.17203640179345,135.76374169041273,63.0410346549521,29.328866621110432,39.882607002027676,60.117392997972324
United Kingdom,6470,Belfast,47.03555051732741,68.77243595597213,61.06686586745388,103.27361543062963,79.18602277785529,23.70050635675444,56.4883207070707,43.511679292929294
Puerto Rico,3264,San Juan,48.18393842769989,68.76635255697262,66.17862821416486,116.19068964393718,57.667945795461094,26.088245648094123,31.08720094265983,68.91279905734017
Spain,6310,Madrid,51.12628989607205,67.62833913036994,56.589384242541016,96.35755872937008,70.40673012941221,33.41096224670759,58.61792670207423,41.38207329792577
Canada,2368,Surrey,50.96699440516046,67.37077958363513,65.2257936307292,93.78227494421583,61.596595989554395,33.35715546937017,36.73166478129714,63.268335218702866
Uruguay,3514,Montevideo,44.97449965469306,67.17539215053617,54.32506941025422,35.7121383783149,70.89424276732854,21.141333295284202,44.10601355771519,55.89398644228481
United States,3466,"Phoenix, AZ",50.68984467216002,66.87085263537202,62.39815084535548,139.2898320059693,71.41811400978992,33.319162177194585,43.27204928512356,56.727950714876435
United States,3479,"Salt Lake City, UT",51.39893390604752,66.75751687836299,64.47542131358118,148.59852734354638,68.75416775245846,34.91114346732902,73.79263013409353,26.207369865906458
Cyprus,5221,Nicosia,42.59056241011464,66.22634740793522,53.67368684494538,90.59228400878982,78.45901815622516,17.217006099540495,72.12671426487216,27.87328573512784
Qatar,7088,Doha,66.46298535403726,66.11540102913955,57.952425429571534,120.860693983044,65.80545718001001,66.83612508437744,85.52437268464159,14.475627315358397
United States,3411,"Dallas, TX",54.70351396670878,65.93766878329436,61.948625567146784,162.3718805697175,67.10677246661703,42.64339157743227,54.83254890321121,45.167451096788774
United States,3387,"Albuquerque, NM",46.32666167925046,65.73152373137141,68.03686716051249,123.56609658542351,64.57689330240703,25.495098013232393,31.94063718323587,68.05936281676414
Slovenia,6275,Ljubljana,43.83898077313964,65.4719370690395,54.763161732332755,74.69571607548453,57.699941175493905,20.615506926647175,75.03264557919168,24.96735442080833
Canada,2347,Hamilton,47.09775371486653,65.26022741480358,60.76886915998091,122.71334584342203,65.83190957669075,27.599922388038646,55.01055509413069,44.98944490586933
Lebanon,6976,Beirut,50.53696812265751,65.03036820271599,47.45815980908231,52.67551426497242,66.57583600138202,34.97797132619176,50.088658052473846,49.911341947526154
United Arab Emirates,7267,Abu Dhabi,64.62250326186198,64.97070571393436,54.3044579206579,131.24485749157574,65.93212224712168,64.24869995784843,86.36551823686634,13.634481763133664
Greece,7479,Thessaloniki,39.20287547788732,64.94156219456109,52.31956336312544,48.72297772755486,61.77266390849984,11.571806028492327,65.82724899774387,34.172751002256135
Greece,5512,Athens,40.22249800638029,64.67332836643781,51.33773237347429,52.86007457223335,64.82036934234003,13.97397183987378,50.438780297985964,49.56121970201403
Cyprus,5218,Limassol,44.56661114630576,63.5198872639715,52.237954393916894,93.12384735596316,66.52909245506291,24.219835319490784,65.8954699303964,34.1045300696036
United States,3399,"Boise, ID",46.37422984188066,62.646285074476715,58.70107996679982,130.85905947297604,65.39076190421926,28.905806018803933,68.55284244264509,31.447157557354927
United States,3480,"San Antonio, TX",48.18221025383129,60.924099011425994,58.170243979323686,154.92139153813756,60.962549317739835,34.50350096096404,52.673457132298594,47.32654286770141
Estonia,5287,Tallinn,39.84464782400197,60.51321527901584,45.31350625830991,74.01704009742505,61.04034840681932,17.656467476827025,79.53610360019752,20.46389639980249
Costa Rica,7384,San Jose,40.598787644435916,60.46216001083117,60.979465813586266,48.891981018452526,49.469907683195686,19.275002658952836,46.864559388987004,53.135440611012996
Spain,6326,Valencia,41.1725338022585,60.327349389630626,50.91856179410017,90.7126983762079,56.83867411814355,20.609400740688255,57.852330135335556,42.14766986466445
Croatia,7484,Split,37.19647869348585,59.04764971786112,50.456028223613295,53.22332844720808,55.157604686099724,13.738746340187827,64.9187748015873,35.0812251984127
Bahrain,6642,Manama,45.328923434413426,58.998149038179946,57.62596000759213,67.55865860014592,54.83063452524206,30.654696806819164,70.58120265151516,29.418797348484848
Croatia,5194,Rijeka,36.236128512895796,58.543645866175,49.63345903563942,51.40950301397523,46.70215358592011,12.288497927969939,80.54044365721997,19.459556342780026
Jordan,6864,Amman,37.29888337301156,58.465281623257304,49.55408497522035,41.83213466559942,55.55589580479187,14.576270269864352,58.00840553575094,41.99159446424906
Croatia,5205,Zagreb,37.4504843127963,57.99769288415607,49.5185894032846,64.18752254426641,46.65038235066094,15.392585505602776,73.98997688393098,26.010023116069018
Portugal,6029,Lisbon,44.01463559909638,57.69273793075589,47.02437080882106,58.48455160658822,50.13617569133588,29.33087960088602,66.47176019223791,33.52823980776209
Panama,3187,Panama City,45.288826833508466,57.234679993105566,56.48272751257999,38.24226665791272,52.94663948366923,32.4646799794549,51.65241538191363,48.347584618086366
Spain,7427,Malaga,39.84835677664298,57.22558722976563,48.93096925147959,94.70817323683633,55.28338529082125,21.193502052554564,56.14016252642707,43.85983747357293
Brazil,2251,Campinas,36.42235737853416,57.214136819317474,43.15467690330422,59.53160227121121,48.19783773312862,14.101906143832244,34.03059522806427,65.96940477193574
Brazil,2318,Rio de Janeiro,40.00257447930773,57.13590755259985,42.19489543079663,39.14691550721665,48.576616422407234,21.609549176230797,23.01734180745413,76.98265819254587
Chile,2398,Santiago,38.03841676188911,56.845655878060285,48.15483753855738,50.647454800713845,55.322566825802966,17.848414999535763,50.33565686024993,49.66434313975009
Brazil,7392,Sao Paulo,39.559453816218834,56.825285781740206,43.57693285225087,40.03118398070934,48.594548977259464,21.02418791891676,27.589156293275273,72.41084370672473
China,3781,Shanghai,49.30392489681631,56.15872347767682,61.69897444499818,66.16201232967049,40.74068903551278,41.945141687155804,56.03381435778074,43.96618564221926
Argentina,7383,Buenos Aires,36.53020721441582,56.048311760329995,48.18699531677348,60.032202508683554,56.51026265870095,15.57707513874782,37.588245400677124,62.411754599322876
Thailand,4805,Bangkok,41.52411364031744,55.78930290544606,62.40399742310413,44.943007910237625,27.99046673740247,26.210106378315583,52.938505831567,47.06149416843301
Philippines,4585,Makati,41.73031625290452,55.53741338127747,59.968703060509235,46.37181036626152,28.905465341580065,26.90808138722768,60.442956109229684,39.55704389077031
Portugal,6033,Porto,38.49990310572277,54.92262697232615,45.794808243649506,63.313878544238214,44.11603194927935,20.869733054645796,56.93302495073541,43.0669750492646
Latvia,5723,Riga,35.75398217411977,54.87284620288689,42.55566177797972,53.7709542273214,51.14896985445725,15.229443933783557,62.04496745142095,37.955032548579055
Lithuania,5780,Vilnius,36.72289181380815,54.2573955857253,42.57502728574862,56.97483448091336,49.96958538803592,17.899200581393433,69.09932076359296,30.900679236407036
Brazil,2309,Porto Alegre,35.02703539247632,53.880599647787044,42.32070924808544,46.34585309971592,42.18834476855376,14.787302532693342,22.931125386321288,77.06887461367872
Brazil,7463,Brasilia,35.9434579728512,53.842932370115,44.6537243566148,49.33337286726322,47.740650404796625,16.727962418524065,35.564106574848765,64.43589342515124
Czech Republic,5240,Prague,39.958216708553934,53.840474791627614,47.04035367217932,77.13161333022198,40.30770785065768,25.055294837278108,72.44958208344703,27.550417916552984
Slovakia,6226,Bratislava,38.79866636926664,53.63878802853394,46.53572747533229,72.75449710878227,44.369655273536026,22.86745601970937,69.30550940131792,30.694490598682073
South Africa,1693,Pretoria,35.05867892994693,53.19171012246701,43.217142645397914,108.1369226372233,47.047611355720655,15.592454808885117,21.47507513444992,78.52492486555008
Thailand,4821,Phuket,34.59468532465591,53.17490527649335,57.38271313673313,55.31045752042394,27.693627180883674,14.648393832569989,41.536890919158374,58.46310908084163
Lithuania,5766,Kaunas,33.185218976909454,52.56490606845416,41.08536387293653,57.97384917475249,45.83532636495052,12.380681207423127,54.1704598506069,45.82954014939309
Brazil,2315,Recife,32.93288961925151,52.216287027044075,41.21841728243997,39.677894722552566,41.577589970457694,12.231721029719974,22.530369899270223,77.46963010072977
Brazil,2272,Fortaleza,31.653621879874073,51.998547187924146,43.69159610796004,30.518625171185693,38.32478094924717,9.812878786897313,19.39159300567691,80.60840699432309
Namibia,1342,Windhoek,37.98271388208476,51.837866284296084,47.760973374850366,55.51054280125282,43.743340766629316,23.10889057976956,28.13770303451773,71.86229696548226
Russia,6115,Moscow,43.27316627969327,51.821354557731865,40.90184540305219,59.58193368195319,56.03230160958266,34.0964904618094,54.02181353135572,45.97818646864428
Oman,7017,Muscat,38.76339233868831,51.20133087124008,46.810903426934445,103.54707563691412,51.630312669245335,25.410980571012182,72.06985392084009,27.93014607915991
Hungary,5523,Budapest,35.1217271880213,50.99930019769485,40.7148333559326,55.541803169213736,40.425616328783704,18.076789062490366,63.04344545738992,36.95655454261007
Saudi Arabia,7107,Jeddah (Jiddah),33.35166902612908,50.99873887119023,43.20965114766949,113.17647168122835,34.14853711379248,14.407135537117282,51.19317990534667,48.806820094653325
Malaysia,4216,Johor Bahru,32.15777570667412,50.975664480407346,63.42115830708135,42.93377625462826,25.07987364250522,11.95634129311568,39.77133924163889,60.228660758361094
Zimbabwe,2007,Harare,33.13652073521858,50.74255897999155,45.445288002107915,26.85806641678921,36.151147575913164,14.236035608489727,47.574915382819796,52.425084617180204
Brazil,2245,Belo Horizonte,32.154884380769914,50.411482686023845,37.82086828544668,35.32409067625955,41.119038079630755,12.556008135254595,30.912200728125384,69.08779927187463
Brazil,7693,Florianopolis,33.36760403584504,50.398971448474896,39.35584014679043,39.686398818446655,42.084745658080465,15.084041203881181,42.0610256706753,57.93897432932471
Ethiopia,653,Addis Ababa,37.803869345620726,50.299915464652024,43.580869302849315,13.566164336390676,22.500304003018414,24.38907775354927,55.25994744744745,44.74005255255254
Czech Republic,5226,Brno,35.32490205406988,50.28890152260034,44.77126754666415,73.85699637901767,34.97901319993883,19.260706040221827,71.62022280803822,28.379777191961765
El Salvador,2641,San Salvador,32.19793314327873,50.286575853180906,51.28379508641551,28.62176977544096,37.29170900569913,12.779361074532947,26.467689106789717,73.53231089321028
South Africa,1685,Johannesburg,36.72131851538103,50.019724307978464,41.72281307807989,125.98545622531515,49.916784596826325,22.445175444590266,21.136755857250208,78.8632441427498
Malaysia,4227,Petaling Jaya,31.73366148617759,49.796588611545815,58.93829809369184,68.75205320722343,23.684458441905328,12.342695686159132,34.91887019230769,65.0811298076923
Tanzania,1754,Dar es Salaam,37.553590335982875,49.661126597301184,34.823537761800324,18.8686212170035,33.55814357911059,24.555872970674052,35.623853004609586,64.37614699539041
China,3785,Shenzhen,37.94321136290134,49.65277909835126,53.66819668873841,83.96055964302333,31.341238393101083,25.372722321165792,47.386216810667925,52.613783189332075
Malaysia,7652,Penang,30.775234183766482,49.50301465418556,56.9885219936733,68.41501701868505,26.280611090184774,10.670533096746688,54.9959203017511,45.00407969824891
Brazil,2265,Curitiba,31.68472679957402,49.43004526221078,37.00305498889861,46.25772349303549,41.46898658036876,12.634721170300311,34.63478712853405,65.36521287146596
Cambodia,3708,Phnom Penh,33.88975478672157,49.235308457828644,53.681928070777296,26.411733985893367,24.61939623930984,17.415951601141874,44.14179804804805,55.85820195195195
Dominican Republic,2535,Santo Domingo,31.444668887357242,49.096913998384714,42.254419655141795,28.76807705520416,46.38126095636058,12.494579631848572,32.83155789489709,67.16844210510291
Poland,5980,Gdansk,33.961548458117,49.014033481542704,36.85958069009673,72.76947352945228,40.957732622515735,17.802361175309013,58.54764268157633,41.45235731842368
Saudi Arabia,7095,Ad Dammam,31.41482577919273,48.86526005217322,42.330018695122234,141.35114200127686,32.18858498245871,12.681385078565624,47.98644381533103,52.01355618466898
Ecuador,2559,Quito,32.06209280565716,48.8442853944628,47.67074367174282,34.36985333794554,36.41098315920128,14.046024851653307,46.4576152434745,53.54238475652551
Poland,6007,Warsaw,35.85872249537393,48.30661112661795,38.529660815341124,77.30772191591264,42.19640567114421,22.495629068955072,66.5473080915545,33.452691908445495
Saudi Arabia,7113,Riyadh,32.89509626024065,48.20869261423781,41.46150737508622,129.2024234844839,35.405319132803164,16.455599986206227,66.6462421779828,33.35375782201721
Thailand,4807,Chiang Mai,30.646770524736784,47.921919564237754,60.54290139203924,31.682160634537055,22.681147900272798,12.1015025352134,71.28902672847984,28.710973271520146
South Africa,1681,Cape Town,38.593961176063814,47.54976197117866,40.960348466180854,94.27208071045791,45.20863372258913,28.979703989256407,30.12104396847279,69.8789560315272
Thailand,7416,Pattaya,33.420773310713,47.23597004480118,50.380329737549204,29.96253390876788,29.60665978147231,18.58984333286927,44.57593858991885,55.42406141008115
South Africa,1692,Port Elizabeth,31.109107056150474,47.089351097367214,40.20822959450413,64.08026222719204,41.53314762619657,13.953949227717095,26.81349723004828,73.18650276995172
Malaysia,4222,Kuching,27.53131135205721,46.78964138904248,52.354011718448355,41.763668684524355,20.017455066722516,6.857053158977296,49.91835370511841,50.081646294881594
Indonesia,4077,Jakarta,33.387691364515725,46.470048933347634,49.49439049345032,34.795684344215,26.343988238147865,19.343481008124737,46.85831580983382,53.141684190166174
Russia,6146,Saint Petersburg,33.754477622611006,46.40959822731626,38.124873271131,56.74850234755594,47.72532399140004,20.168915928332414,59.145366217548975,40.85463378245102
South Africa,1682,Durban,31.558746585290255,46.29875797690303,39.208704504309885,96.43391904642934,43.528987521451505,15.735006899975046,20.785322110676084,79.21467788932392
Malaysia,4219,Kuala Lumpur,32.62134578590153,46.27929061129316,47.17486484788171,80.73144600185731,27.394778427156112,17.959229332153782,31.765489971973267,68.23451002802673
Poland,6008,Wroclaw,33.42769505885775,46.271000103149106,38.057278556351235,74.188275694708,39.11749870062262,19.64011306040681,58.74889043887234,41.25110956112766
China,3726,Beijing,40.02353425500442,46.094380562417086,44.92229417527774,76.61216492311934,35.136396700563296,33.50634175861895,51.90567798233585,48.094322017664155
Iraq,6795,Baghdad,30.958700696993407,46.05145329743213,40.350145295185854,52.05353327281409,42.03308148740125,14.756285248379866,46.69847471826176,53.301525281738236
Poland,5976,Krakow (Cracow),32.47548237854484,45.78910172273138,36.65575022586249,73.58614847437696,38.3181582464465,18.183007211825572,64.0248286424289,35.97517135757109
Poland,5995,Poznan,30.888173873238816,45.270309859445554,37.56896744854477,74.62918437420309,37.54135226187759,15.448621628792496,61.415777439024396,38.584222560975604
Turkey,6404,Istanbul,30.079981633946602,44.73250661087299,39.348423480644115,54.573880506158645,33.001799362280586,14.35016061770289,49.65113417530917,50.34886582469083
Romania,6048,Bucharest,29.731239318795854,44.38455746172178,36.60172766769897,58.74597549600966,40.578964658626994,14.000566820692969,71.11972992309146,28.880270076908555
Serbia,6189,Belgrade,28.700072134341227,43.99283455778653,32.308695353128826,40.24636466744263,38.34317742521366,12.282941561724245,63.050297720702645,36.94970227929734
Peru,3229,Lima,31.375817150635406,43.91915180770113,39.877193365697735,39.55016857823031,31.527211943886485,17.910260230364702,31.56402516754079,68.4359748324592
Indonesia,7811,Bali,26.55778433073556,43.73201287643349,49.066450571588895,29.203912255913973,25.289014662706432,8.120856801773934,57.54190915991903,42.45809084008096
Poland,7390,Lodz,28.783638809324763,43.67800764180324,34.02248540993555,70.08673620820804,36.676217043049775,12.794192877395647,51.62048073866724,48.37951926133276
China,3741,Guangzhou,32.614723120689696,43.50010925123999,44.042365608792636,79.4659818561639,27.369759467917365,20.92901190054918,49.42358507364404,50.57641492635596
Bulgaria,5179,Sofia,28.5705757612018,43.11316016278649,37.062812105357125,60.6602154774327,34.4400195785132,12.958778469556483,55.4098976229095,44.5901023770905
Bosnia And Herzegovina,5153,Sarajevo,26.890987048621977,42.49967063777169,35.371803613410876,48.88758494696742,31.495167080337705,10.134707871952193,53.25036015070922,46.74963984929077
Philippines,4588,Manila,31.568341221532066,42.40374349124248,38.191613081702236,43.043161861333516,29.127674616273307,19.936288820328922,40.82934471032969,59.1706552896703
Kenya,863,Nairobi,27.695926381186727,42.064921376067915,40.40021916588801,27.869426598148955,34.31208570566395,12.270481291776978,40.05707426983112,59.942925730168874
Philippines,4573,Cebu,27.359626249813335,41.81393053715445,43.311114645920355,26.161910908761378,24.714336372782363,11.842599681885034,55.71570598008903,44.28429401991098
Romania,6077,Timisoara,26.74737537418501,41.618261718642415,34.25560560576556,59.08853930151381,36.971089986697095,10.783138430752382,76.66393642717648,23.33606357282352
Vietnam,4889,Ho Chi Minh City,30.445096891250774,41.27979794807514,42.171458807166424,36.917158488497556,21.086352068152227,18.813797258134286,43.49517638759407,56.50482361240593
Turkey,6386,Ankara,25.17048426803923,41.20960976634894,36.710248655873656,56.889707664733955,31.385783171165592,7.952115847390075,56.56080458037772,43.43919541962229
Turkey,6405,Izmir,25.483790281759212,40.97219192646958,37.48063953279627,54.57131543951562,29.21589265898385,8.856636526168465,73.02753370638871,26.9724662936113
Romania,6052,Cluj-Napoca,27.53610245730542,40.51455060981933,34.70263041320052,59.81193738944497,33.06176933043385,13.603441238224104,76.97182617164013,23.02817382835986
Turkey,6391,Bursa,24.09102123144482,40.25967892725893,34.45849467216151,55.63452169954972,27.63040931374511,6.733597031276874,80.26878720238095,19.731212797619047
Vietnam,4888,Hanoi,27.67173974237624,39.88724923013223,40.27866514136386,27.089113504351385,22.711059412413743,14.558110646557775,48.45041582661291,51.54958417338709
Russia,6132,Novosibirsk,26.500011172468263,39.86017155764288,35.773712200482805,47.88749082935207,34.8954935636597,12.157573132742133,52.84725722446237,47.15274277553763
Romania,6060,Iasi,25.695604281091644,39.80830606567263,33.51934673696202,51.29124719031222,34.64171528748173,10.545295820491537,73.31402374947459,26.685976250525428
Albania,5009,Tirana,25.16658127951806,39.33131576222935,31.78788468507926,38.04785636135984,32.0510601950348,9.96041452624343,60.5268967798449,39.4731032201551
Colombia,2409,Bogota,26.87056753199136,38.98864260141232,31.735026628353914,42.03191260918197,29.547042660152385,13.861536514909856,38.417532816828185,61.582467183171815
Serbia,6205,Novi Sad,23.74415939566972,38.90496960100499,31.198219212276413,48.4083411528511,28.888822735520854,7.4686825500954015,55.88013285024154,44.11986714975845
Morocco,1240,Casablanca,28.023974574310646,38.80703389040066,33.7800151613337,47.31897006056589,28.80783863966897,16.4481135321536,45.6763546360808,54.3236453639192
Macedonia,5829,Skopje,24.401470749873894,38.5087489153396,30.69664222355828,41.99360093452012,29.141672571289934,9.256984668561868,54.35065076869323,45.64934923130677
Mexico,3101,Monterrey,25.460229480978956,38.44539309271588,35.15642311257977,84.21645774755258,38.06328496204711,11.520359062678654,49.4422867865189,50.5577132134811
Ecuador,2542,Cuenca,24.892672496749654,38.40898688903258,37.18681419647169,43.44141110389008,26.714044978688595,10.382599555417766,61.586452762923344,38.413547237076656
Mongolia,4260,Ulaanbaatar,25.20887390600286,38.12874230773226,37.22637345260768,33.713766056510025,25.59308150627966,11.33909939050795,39.77507054801173,60.22492945198827
Iran,6749,Tehran,29.18254985187309,37.80474411275857,34.44638471263046,43.27928655356313,30.90257750466318,19.92642691711717,46.20879827741626,53.79120172258374
Sri Lanka,4740,Colombo,24.290779928161715,37.718449287982494,41.98148979296334,27.618109432631645,22.738594355529855,9.87586945860888,62.51826203833566,37.48173796166433
Mexico,3098,Mexico City,28.036771028970943,37.538392060016015,34.65698649175014,64.03430803961507,32.65301434702003,17.836563322935856,33.432597215392356,66.56740278460764
Algeria,4,Algiers,23.37991371858437,37.13386763433347,38.42958062723764,33.38431531888954,22.857141528131407,8.614729308314889,48.75635333702759,51.24364666297241
Nepal,4375,Kathmandu,21.47768613978682,36.05773583178359,33.22131651434301,23.731785972051576,21.91694436710738,5.825669001157338,63.9951984315216,36.00480156847841
Kazakhstan,4176,Almaty,24.31393990680098,36.04504688284593,28.662889423560888,46.80594966917985,35.508153258416854,11.720327997169349,49.936968851442536,50.063031148557464
Colombia,7414,Medellin,24.517519488869592,35.86774587273547,31.727485572258633,29.331501389088437,27.60549236479984,12.332791614786254,54.6105523309238,45.3894476690762
Mexico,7636,Cancun,23.147863983686147,35.58032777132496,29.925994867794888,61.688349937537645,35.304919834934886,9.801329480012361,61.676453238953236,38.323546761046764
Belarus,5079,Minsk,23.70501120703771,35.30317129461422,28.55293521693138,43.77115226642362,38.11884944253916,11.254120825850373,74.1190336356352,25.880966364364802
India,4020,Gurgaon,23.355291020243815,34.898903945776134,32.591503568211294,110.97231337774218,30.879981585775134,10.962958266308457,35.01210353686412,64.98789646313587
Mexico,3088,Guadalajara,22.57938245199235,34.187067853701166,33.1500291209062,71.86531667109413,30.82390128823493,10.118266428012346,45.80393739201531,54.196062607984686
Mexico,3123,Tijuana,22.883526257136978,34.131906354259776,32.66634826023243,45.255430330481374,32.64587736964923,10.80813270353153,48.42714251893939,51.5728574810606
Armenia,6635,Yerevan,22.18095319614514,34.11869080996868,27.725672343790777,32.51728936301989,31.768204081649305,9.365518566276016,70.11524559318678,29.88475440681323
Moldova,5895,Chisinau,22.14256083440855,34.0588069140029,27.635295084584165,31.39491828376897,25.49786358868736,9.35019785855961,55.56756002796376,44.432439972036256
Philippines,4598,Quezon City,21.325800473106423,33.93225790392549,29.54384405677536,29.572755918028832,19.44175794002183,7.792479810084718,39.702665239350026,60.29733476064997
Philippines,4576,Davao,20.730135966453737,33.66960165949674,32.74889214901186,28.862377776758773,16.831342632072186,6.839323310075164,71.21375611038738,28.78624388961261
Bangladesh,3669,Dhaka,20.710566597132086,33.64234385202067,31.889613468155513,37.72308282964101,23.536545899178673,6.828007655130644,29.430376284276345,70.56962371572367
Venezuela,3540,Caracas,22.061330355276535,33.63796747613437,35.0257856581009,3.721488504516595,30.788365165413538,9.633545371606447,17.44867303688888,82.55132696311111
Mexico,7913,Queretaro,21.94022283552206,33.50945931334836,33.16560081910423,63.18202094743912,27.95943326483891,9.520382611575947,64.93711890243902,35.062881097560975
Mexico,7519,Merida,20.833350017868053,33.17803381331556,32.00951587989237,37.23061322670361,26.752657509546367,7.581049345438433,78.52430555555557,21.475694444444443
Mexico,3111,Puerto Vallarta,22.481786234923636,32.69726211224143,32.266356386950626,62.361181071630014,31.03038723216599,11.51523900848984,69.82532055324438,30.174679446755615
Mexico,3110,Puebla,20.384801883841618,32.64884022197813,28.360903413635757,45.28479018890192,27.84233242621706,7.219075956124772,38.87397643716578,61.12602356283422
India,4040,Mumbai,27.829636740052898,32.59196665097831,32.936722643235825,73.49143296035876,26.67744710275109,22.717166552346427,55.478362263762854,44.52163773623715
India,4016,Delhi,21.340275809174113,32.14210476796754,30.67442267852154,78.32746239572147,27.544389316542834,9.744265125864546,40.6556760384128,59.34432396158721
Azerbaijan,3599,Baku,20.8628799977949,31.308867474802337,27.898002221431156,29.188055377047036,32.308095855929444,9.648873291783623,73.2481699982645,26.751830001735495
Philippines,7905,Valenzuela,18.008891753591385,31.228090770792853,32.44253839785019,31.90278004930726,12.95066385342088,3.8177789695405813,74.7916991764453,25.208300823554705
Pakistan,7043,Islamabad,20.199119113479014,30.831041641105415,28.50165055896471,43.19602512601606,23.50295792858627,8.785506873848911,61.952949838009324,38.047050161990676
India,4008,Bangalore,20.412828504722068,30.337947103393265,31.470665368988804,100.25539248751822,20.228308388450706,9.757986464327317,50.32695382195848,49.67304617804152
Tunisia,1831,Tunis,19.128428030756524,30.05963969336728,29.49220536652265,34.31921594558987,18.189068135213834,7.393522052823739,63.27778144820295,36.72221855179704
Georgia,3941,Tbilisi,20.502869172769543,29.732137766052126,24.6469956601368,35.61305393105401,29.17525493274295,10.595038043883308,80.18825173613789,19.811748263862103
India,4049,Pune,19.18749556182096,29.657635648826343,30.75050248404443,99.44364324198376,21.404314456351717,7.947560476029343,58.21738813585022,41.78261186414977
Pakistan,7051,Lahore,18.502857187272177,29.527137154945542,26.828219944060777,51.44296352336081,26.391057787229876,6.668040253157745,53.09697697314294,46.90302302685706
India,7556,Chandigarh,18.154949289588952,29.043015845873025,29.39645911547209,68.83045173011504,20.182464440484345,6.466360571057805,58.028138731498615,41.97186126850139
India,4002,Ahmedabad,17.852915006201737,28.670489233559465,31.41740818206944,73.58935427143726,20.12706083275412,6.240001416617712,59.50742671244784,40.49257328755216
India,4057,Surat,17.096440661765502,28.655685725279945,31.970464142374823,57.83640249791549,19.83799632715848,4.6873264498256555,58.427523898901015,41.57247610109898
India,4013,Chennai,18.144774608583223,28.41864127987863,31.166483631881842,72.3446863557742,18.259322446084298,7.115543528021169,57.88143032692055,42.11856967307945
India,4032,Kolkata,18.239175094510887,27.987780167816982,28.52699547886478,56.29849782656207,23.181081949246593,7.773824364679428,50.29090061837046,49.70909938162954
Ukraine,6437,Kiev,20.244547281999587,27.52022659396805,21.957351485439546,37.47551448887027,22.012918703050456,12.433938971891255,52.09744280383182,47.90255719616818
Pakistan,7048,Karachi,17.62776213190215,27.102174379559905,25.598926286026874,39.05767367753283,21.621544455789522,7.456763677748647,37.79854499803851,62.201455001961506
India,4024,Hyderabad,17.261371763366128,26.923119160757956,27.59597279829102,80.89611540690065,18.93457761581616,6.889264737140009,62.0054694215759,37.9945305784241
Egypt,6668,Cairo,16.332827783896274,26.49256333082667,23.231187972441074,25.266818689358768,22.549432803888628,5.426119078247167,44.11703964661147,55.88296035338853
India,4044,Nagpur,15.972463199825802,26.231915744310562,26.55121019620416,95.18650337224946,18.729917695205742,4.95870601439062,62.15804841290407,37.841951587095934
India,4060,Vadodara,15.180690471714495,25.58548497824888,27.851108241657148,80.62744368848371,16.02256491210763,4.010905362573986,61.169106705182074,38.830893294817926
India,7706,Mangalore,15.930554981782288,25.459413040639177,26.847764263705738,94.53181689242206,16.03563043537679,5.701107702829303,75.32289326183867,24.677106738161335
Ukraine,8179,Lviv,17.0085489219397,25.3115263160928,20.5015027610687,26.87859550461933,17.875363372540143,8.095112601741581,60.08108811285847,39.91891188714154
Ukraine,6435,Kharkiv,16.866227417928496,24.850991961044073,19.261278897260507,27.18625514376816,18.43564954248248,8.29439987845389,53.22705618941439,46.772943810585616
India,4064,Visakhapatnam,15.108554180949449,24.66484752511156,25.829080382390558,63.96933605491196,18.065404034096936,4.849654495120491,59.379820763074285,40.62017923692571
India,7440,Kochi,15.801327808128088,24.646251010799283,26.927519454617947,77.69716828196405,13.941004419978531,6.306100255229991,64.5735637239902,35.426436276009795
Egypt,6654,Alexandria,14.404809925210696,23.78160484892737,23.187949881995156,23.749148706193342,17.65933763868131,4.338605903149689,47.47665986986804,52.52334013013196
India,8374,Navi Mumbai,15.149327770169496,23.443291623202565,24.020728562274034,111.98536909715253,14.140607047880064,6.245567692718876,63.67364253393664,36.32635746606336
