regionCode,regionName,countryCode,culture_hIndexMean,culture_hIndexMin,culture_hIndexMax,culture_cIndexMean,culture_cIndexMin,culture_cIndexMax,culture_rIndexMean,culture_rIndexMin,culture_rIndexMax,culture_aIndexMean,culture_aIndexMin,culture_aIndexMax,culture_iIndexMean,culture_iIndexMin,culture_iIndexMax,culture_nIndexMean,culture_nIndexMin,culture_nIndexMax,formations_mIndexMean,formations_mIndexMin,formations_mIndexMax,formations_rIndexMean,formations_rIndexMin,formations_rIndexMax,beach_IndexMean,beach_IndexMin,beach_IndexMax
AE_AJ,Ajman Emirate,AE,30.0,28,32,173.0,167,179,126.0,121,131,0.0,0,0,0.0,0,0,167.0,165,169,0.0,0,0,0.0,0,0,10.0,2,19
AE_AZ,Abu Dhabi Emirate,AE,50.0,28,84,102.0,39,166,93.0,50,121,24.0,6,42,0.0,0,0,73.0,12,153,16.0,0,48,0.0,0,0,16.0,0,46
AE_DU,Dubai,AE,92.0,92,92,610.0,610,610,210.0,210,210,247.0,247,247,0.0,0,0,411.0,411,411,8.0,8,8,0.0,0,0,9.0,9,9
AE_RK,Ras al-Khaimah,AE,19.0,19,19,10.0,10,10,20.0,20,20,4.0,4,4,0.0,0,0,63.0,63,63,5.0,5,5,0.0,0,0,26.0,26,26
AE_SH,Sharjah Emirate,AE,103.0,103,103,570.0,570,570,141.0,141,141,245.0,245,245,0.0,0,0,521.0,521,521,2.0,2,2,0.0,0,0,69.0,69,69
AL_DR,Durrës District,AL,64.0,64,64,23.0,23,23,41.0,41,41,82.0,82,82,0.0,0,0,29.0,29,29,4.0,4,4,4.0,4,4,5.0,5,5
AL_EL,Elbasan District,AL,54.0,54,54,6.0,6,6,42.0,42,42,247.0,247,247,0.0,0,0,238.0,238,238,52.0,52,52,0.0,0,0,0.0,0,0
AL_SH,Shkodër District,AL,133.0,133,133,73.0,73,73,128.0,128,128,833.0,833,833,0.0,0,0,763.0,763,763,244.0,244,244,0.0,0,0,2.0,2,2
AL_TR,Tirana District,AL,233.0,233,233,183.0,183,183,122.0,122,122,812.0,812,812,0.0,0,0,700.0,700,700,316.0,316,316,0.0,0,0,0.0,0,0
AM_ER,Yerevan,AM,747.0,747,747,849.0,849,849,540.0,540,540,300.0,300,300,6.0,6,6,301.0,301,301,198.0,198,198,4.0,4,4,0.0,0,0
AM_LO,Lori Region,AM,12.0,12,12,38.0,38,38,30.0,30,30,6.0,6,6,0.0,0,0,37.0,37,37,63.0,63,63,0.0,0,0,0.0,0,0
AM_SH,Shirak Region,AM,123.0,123,123,77.0,77,77,70.0,70,70,14.0,14,14,0.0,0,0,4.0,4,4,2.0,2,2,0.0,0,0,0.0,0,0
AR_A,Salta Province,AR,80.0,80,80,120.0,120,120,146.0,146,146,22.0,22,22,0.0,0,0,4.0,4,4,24.0,24,24,0.0,0,0,0.0,0,0
AR_B,Buenos Aires Province,AR,365.0,28,1544,394.0,26,1194,509.0,36,931,255.0,6,1305,2.0,0,12,25.0,0,117,1.0,0,27,0.0,0,0,1.0,0,42
AR_C,Buenos Aires,AR,1555.0,1550,1560,1155.0,1081,1193,945.0,936,964,1198.0,1147,1291,6.0,6,6,84.0,58,118,0.0,0,0,0.0,0,0,3.0,0,5
AR_D,San Luis Province,AR,19.0,18,20,14.0,14,14,30.0,18,42,2.0,0,3,0.0,0,0,3.0,0,6,1.0,0,2,0.0,0,0,1.0,0,2
AR_E,Entre Ríos Province,AR,14.0,14,14,25.0,24,26,40.0,34,47,9.0,0,18,0.0,0,0,8.0,2,14,0.0,0,0,0.0,0,0,7.0,4,10
AR_F,La Rioja Province,AR,20.0,20,20,26.0,26,26,27.0,27,27,0.0,0,0,0.0,0,0,0.0,0,0,4.0,4,4,0.0,0,0,0.0,0,0
AR_G,Santiago del Estero Province,AR,26.0,26,26,10.0,10,10,68.0,68,68,0.0,0,0,0.0,0,0,2.0,0,4,0.0,0,0,0.0,0,0,0.0,0,0
AR_H,Chaco Province,AR,77.0,77,77,277.0,277,277,684.0,684,684,52.0,52,52,6.0,6,6,26.0,26,26,4.0,4,4,0.0,0,0,0.0,0,0
AR_J,San Juan Province,AR,95.0,95,95,71.0,71,71,238.0,238,238,22.0,22,22,0.0,0,0,3.0,3,3,9.0,9,9,0.0,0,0,0.0,0,0
AR_K,Catamarca Province,AR,34.0,34,34,33.0,33,33,110.0,110,110,22.0,22,22,2.0,2,2,13.0,13,13,5.0,5,5,0.0,0,0,3.0,3,3
AR_L,La Pampa,AR,2.0,2,2,16.0,16,16,28.0,28,28,0.0,0,0,0.0,0,0,0.0,0,0,0.0,0,0,0.0,0,0,0.0,0,0
AR_M,Mendoza,AR,12.0,0,36,48.0,0,169,61.0,2,196,13.0,0,44,2.0,0,6,0.0,0,0,0.0,0,0,0.0,0,0,0.0,0,0
AR_N,Misiones Province,AR,267.0,267,267,134.0,134,134,311.0,311,311,20.0,20,20,4.0,4,4,17.0,17,17,0.0,0,0,0.0,0,0,5.0,5,5
AR_P,Formosa Province,AR,18.0,18,18,18.0,18,18,22.0,22,22,0.0,0,0,6.0,6,6,8.0,8,8,0.0,0,0,0.0,0,0,0.0,0,0
AR_Q,Neuquén Province,AR,78.0,78,78,100.0,100,100,77.0,77,77,6.0,6,6,6.0,6,6,6.0,6,6,4.0,4,4,0.0,0,0,2.0,2,2
AR_R,Río Negro Province,AR,8.0,8,8,33.0,33,33,26.0,26,26,5.0,5,5,0.0,0,0,39.0,39,39,41.0,41,41,0.0,0,0,5.0,5,5
AR_S,Santa Fe Province,AR,84.0,36,132,199.0,76,322,133.0,90,176,57.0,18,96,2.0,0,4,35.0,12,58,0.0,0,0,0.0,0,0,28.0,10,45
AR_T,Tucumán Province,AR,45.0,45,45,93.0,93,93,114.0,114,114,12.0,12,12,6.0,6,6,7.0,7,7,20.0,20,20,3.0,3,3,0.0,0,0
AR_U,Chubut Province,AR,20.0,10,30,24.0,17,30,28.0,26,30,6.0,0,12,6.0,6,6,11.0,0,22,15.0,0,30,0.0,0,0,2.0,0,4
AR_W,Corrientes,AR,77.0,77,77,272.0,272,272,580.0,580,580,52.0,52,52,6.0,6,6,44.0,44,44,4.0,4,4,0.0,0,0,12.0,12,12
AR_X,Córdoba Province,AR,46.0,46,46,48.0,48,48,28.0,28,28,12.0,12,12,0.0,0,0,0.0,0,0,0.0,0,0,0.0,0,0,0.0,0,0
AR_Y,Jujuy Province,AR,90.0,90,90,102.0,102,102,208.0,208,208,28.0,28,28,0.0,0,0,0.0,0,0,18.0,18,18,0.0,0,0,0.0,0,0
AT_2,Carinthia,AT,909.0,909,909,243.0,243,243,909.0,909,909,1442.0,1442,1442,24.0,24,24,61.0,61,61,80.0,80,80,0.0,0,0,0.0,0,0
AT_4,Upper Austria,AT,664.0,664,664,633.0,633,633,974.0,974,974,2768.0,2768,2768,6.0,6,6,113.0,113,113,69.0,69,69,0.0,0,0,5.0,5,5
AT_5,Salzburg,AT,1092.0,1092,1092,815.0,808,822,1314.0,1296,1332,2827.0,2827,2827,67.0,67,67,308.0,305,310,228.0,228,228,14.0,14,14,0.0,0,0
AT_6,Styria,AT,1326.0,1309,1342,862.0,847,876,1372.0,1355,1389,2673.0,2664,2682,72.0,72,72,139.0,138,140,162.0,161,163,0.0,0,0,0.0,0,1
AT_7,Tyrol,AT,1150.0,1150,1150,613.0,613,613,1767.0,1767,1767,2825.0,2825,2825,98.0,98,98,313.0,313,313,414.0,414,414,0.0,0,0,0.0,0,0
AT_9,Vienna,AT,1559.0,1483,1609,1465.0,1372,1600,2033.0,1992,2052,2632.0,2395,2919,374.0,292,522,351.0,182,597,417.0,138,1003,0.0,0,0,8.0,0,16
AU_ACT,Australian Capital Territory,AU,214.0,214,214,533.0,533,533,295.0,295,295,537.0,537,537,17.0,17,17,107.0,107,107,128.0,128,128,0.0,0,0,0.0,0,0
AU_NSW,New South Wales,AU,266.0,56,665,444.0,68,1143,401.0,80,982,960.0,114,2601,141.0,18,378,295.0,46,763,37.0,6,72,0.0,0,0,59.0,5,149
AU_NT,Northern Territory,AU,35.0,34,36,89.0,88,90,41.0,40,42,88.0,80,96,0.0,0,0,25.0,21,29,7.0,6,8,0.0,0,0,5.0,0,10
AU_QLD,Queensland,AU,74.0,0,308,161.0,6,701,222.0,6,972,462.0,6,2656,19.0,0,98,118.0,0,344,48.0,14,159,0.0,0,0,5.0,0,18
AU_SA,South Australia,AU,166.0,166,166,608.0,608,608,555.0,555,555,329.0,329,329,51.0,51,51,348.0,348,348,89.0,89,89,0.0,0,0,22.0,22,22
AU_TAS,Tasmania,AU,44.0,26,62,100.0,87,114,84.0,70,98,88.0,74,103,2.0,0,4,22.0,4,39,44.0,18,71,0.0,0,0,2.0,0,4
AU_VIC,Victoria,AU,32.0,32,32,64.0,64,64,89.0,89,89,89.0,89,89,15.0,15,15,6.0,6,6,8.0,8,8,0.0,0,0,0.0,0,0
AU_WA,Western Australia,AU,151.0,23,279,562.0,50,1075,286.0,20,551,1011.0,50,1972,26.0,0,51,318.0,69,567,72.0,22,121,0.0,0,0,30.0,10,51
AZ_GA,Ganja,AZ,39.0,39,39,53.0,53,53,76.0,76,76,13.0,13,13,0.0,0,0,0.0,0,0,0.0,0,0,0.0,0,0,0.0,0,0
AZ_LA,Lankaran District,AZ,44.0,44,44,2.0,2,2,14.0,14,14,0.0,0,0,0.0,0,0,0.0,0,0,0.0,0,0,0.0,0,0,2.0,2,2
BA_BIH,Federation of Bosnia and Herzegovina,BA,164.0,77,389,107.0,18,282,234.0,106,520,84.0,2,271,4.0,0,18,42.0,23,83,79.0,39,169,0.0,0,0,2.0,0,3
BA_SRP,Republika Srpska,BA,104.0,104,104,6.0,6,6,99.0,99,99,0.0,0,0,0.0,0,0,0.0,0,0,0.0,0,0,0.0,0,0,0.0,0,0
BD_06,Barisal District,BD,6.0,4,8,7.0,7,7,164.0,149,178,0.0,0,0,0.0,0,0,0.0,0,0,0.0,0,0,0.0,0,0,0.0,0,0
BD_13,Dhaka District,BD,154.0,4,376,139.0,4,321,662.0,158,887,31.0,0,66,0.0,0,0,8.0,0,24,0.0,0,0,0.0,0,0,0.0,0,0
BD_27,Khulna District,BD,3.0,2,4,6.0,2,10,56.0,8,104,0.0,0,0,0.0,0,0,0.0,0,0,0.0,0,0,0.0,0,0,0.0,0,0
BD_34,Mymensingh District,BD,2.0,2,2,0.0,0,0,36.0,36,36,0.0,0,0,0.0,0,0,0.0,0,0,0.0,0,0,0.0,0,0,0.0,0,0
BD_54,Rajshahi District,BD,11.0,0,23,6.0,0,14,89.0,37,163,0.0,0,2,0.0,0,0,1.0,0,6,0.0,0,0,0.0,0,0,0.0,0,0
BD_55,Rangpur District,BD,10.0,10,10,14.0,14,14,157.0,157,157,4.0,4,4,0.0,0,0,0.0,0,0,0.0,0,0,0.0,0,0,0.0,0,0
BD_60,Sylhet District,BD,5.0,5,5,15.0,15,15,173.0,173,173,4.0,4,4,0.0,0,0,3.0,3,3,0.0,0,0,0.0,0,0,0.0,0,0
BD_B,Chittagong Division,BD,29.0,2,80,32.0,7,80,373.0,71,968,6.0,0,17,0.0,0,0,18.0,17,18,2.0,0,6,0.0,0,0,0.0,0,1
BE_BRU,Brussels-Capital Region,BE,1182.0,1182,1182,1107.0,1107,1107,1563.0,1563,1563,2780.0,2780,2780,642.0,642,642,915.0,915,915,28.0,28,28,0.0,0,0,0.0,0,0
BE_VLG,Flanders,BE,581.0,358,1232,604.0,194,1439,966.0,696,1546,1188.0,543,2769,162.0,42,218,50.0,30,64,7.0,0,17,0.0,0,0,1.0,0,3
BE_WAL,Wallonia,BE,421.0,293,549,296.0,139,453,602.0,334,869,338.0,204,473,62.0,62,63,44.0,33,56,12.0,4,20,1.0,0,2,0.0,0,0
BG_03,Varna Province,BG,158.0,158,158,154.0,154,154,133.0,133,133,41.0,41,41,0.0,0,0,90.0,90,90,32.0,32,32,0.0,0,0,31.0,31,31
BG_22,Sofia City Province,BG,554.0,554,554,481.0,481,481,625.0,625,625,176.0,176,176,6.0,6,6,228.0,228,228,544.0,544,544,9.0,9,9,0.0,0,0
BH_13,Capital Governorate,BH,210.0,210,210,105.0,105,105,128.0,128,128,96.0,96,96,0.0,0,0,32.0,32,32,0.0,0,0,0.0,0,0,3.0,3,3
BH_14,Southern Governorate,BH,214.0,214,214,107.0,107,107,130.0,130,130,96.0,96,96,0.0,0,0,47.0,47,47,3.0,3,3,0.0,0,0,0.0,0,0
BO_B,Beni Department,BO,10.0,10,10,10.0,10,10,30.0,30,30,0.0,0,0,0.0,0,0,0.0,0,0,0.0,0,0,0.0,0,0,0.0,0,0
BO_C,Cochabamba Department,BO,186.0,148,218,438.0,421,457,447.0,402,484,92.0,90,94,15.0,14,16,146.0,93,192,84.0,56,103,0.0,0,0,0.0,0,0
BO_L,La Paz Department,BO,257.0,257,257,493.0,493,493,591.0,591,591,128.0,128,128,8.0,8,8,209.0,209,209,117.0,117,117,0.0,0,0,0.0,0,0
BO_O,Oruro Department,BO,22.0,22,22,60.0,60,60,118.0,118,118,6.0,6,6,0.0,0,0,47.0,47,47,47.0,47,47,0.0,0,0,0.0,0,0
BO_P,Potosí Department,BO,19.0,19,19,34.0,34,34,63.0,63,63,0.0,0,0,8.0,8,8,90.0,90,90,84.0,84,84,0.0,0,0,0.0,0,0
BO_S,Santa Cruz Department,BO,80.0,11,149,95.0,4,186,214.0,28,400,9.0,0,18,0.0,0,0,12.0,0,24,0.0,0,0,0.0,0,0,0.0,0,1
BO_T,Tarija Department,BO,16.0,16,16,68.0,68,68,78.0,78,78,8.0,8,8,0.0,0,0,12.0,12,12,0.0,0,0,0.0,0,0,0.0,0,0
BR_MS,Mato Grosso do Sul,BR,8.0,8,8,11.0,11,11,10.0,10,10,2.0,2,2,0.0,0,0,2.0,2,2,0.0,0,0,0.0,0,0,0.0,0,0
CA_AB,Alberta,CA,80.0,80,80,354.0,354,354,542.0,542,542,883.0,883,883,12.0,12,12,47.0,47,47,2.0,2,2,0.0,0,0,0.0,0,0
CA_BC,British Columbia,CA,102.0,4,245,352.0,14,846,297.0,32,619,157.0,0,432,12.0,0,30,80.0,0,235,20.0,0,61,0.0,0,0,5.0,0,35
CA_MB,Manitoba,CA,248.0,248,248,501.0,501,501,389.0,389,389,236.0,236,236,26.0,26,26,119.0,119,119,4.0,4,4,0.0,0,0,0.0,0,0
CA_NL,Newfoundland and Labrador,CA,88.0,88,88,116.0,116,116,206.0,206,206,838.0,838,838,12.0,12,12,30.0,30,30,46.0,46,46,0.0,0,0,2.0,2,2
CA_NS,Nova Scotia,CA,217.0,215,219,342.0,341,343,284.0,277,291,215.0,215,215,12.0,12,12,52.0,52,52,37.0,34,40,2.0,2,2,9.0,8,10
CA_ON,Ontario,CA,154.0,4,803,228.0,14,993,373.0,19,1087,318.0,2,2608,17.0,0,72,38.0,3,185,3.0,0,16,0.0,0,0,3.0,0,40
CA_QC,Quebec,CA,272.0,16,702,475.0,31,1082,480.0,80,1099,709.0,50,1943,46.0,12,110,81.0,17,241,13.0,0,31,2.0,0,4,4.0,0,7
CH_BE,canton of Bern,CH,1418.0,1418,1418,1114.0,1114,1114,457.0,457,457,1238.0,1238,1238,24.0,24,24,66.0,66,66,59.0,59,59,0.0,0,0,2.0,2,2
CH_BS,Basel-Stadt,CH,647.0,647,647,929.0,929,929,1067.0,1067,1067,2451.0,2451,2451,66.0,66,66,127.0,127,127,63.0,63,63,7.0,7,7,2.0,2,2
CH_GE,Canton of Geneva,CH,614.0,614,614,860.0,860,860,653.0,653,653,1421.0,1421,1421,24.0,24,24,96.0,96,96,18.0,18,18,6.0,6,6,25.0,25,25
CH_VD,Canton of Vaud,CH,386.0,386,386,512.0,512,512,377.0,377,377,984.0,984,984,6.0,6,6,115.0,115,115,13.0,13,13,0.0,0,0,2.0,2,2
CH_ZH,canton of Zürich,CH,900.0,610,1190,791.0,357,1225,844.0,545,1143,1361.0,982,1740,76.0,32,120,159.0,90,228,116.0,104,129,2.0,0,4,4.0,0,7
CL_AN,Antofagasta Region,CL,42.0,42,42,64.0,64,64,56.0,56,56,40.0,40,40,12.0,12,12,30.0,30,30,4.0,4,4,6.0,6,6,15.0,15,15
CL_AP,Arica y Parinacota Region,CL,81.0,81,81,60.0,60,60,66.0,66,66,19.0,19,19,6.0,6,6,47.0,47,47,6.0,6,6,0.0,0,0,21.0,21,21
CL_BI,Bío Bío Region,CL,60.0,27,80,79.0,29,105,247.0,128,323,26.0,16,35,4.0,0,12,81.0,33,117,28.0,2,44,0.0,0,0,2.0,0,3
CL_CO,Coquimbo Region,CL,51.0,51,51,62.0,62,62,113.0,112,114,61.0,61,61,6.0,6,6,50.0,45,54,12.0,10,13,0.0,0,0,6.0,6,6
CL_LL,Los Lagos Region,CL,30.0,30,30,10.0,10,10,76.0,76,76,0.0,0,0,0.0,0,0,8.0,8,8,0.0,0,0,0.0,0,0,0.0,0,0
CL_LR,Los Ríos Region,CL,60.0,60,60,68.0,68,68,60.0,60,60,32.0,32,32,0.0,0,0,34.0,34,34,0.0,0,0,0.0,0,0,0.0,0,0
CL_MA,Magellan and the Chilean Antarctic Region,CL,56.0,56,56,60.0,60,60,40.0,40,40,8.0,8,8,0.0,0,0,8.0,8,8,0.0,0,0,0.0,0,0,6.0,6,6
CL_NB,Ñuble Region,CL,34.0,34,34,16.0,16,16,116.0,116,116,6.0,6,6,0.0,0,0,2.0,2,2,0.0,0,0,0.0,0,0,0.0,0,0
CL_RM,Santiago Metropolitan Region,CL,282.0,8,540,372.0,2,706,588.0,18,891,137.0,0,256,14.0,0,24,110.0,26,352,90.0,10,264,0.0,0,0,0.0,0,0
CL_TA,Tarapacá Region,CL,57.0,57,57,45.0,45,45,19.0,19,19,18.0,18,18,0.0,0,0,7.0,7,7,20.0,20,20,0.0,0,0,11.0,11,11
CN_AH,Anhui,CN,67.0,64,70,58.0,58,58,60.0,51,69,2.0,2,2,0.0,0,0,8.0,8,8,127.0,120,134,0.0,0,0,0.0,0,1
CN_FJ,Fujian,CN,0.0,0,0,0.0,0,0,0.0,0,0,0.0,0,0,0.0,0,0,2.0,2,2,18.0,18,18,0.0,0,0,0.0,0,0
CN_GD,Guangdong,CN,95.0,0,190,224.0,14,435,213.0,4,422,94.0,5,183,2.0,0,3,170.0,0,341,140.0,12,269,1.0,0,2,9.0,0,18
CN_GS,Gansu,CN,13.0,13,13,9.0,9,9,42.0,40,44,2.0,2,2,0.0,0,0,25.0,25,25,20.0,20,20,0.0,0,0,0.0,0,0
CN_GX,Guangxi Zhuang Autonomous Region,CN,1.0,0,2,7.0,2,12,0.0,0,0,0.0,0,0,0.0,0,0,26.0,4,48,0.0,0,0,0.0,0,0,0.0,0,0
CN_GZ,Guizhou,CN,0.0,0,0,0.0,0,0,0.0,0,0,11.0,11,11,0.0,0,0,32.0,32,32,0.0,0,0,0.0,0,0,0.0,0,0
CN_HA,Henan,CN,11.0,0,19,8.0,4,10,6.0,0,18,3.0,0,7,1.0,0,3,6.0,0,18,4.0,0,12,0.0,0,0,0.0,0,0
CN_HE,Hebei,CN,5.0,4,9,13.0,0,21,27.0,4,56,18.0,2,31,3.0,0,4,10.0,0,24,3.0,0,8,0.0,0,0,0.0,0,0
CN_HI,Hainan,CN,1.0,0,2,2.0,2,2,0.0,0,0,0.0,0,0,0.0,0,0,12.0,2,22,3.0,0,6,0.0,0,0,0.0,0,0
CN_HL,Heilongjiang,CN,9.0,0,61,8.0,0,39,3.0,0,12,1.0,0,9,1.0,0,6,6.0,0,32,1.0,0,4,1.0,0,6,1.0,0,10
CN_JL,Jilin,CN,5.0,0,10,1.0,0,2,0.0,0,0,0.0,0,0,0.0,0,0,9.0,0,18,0.0,0,0,0.0,0,0,0.0,0,0
CN_JX,Jiangxi,CN,12.0,12,12,0.0,0,0,0.0,0,0,15.0,15,15,0.0,0,0,0.0,0,0,4.0,4,4,0.0,0,0,0.0,0,0
CN_LN,Liaoning,CN,2.0,0,4,7.0,2,12,4.0,2,7,2.0,0,3,2.0,0,3,33.0,10,56,2.0,0,4,0.0,0,0,0.0,0,0
CN_NM,Inner Mongolia,CN,91.0,0,182,1.0,0,2,0.0,0,0,3.0,0,6,0.0,0,0,0.0,0,0,0.0,0,0,0.0,0,0,0.0,0,0
CN_SC,Sichuan,CN,4.0,4,4,6.0,6,6,12.0,12,12,7.0,7,7,0.0,0,0,150.0,150,150,22.0,22,22,0.0,0,0,0.0,0,0
CN_SD,Shandong,CN,40.0,0,131,44.0,0,171,41.0,0,153,12.0,2,43,1.0,0,3,24.0,0,50,115.0,0,508,0.0,0,0,0.0,0,2
CN_SX,Shanxi,CN,161.0,0,463,8.0,0,23,28.0,0,45,11.0,0,24,0.0,0,0,16.0,0,39,2.0,0,5,0.0,0,0,0.0,0,0
CN_TJ,Tianjin,CN,30.0,30,30,89.0,89,89,50.0,50,50,38.0,38,38,7.0,7,7,0.0,0,0,4.0,4,4,0.0,0,0,0.0,0,0
CN_XJ,Xinjiang,CN,0.0,0,0,2.0,0,3,0.0,0,0,0.0,0,0,0.0,0,0,0.0,0,0,0.0,0,0,0.0,0,0,0.0,0,0
CN_XZ,Tibet Autonomous Region,CN,8.0,0,16,5.0,0,10,8.0,6,10,1.0,0,2,0.0,0,0,2.0,0,4,0.0,0,0,0.0,0,0,0.0,0,0
CN_YN,Yunnan,CN,7.0,0,16,10.0,0,36,11.0,0,40,10.0,0,35,2.0,0,6,10.0,0,39,2.0,0,6,0.0,0,0,0.0,0,0
CO_ANT,Antioquia Department,CO,102.0,2,330,252.0,0,776,308.0,4,866,36.0,0,125,4.0,0,14,18.0,0,64,160.0,2,566,0.0,0,0,0.0,0,1
CO_ARA,Arauca Department,CO,14.0,14,14,0.0,0,0,14.0,14,14,2.0,2,2,0.0,0,0,0.0,0,0,0.0,0,0,0.0,0,0,2.0,2,2
CO_ATL,Atlántico Department,CO,46.0,37,55,71.0,66,80,205.0,194,215,18.0,18,18,0.0,0,0,5.0,0,14,25.0,2,62,0.0,0,0,0.0,0,1
CO_BOL,Bolívar Department,CO,181.0,181,181,89.0,89,89,174.0,174,174,36.0,36,36,0.0,0,0,282.0,282,282,78.0,78,78,0.0,0,0,49.0,49,49
CO_CAL,Caldas Department,CO,38.0,38,38,61.0,61,61,102.0,102,102,8.0,8,8,0.0,0,0,36.0,36,36,70.0,70,70,0.0,0,0,0.0,0,0
CO_CES,Cesar Department,CO,41.0,41,41,25.0,25,25,24.0,24,24,0.0,0,0,0.0,0,0,0.0,0,0,6.0,6,6,0.0,0,0,0.0,0,0
CO_CHO,Chocó Department,CO,0.0,0,0,0.0,0,0,0.0,0,0,0.0,0,0,0.0,0,0,0.0,0,0,2.0,2,2,0.0,0,0,0.0,0,0
CO_COR,Córdoba Department,CO,14.0,14,14,10.0,10,10,22.0,22,22,0.0,0,0,0.0,0,0,0.0,0,0,4.0,4,4,0.0,0,0,0.0,0,0
CO_CUN,Cundinamarca Department,CO,71.0,16,264,159.0,11,695,210.0,20,870,26.0,0,111,3.0,0,14,12.0,0,52,80.0,48,144,0.0,0,0,0.0,0,2
CO_HUI,Huila Department,CO,18.0,18,18,12.0,12,12,24.0,24,24,6.0,6,6,0.0,0,0,0.0,0,0,62.0,62,62,0.0,0,0,0.0,0,0
CO_MAG,Magdalena Department,CO,32.0,6,58,33.0,4,62,37.0,2,72,7.0,6,8,0.0,0,0,38.0,0,76,10.0,0,20,0.0,0,0,24.0,0,47
CO_MET,Meta,CO,38.0,38,38,29.0,29,29,64.0,64,64,0.0,0,0,0.0,0,0,2.0,2,2,4.0,4,4,0.0,0,0,1.0,1,1
CO_NSA,Norte de Santander Department,CO,70.0,70,70,30.0,30,30,266.0,266,266,28.0,28,28,0.0,0,0,22.0,22,22,100.0,100,100,0.0,0,0,8.0,8,8
CO_QUI,Quindío Department,CO,106.0,106,106,52.0,52,52,164.0,164,164,6.0,6,6,0.0,0,0,4.0,4,4,42.0,42,42,0.0,0,0,0.0,0,0
CO_RIS,Risaralda Department,CO,111.0,108,114,40.0,39,41,130.0,130,130,3.0,2,4,0.0,0,0,78.0,58,98,31.0,26,36,0.0,0,0,0.0,0,0
CO_SAN,Santander Department,CO,38.0,18,49,35.0,28,43,64.0,14,96,0.0,0,0,0.0,0,0,33.0,0,46,43.0,2,82,0.0,0,0,0.0,0,0
CO_TOL,Tolima Department,CO,60.0,60,60,42.0,42,42,80.0,80,80,0.0,0,0,0.0,0,0,8.0,8,8,68.0,68,68,0.0,0,0,0.0,0,0
CO_VAC,Valle del Cauca Department,CO,60.0,6,172,62.0,12,194,156.0,44,470,9.0,0,37,0.0,0,0,11.0,0,42,38.0,2,122,0.0,0,0,0.0,0,0
CR_A,Alajuela Province,CR,399.0,399,399,262.0,262,262,961.0,961,961,12.0,12,12,0.0,0,0,13.0,13,13,55.0,55,55,0.0,0,0,0.0,0,0
CR_C,Provincia de Cartago,CR,286.0,286,286,199.0,199,199,719.0,719,719,12.0,12,12,0.0,0,0,10.0,10,10,22.0,22,22,0.0,0,0,0.0,0,0
CR_H,Heredia Province,CR,439.0,439,439,290.0,290,290,954.0,954,954,12.0,12,12,0.0,0,0,27.0,27,27,67.0,67,67,0.0,0,0,0.0,0,0
CR_SJ,San José Province,CR,425.0,425,425,294.0,294,294,945.0,945,945,16.0,16,16,0.0,0,0,19.0,19,19,61.0,61,61,0.0,0,0,0.0,0,0
CZ_10,Prague,CZ,1199.0,1199,1199,1441.0,1441,1441,1973.0,1973,1973,2789.0,2789,2789,750.0,750,750,1288.0,1288,1288,472.0,472,472,24.0,24,24,2.0,2,2
CZ_324,Plzeň-South District,CZ,914.0,914,914,701.0,701,701,1283.0,1283,1283,2235.0,2235,2235,78.0,78,78,188.0,188,188,114.0,114,114,0.0,0,0,0.0,0,0
CZ_42,Ústí nad Labem Region,CZ,483.0,483,483,225.0,225,225,791.0,791,791,697.0,697,697,72.0,72,72,301.0,301,301,337.0,337,337,0.0,0,0,0.0,0,0
CZ_51,Liberec Region,CZ,960.0,960,960,435.0,435,435,825.0,825,825,1977.0,1977,1977,72.0,72,72,466.0,466,466,195.0,195,195,12.0,12,12,0.0,0,0
CZ_63,Vysočina Region,CZ,580.0,539,622,534.0,498,569,936.0,902,970,1644.0,1612,1676,64.0,62,65,232.0,221,243,84.0,76,92,3.0,3,3,0.0,0,0
CZ_64,South Moravian Region,CZ,1300.0,1300,1300,1329.0,1329,1329,1663.0,1663,1663,2923.0,2923,2923,100.0,100,100,608.0,608,608,163.0,163,163,5.0,5,5,0.0,0,0
CZ_80,Moravian-Silesian Region,CZ,521.0,521,521,404.0,404,404,664.0,664,664,1681.0,1681,1681,162.0,162,162,187.0,187,187,15.0,15,15,0.0,0,0,0.0,0,0
DE_BB,Brandenburg,DE,805.0,805,805,1046.0,1046,1046,477.0,477,477,2823.0,2823,2823,176.0,176,176,269.0,269,269,171.0,171,171,0.0,0,0,6.0,6,6
DE_BE,Berlin,DE,1226.0,1066,1333,1147.0,839,1414,1646.0,1216,1791,2384.0,1875,2609,1078.0,429,1599,782.0,429,998,116.0,48,443,0.0,0,0,4.0,0,19
DE_BW,Baden-Württemberg,DE,609.0,466,896,470.0,207,770,698.0,477,1063,506.0,175,1549,27.0,2,61,280.0,132,525,115.0,24,183,2.0,0,4,1.0,0,4
DE_BY,Bavaria,DE,864.0,248,1394,646.0,149,1251,1343.0,817,1742,2861.0,2450,3000,129.0,12,346,297.0,70,854,75.0,17,144,54.0,12,142,3.0,0,6
DE_HB,Bremen,DE,840.0,578,1103,830.0,270,1389,508.0,214,802,2000.0,1130,2870,78.0,36,120,216.0,56,375,10.0,4,15,0.0,0,0,12.0,2,23
DE_HE,Hesse,DE,681.0,257,1111,847.0,490,1074,1025.0,428,1336,1863.0,1334,2281,120.0,90,202,248.0,182,370,88.0,37,126,2.0,0,6,0.0,0,0
DE_HH,Hamburg,DE,1186.0,431,1401,1146.0,235,1321,1035.0,263,1439,2518.0,2301,2668,185.0,54,345,221.0,118,727,34.0,6,142,0.0,0,3,3.0,0,13
DE_MV,Mecklenburg-Vorpommern,DE,316.0,316,316,386.0,386,386,241.0,241,241,158.0,158,158,34.0,34,34,59.0,59,59,10.0,10,10,0.0,0,0,5.0,5,5
DE_NI,Lower Saxony,DE,560.0,184,1431,403.0,108,947,526.0,226,1163,554.0,101,1956,33.0,14,85,181.0,67,365,79.0,8,197,0.0,0,0,3.0,0,7
DE_NW,North Rhine-Westphalia,DE,875.0,320,1113,759.0,133,1214,1037.0,443,1468,1809.0,121,2986,202.0,4,531,258.0,61,618,90.0,5,287,3.0,0,18,2.0,0,18
DE_RP,Rhineland-Palatinate,DE,747.0,552,1122,542.0,284,786,946.0,655,1130,835.0,385,1722,52.0,30,80,173.0,91,252,48.0,13,114,0.0,0,0,4.0,0,7
DE_SH,Schleswig-Holstein,DE,260.0,260,260,410.0,410,410,262.0,262,262,501.0,501,501,20.0,20,20,110.0,110,110,23.0,23,23,0.0,0,0,0.0,0,0
DE_SL,Saarland,DE,541.0,541,541,388.0,388,388,929.0,929,929,836.0,836,836,173.0,173,173,137.0,137,137,143.0,143,143,4.0,4,4,0.0,0,0
DE_SN,Saxony,DE,1448.0,956,1787,839.0,314,1127,1420.0,893,1991,2726.0,2272,2972,264.0,50,511,240.0,85,422,226.0,72,499,2.0,0,4,2.0,0,4
DE_ST,Saxony-Anhalt,DE,568.0,564,571,448.0,445,451,507.0,505,509,1640.0,1634,1645,93.0,93,93,73.0,72,74,39.0,38,40,0.0,0,0,3.0,0,6
DE_TH,Thuringia,DE,391.0,221,561,256.0,213,300,593.0,560,626,316.0,304,329,38.0,34,42,91.0,63,119,154.0,109,200,0.0,0,0,2.0,1,3
DK_81,North Denmark Region,DK,831.0,831,831,102.0,102,102,223.0,223,223,87.0,87,87,9.0,9,9,6.0,6,6,4.0,4,4,0.0,0,0,1.0,1,1
DK_82,Central Denmark Region,DK,509.0,509,509,343.0,343,343,389.0,389,389,173.0,173,173,8.0,8,8,49.0,49,49,14.0,14,14,0.0,0,0,6.0,6,6
DO_01,Distrito Nacional,DO,191.0,177,205,154.0,150,157,790.0,741,839,24.0,24,24,6.0,6,6,6.0,2,11,2.0,0,4,0.0,0,0,4.0,2,6
DO_02,Azua Province,DO,18.0,18,18,0.0,0,0,12.0,12,12,8.0,8,8,0.0,0,0,0.0,0,0,2.0,2,2,0.0,0,0,0.0,0,0
DO_04,Barahona Province,DO,14.0,14,14,2.0,2,2,2.0,2,2,0.0,0,0,0.0,0,0,4.0,4,4,0.0,0,0,0.0,0,0,1.0,1,1
DO_09,Espaillat Province,DO,26.0,26,26,8.0,8,8,66.0,66,66,0.0,0,0,0.0,0,0,0.0,0,0,0.0,0,0,0.0,0,0,0.0,0,0
DO_11,La Altagracia Province,DO,1.0,0,2,9.0,4,18,15.0,8,18,0.0,0,0,2.0,0,6,8.0,2,12,0.0,0,0,0.0,0,0,0.0,0,0
DO_18,Puerto Plata Province,DO,28.0,28,28,16.0,16,16,10.0,10,10,2.0,2,2,0.0,0,0,8.0,8,8,2.0,2,2,0.0,0,0,0.0,0,0
DO_21,San Cristóbal Province,DO,68.0,0,165,48.0,2,136,243.0,18,521,8.0,0,24,2.0,0,6,5.0,0,7,0.0,0,0,0.0,0,0,0.0,0,0
DO_25,Santiago Province,DO,134.0,134,134,106.0,106,106,319.0,319,319,8.0,8,8,0.0,0,0,23.0,23,23,12.0,12,12,0.0,0,0,0.0,0,0
DO_32,Santo Domingo Province,DO,126.0,8,187,105.0,5,157,541.0,56,789,16.0,0,24,4.0,0,6,6.0,4,7,3.0,0,4,0.0,0,0,3.0,0,6
DZ_03,Laghouat Province,DZ,18.0,18,18,14.0,14,14,48.0,48,48,0.0,0,0,0.0,0,0,0.0,0,0,2.0,2,2,0.0,0,0,0.0,0,0
EC_A,Azuay Province,EC,143.0,143,143,178.0,178,178,503.0,503,503,4.0,4,4,0.0,0,0,2.0,2,2,16.0,16,16,0.0,0,0,0.0,0,0
EC_I,Imbabura Province,EC,89.0,89,89,55.0,55,55,182.0,182,182,14.0,14,14,0.0,0,0,10.0,10,10,8.0,8,8,0.0,0,0,0.0,0,0
EC_L,Loja Province,EC,76.0,76,76,40.0,40,40,134.0,134,134,2.0,2,2,0.0,0,0,8.0,8,8,132.0,132,132,0.0,0,0,0.0,0,0
EC_M,Manabí Province,EC,28.0,26,30,14.0,10,18,170.0,116,223,2.0,0,4,0.0,0,0,10.0,0,21,3.0,2,4,0.0,0,0,6.0,0,11
EC_P,Pichincha Province,EC,324.0,285,362,462.0,434,489,864.0,858,870,56.0,52,61,4.0,4,4,71.0,18,124,123.0,55,191,0.0,0,0,0.0,0,0
EC_R,Los Ríos Province,EC,26.0,26,26,2.0,2,2,84.0,84,84,0.0,0,0,0.0,0,0,4.0,4,4,0.0,0,0,0.0,0,0,0.0,0,0
EC_SD,Santo Domingo de los Tsáchilas Province,EC,44.0,44,44,24.0,24,24,133.0,133,133,0.0,0,0,0.0,0,0,0.0,0,0,2.0,2,2,0.0,0,0,0.0,0,0
EE_78,Tartu County,EE,272.0,272,272,312.0,312,312,96.0,96,96,241.0,241,241,6.0,6,6,13.0,13,13,0.0,0,0,0.0,0,0,5.0,5,5
EG_ALX,Alexandria Governorate,EG,214.0,214,214,79.0,79,79,278.0,278,278,21.0,21,21,0.0,0,0,31.0,31,31,68.0,68,68,0.0,0,0,39.0,39,39
EG_BA,Red Sea Governorate,EG,4.0,4,4,23.0,23,23,42.0,42,42,0.0,0,0,0.0,0,0,210.0,210,210,0.0,0,0,0.0,0,0,36.0,36,36
EG_BH,Beheira Governorate,EG,11.0,8,14,0.0,0,0,27.0,0,54,1.0,0,2,0.0,0,0,1.0,0,2,9.0,8,10,0.0,0,0,0.0,0,0
EG_MN,Minya Governorate,EG,67.0,30,104,10.0,10,10,22.0,12,31,16.0,8,24,0.0,0,0,0.0,0,0,6.0,4,8,0.0,0,0,0.0,0,0
EG_SIN,North Sinai Governorate,EG,4.0,4,4,0.0,0,0,0.0,0,0,0.0,0,0,0.0,0,0,2.0,2,2,6.0,6,6,0.0,0,0,1.0,1,1
ES_AN,Andalusia,ES,436.0,42,1079,271.0,8,690,307.0,30,840,228.0,10,572,10.0,0,32,65.0,6,141,37.0,0,205,0.0,0,0,9.0,0,38
ES_AR,Aragon,ES,521.0,455,587,536.0,528,544,526.0,499,553,636.0,629,643,70.0,70,70,28.0,25,31,6.0,2,10,0.0,0,0,5.0,5,5
ES_AS,Asturias,ES,322.0,179,465,410.0,159,662,297.0,203,391,170.0,125,216,3.0,0,6,98.0,60,136,94.0,25,163,0.0,0,0,10.0,0,21
ES_CM,Castile-La Mancha,ES,171.0,171,171,159.0,159,159,161.0,161,161,71.0,71,71,0.0,0,0,11.0,11,11,3.0,3,3,0.0,0,0,0.0,0,0
ES_CN,Canary Islands,ES,454.0,436,472,452.0,435,470,432.0,413,450,308.0,307,310,20.0,20,20,175.0,167,183,213.0,213,213,0.0,0,0,4.0,0,7
ES_CT,Catalonia,ES,1034.0,300,1442,876.0,195,1386,986.0,337,1487,1649.0,374,2735,122.0,12,374,471.0,153,943,438.0,50,1355,0.0,0,0,17.0,0,89
ES_EX,Extremadura,ES,145.0,145,145,81.0,81,81,104.0,104,104,40.0,40,40,0.0,0,0,4.0,4,4,10.0,10,10,0.0,0,0,0.0,0,0
ES_GA,Galicia,ES,341.0,216,443,205.0,62,295,300.0,238,351,83.0,49,145,5.0,0,10,232.0,0,497,143.0,26,224,0.0,0,0,33.0,0,68
ES_LE,León Province,ES,326.0,146,631,237.0,164,319,352.0,165,469,130.0,30,180,8.0,2,20,6.0,0,20,13.0,0,28,0.0,0,0,1.0,0,2
ES_MC,Region of Murcia,ES,528.0,371,686,352.0,157,548,506.0,159,852,192.0,122,262,30.0,18,42,212.0,66,359,228.0,196,259,0.0,0,0,4.0,0,7
ES_MD,Community of Madrid,ES,1203.0,196,1447,843.0,180,1298,1110.0,289,1302,805.0,25,1329,28.0,0,42,70.0,10,304,45.0,14,190,0.0,0,0,0.0,0,0
ES_NC,Navarre,ES,375.0,375,375,171.0,171,171,741.0,741,741,2966.0,2966,2966,0.0,0,0,36.0,36,36,340.0,340,340,0.0,0,0,0.0,0,0
ES_PM,Balearic Islands,ES,993.0,993,993,177.0,177,177,414.0,414,414,486.0,486,486,2.0,2,2,82.0,82,82,132.0,132,132,0.0,0,0,11.0,11,11
ES_PV,Basque Country,ES,487.0,386,637,447.0,179,600,641.0,454,808,2324.0,1816,2808,94.0,6,184,146.0,76,202,399.0,190,620,0.0,0,0,8.0,0,20
ES_RI,La Rioja,ES,170.0,170,170,125.0,125,125,172.0,172,172,1318.0,1318,1318,0.0,0,0,19.0,19,19,41.0,41,41,0.0,0,0,0.0,0,0
ES_S,Cantabria,ES,468.0,468,468,264.0,264,264,374.0,374,374,191.0,191,191,12.0,12,12,152.0,152,152,52.0,52,52,0.0,0,0,57.0,57,57
ES_VC,Valencian Community,ES,320.0,320,320,284.0,284,284,444.0,444,444,240.0,240,240,0.0,0,0,60.0,60,60,28.0,28,28,6.0,6,6,0.0,0,0
FI_08,Central Finland,FI,77.0,77,77,128.0,128,128,88.0,88,88,132.0,132,132,24.0,24,24,99.0,99,99,41.0,41,41,0.0,0,0,12.0,12,12
FI_10,Lapland,FI,163.0,163,163,308.0,308,308,178.0,178,178,236.0,236,236,72.0,72,72,73.0,73,73,36.0,36,36,0.0,0,0,6.0,6,6
FI_11,Pirkanmaa,FI,47.0,47,47,115.0,115,115,42.0,42,42,270.0,270,270,42.0,42,42,80.0,80,80,10.0,10,10,0.0,0,0,13.0,13,13
FI_14,Northern Ostrobothnia,FI,59.0,59,59,122.0,122,122,80.0,80,80,244.0,244,244,6.0,6,6,57.0,57,57,2.0,2,2,0.0,0,0,4.0,4,4
FI_16,Päijänne Tavastia,FI,118.0,118,118,136.0,136,136,44.0,44,44,120.0,120,120,30.0,30,30,65.0,65,65,10.0,10,10,0.0,0,0,10.0,10,10
FI_18,Uusimaa,FI,115.0,115,115,146.0,146,146,162.0,162,162,132.0,132,132,42.0,42,42,65.0,65,65,53.0,53,53,2.0,2,2,0.0,0,0
FI_19,Finland Proper,FI,1046.0,1046,1046,680.0,680,680,234.0,234,234,402.0,402,402,76.0,76,76,208.0,208,208,42.0,42,42,0.0,0,0,0.0,0,0
FR_ARA,Auvergne-Rhône-Alpes,FR,744.0,243,1094,696.0,132,1129,819.0,279,1360,1418.0,147,2125,36.0,0,72,115.0,68,147,64.0,24,131,0.0,0,0,2.0,0,8
FR_BFC,Bourgogne-Franche-Comté,FR,296.0,296,296,263.0,263,263,450.0,450,450,1256.0,1256,1256,6.0,6,6,48.0,48,48,11.0,11,11,0.0,0,0,1.0,1,1
FR_BRE,Brittany,FR,340.0,336,345,408.0,207,609,380.0,256,503,517.0,176,858,32.0,8,56,60.0,16,103,2.0,0,4,0.0,0,0,0.0,0,1
FR_CVL,Centre-Val de Loire,FR,467.0,467,467,191.0,191,191,520.0,520,520,1318.0,1318,1318,44.0,44,44,36.0,36,36,0.0,0,0,0.0,0,0,3.0,3,3
FR_GES,Grand Est,FR,353.0,218,541,244.0,125,388,582.0,465,896,934.0,321,1665,46.0,18,60,17.0,3,34,8.0,0,30,0.0,0,0,0.0,0,0
FR_HDF,Hauts-de-France,FR,472.0,354,589,356.0,141,572,637.0,479,795,924.0,313,1536,48.0,36,59,28.0,4,51,4.0,2,6,0.0,0,0,0.0,0,1
FR_IDF,Île-de-France,FR,1030.0,324,1590,1012.0,287,1428,1468.0,609,1748,2139.0,411,2691,591.0,42,880,83.0,22,200,9.0,0,25,0.0,0,0,1.0,0,4
FR_NAQ,Nouvelle-Aquitaine,FR,229.0,229,229,126.0,126,126,253.0,253,253,338.0,338,338,6.0,6,6,3.0,3,3,0.0,0,0,0.0,0,0,0.0,0,0
FR_NOR,Normandy,FR,351.0,181,527,247.0,191,293,551.0,235,786,851.0,542,1356,9.0,0,22,15.0,6,28,0.0,0,0,0.0,0,0,0.0,0,1
FR_OCC,Occitania,FR,358.0,229,446,354.0,148,576,518.0,284,746,696.0,208,1240,22.0,0,58,31.0,16,46,3.0,0,10,0.0,0,0,0.0,0,2
FR_PAC,Provence-Alpes-Côte d'Azur,FR,448.0,247,635,433.0,179,627,505.0,267,757,516.0,172,773,20.0,6,37,126.0,20,228,81.0,12,198,1.0,0,4,28.0,0,49
FR_PDL,Pays de la Loire,FR,552.0,163,942,485.0,277,693,367.0,209,525,654.0,337,972,7.0,2,12,18.0,12,25,0.0,0,0,0.0,0,0,0.0,0,0
GB_ENG,England,GB,1090.0,201,2437,413.0,84,1170,928.0,327,1625,2860.0,988,2992,147.0,24,1032,96.0,2,582,33.0,0,192,0.0,0,6,2.0,0,29
GB_NYK,North Yorkshire,GB,138.0,138,138,372.0,372,372,567.0,567,567,130.0,130,130,2.0,2,2,29.0,29,29,26.0,26,26,0.0,0,0,0.0,0,0
GB_SCT,Scotland,GB,698.0,153,1243,572.0,240,904,970.0,382,1557,2974.0,2966,2982,21.0,4,38,129.0,28,230,98.0,13,184,2.0,0,3,8.0,6,10
GE_IM,Imereti,GE,78.0,78,78,65.0,65,65,135.0,135,135,29.0,29,29,0.0,0,0,17.0,17,17,0.0,0,0,0.0,0,0,0.0,0,0
GH_AA,Greater Accra Region,GH,54.0,22,108,45.0,18,74,650.0,455,796,13.0,4,22,2.0,0,3,16.0,4,29,3.0,0,14,0.0,0,0,2.0,0,10
GH_AH,Ashanti Region,GH,46.0,46,46,43.0,43,43,294.0,294,294,14.0,14,14,0.0,0,0,13.0,13,13,10.0,10,10,0.0,0,0,0.0,0,0
GH_EP,Eastern Region,GH,4.0,4,4,4.0,4,4,203.0,203,203,0.0,0,0,0.0,0,0,4.0,4,4,0.0,0,0,0.0,0,0,0.0,0,0
GH_NP,Northern Region,GH,2.0,2,2,2.0,2,2,369.0,369,369,2.0,2,2,0.0,0,0,0.0,0,0,0.0,0,0,0.0,0,0,0.0,0,0
GH_WP,Western Region,GH,45.0,39,51,0.0,0,0,56.0,55,57,6.0,6,6,0.0,0,0,20.0,18,21,0.0,0,0,0.0,0,0,9.0,9,9
GR_B,Central Macedonia,GR,408.0,408,408,335.0,335,335,593.0,593,593,275.0,275,275,8.0,8,8,16.0,16,16,32.0,32,32,0.0,0,0,0.0,0,0
GR_F,Ionian Islands Region,GR,117.0,117,117,76.0,76,76,161.0,161,161,103.0,103,103,0.0,0,0,166.0,166,166,18.0,18,18,0.0,0,0,10.0,10,10
GR_I,Attica Region,GR,884.0,88,1160,756.0,55,1028,902.0,79,1117,945.0,46,1238,61.0,0,82,143.0,0,238,84.0,0,138,3.0,0,4,6.0,0,11
GR_M,Crete Region,GR,214.0,214,214,111.0,111,111,202.0,202,202,92.0,92,92,0.0,0,0,71.0,71,71,18.0,18,18,0.0,0,0,1.0,1,1
HN_AT,Atlántida Department,HN,2.0,2,2,6.0,6,6,50.0,50,50,0.0,0,0,0.0,0,0,12.0,12,12,6.0,6,6,0.0,0,0,2.0,2,2
HN_CR,Cortés Department,HN,42.0,12,58,27.0,8,44,155.0,70,216,0.0,0,0,0.0,0,0,16.0,2,26,10.0,0,16,0.0,0,0,0.0,0,0
HN_FM,Francisco Morazán Department,HN,30.0,30,30,57.0,56,58,364.0,362,366,2.0,2,2,0.0,0,0,7.0,6,8,7.0,6,8,0.0,0,0,0.0,0,0
HN_YO,Yoro Department,HN,12.0,12,12,10.0,10,10,54.0,54,54,0.0,0,0,0.0,0,0,0.0,0,0,0.0,0,0,0.0,0,0,0.0,0,0
HR_08,Primorje-Gorski Kotar County,HR,139.0,138,140,118.0,118,118,136.0,136,136,32.0,30,34,2.0,2,2,52.0,52,52,42.0,40,44,0.0,0,0,12.0,12,12
HR_14,Osijek-Baranja County,HR,141.0,141,141,81.0,81,81,86.0,86,86,47.0,47,47,0.0,0,0,4.0,4,4,0.0,0,0,0.0,0,0,3.0,3,3
HR_17,Split-Dalmatia County,HR,176.0,169,182,133.0,132,134,241.0,239,243,39.0,36,42,6.0,6,6,188.0,154,223,182.0,175,190,0.0,0,0,28.0,19,36
HR_21,Zagreb,HR,552.0,552,552,872.0,872,872,488.0,488,488,74.0,74,74,6.0,6,6,104.0,104,104,58.0,58,58,0.0,0,0,20.0,20,20
HU_BA,Baranya County,HU,672.0,672,672,509.0,509,509,254.0,254,254,85.0,85,85,18.0,18,18,86.0,86,86,80.0,80,80,0.0,0,0,2.0,2,2
HU_BU,Budapest,HU,1007.0,963,1026,977.0,948,1006,1031.0,841,1115,676.0,327,924,7.0,4,12,344.0,83,575,292.0,20,892,11.0,4,18,3.0,0,10
HU_BZ,Borsod-Abaúj-Zemplén County,HU,222.0,222,222,123.0,123,123,235.0,235,235,33.0,33,33,0.0,0,0,116.0,116,116,184.0,184,184,0.0,0,0,0.0,0,0
HU_CS,Csongrád County,HU,557.0,557,557,237.0,237,237,118.0,118,118,55.0,55,55,6.0,6,6,29.0,29,29,0.0,0,0,0.0,0,0,9.0,9,9
HU_GS,Győr-Moson-Sopron County,HU,183.0,183,183,150.0,150,150,160.0,160,160,37.0,37,37,0.0,0,0,18.0,18,18,4.0,4,4,0.0,0,0,5.0,5,5
HU_HB,Hajdú-Bihar County,HU,112.0,112,112,123.0,123,123,120.0,120,120,23.0,23,23,0.0,0,0,4.0,4,4,28.0,28,28,0.0,0,0,0.0,0,0
ID_AC,Aceh,ID,20.0,2,28,8.0,0,17,188.0,20,412,0.0,0,0,0.0,0,0,270.0,101,498,266.0,95,492,0.0,0,0,2.0,0,5
ID_BA,Bali,ID,148.0,148,148,239.0,239,239,594.0,583,605,19.0,19,19,0.0,0,0,71.0,71,71,43.0,34,52,0.0,0,0,24.0,22,26
ID_BB,Bangka Belitung Islands,ID,32.0,32,32,7.0,7,7,122.0,122,122,0.0,0,0,0.0,0,0,16.0,16,16,4.0,4,4,0.0,0,0,0.0,0,0
ID_BE,Bengkulu,ID,26.0,26,26,14.0,14,14,112.0,112,112,2.0,2,2,0.0,0,0,3.0,3,3,0.0,0,0,0.0,0,0,4.0,0,7
ID_BT,Banten,ID,201.0,14,380,199.0,4,412,741.0,630,900,28.0,4,52,22.0,7,33,53.0,0,76,222.0,38,377,0.0,0,0,0.0,0,2
ID_GO,Gorontalo,ID,9.0,9,9,0.0,0,0,47.0,47,47,0.0,0,0,0.0,0,0,0.0,0,0,116.0,116,116,0.0,0,0,0.0,0,0
ID_JA,Jambi,ID,6.0,6,6,4.0,4,4,22.0,22,22,0.0,0,0,0.0,0,0,0.0,0,0,0.0,0,0,0.0,0,0,0.0,0,0
ID_JB,West Java,ID,130.0,12,390,129.0,2,419,540.0,32,897,16.0,0,56,10.0,0,42,17.0,0,88,191.0,0,799,0.0,0,0,0.0,0,0
ID_JI,East Java,ID,88.0,20,208,21.0,2,58,365.0,64,952,5.0,0,15,27.0,12,53,7.0,0,22,43.0,4,116,0.0,0,0,0.0,0,0
ID_JK,Jakarta,ID,410.0,410,410,408.0,408,408,966.0,966,966,52.0,52,52,30.0,30,30,49.0,49,49,223.0,223,223,0.0,0,0,11.0,11,11
ID_JT,Central Java,ID,75.0,6,175,27.0,0,57,426.0,54,962,0.0,0,2,6.0,0,23,10.0,3,20,200.0,31,534,0.0,0,0,1.0,0,6
ID_KB,West Kalimantan,ID,22.0,22,22,10.0,10,10,81.0,81,81,0.0,0,0,0.0,0,0,0.0,0,0,0.0,0,0,0.0,0,0,0.0,0,0
ID_KI,East Kalimantan,ID,39.0,26,58,16.0,14,20,499.0,248,868,1.0,0,2,0.0,0,0,2.0,0,3,1.0,0,2,0.0,0,0,2.0,0,8
ID_KR,Riau Islands,ID,0.0,0,0,2.0,2,2,8.0,8,8,0.0,0,0,0.0,0,0,0.0,0,0,10.0,10,10,0.0,0,0,0.0,0,0
ID_KS,South Kalimantan,ID,52.0,40,60,15.0,6,20,218.0,136,259,1.0,0,2,0.0,0,0,0.0,0,0,1.0,0,4,0.0,0,0,0.0,0,0
ID_KT,Central Kalimantan,ID,4.0,4,4,3.0,3,3,47.0,47,47,2.0,2,2,0.0,0,0,0.0,0,0,0.0,0,0,0.0,0,0,0.0,0,0
ID_KU,North Kalimantan,ID,12.0,12,12,3.0,3,3,16.0,16,16,0.0,0,0,0.0,0,0,0.0,0,0,6.0,6,6,0.0,0,0,0.0,0,0
ID_LA,Lampung,ID,8.0,2,14,4.0,0,7,51.0,2,100,0.0,0,0,2.0,0,4,3.0,0,6,9.0,0,18,0.0,0,0,0.0,0,2
ID_MA,Maluku,ID,31.0,31,31,10.0,10,10,90.0,90,90,0.0,0,0,0.0,0,0,18.0,18,18,4.0,4,4,0.0,0,0,1.0,1,1
ID_MU,North Maluku,ID,39.0,18,62,3.0,2,6,40.0,22,64,3.0,0,7,0.0,0,0,9.0,3,13,18.0,13,27,0.0,0,0,1.0,0,3
ID_NB,West Nusa Tenggara,ID,144.0,84,174,495.0,10,738,693.0,514,782,3.0,2,4,0.0,0,0,12.0,7,14,222.0,142,381,0.0,0,0,0.0,0,0
ID_NT,East Nusa Tenggara,ID,64.0,62,66,16.0,16,16,259.0,258,260,2.0,2,2,0.0,0,0,39.0,30,48,3.0,2,4,0.0,0,0,1.0,0,2
ID_PA,Papua,ID,1.0,0,2,4.0,4,4,23.0,22,24,0.0,0,0,0.0,0,0,14.0,14,14,4.0,4,4,0.0,0,0,6.0,2,10
ID_PB,West Papua,ID,6.0,0,10,2.0,0,4,250.0,10,444,0.0,0,2,0.0,0,0,0.0,0,0,0.0,0,0,0.0,0,0,0.0,0,0
ID_RI,Riau,ID,157.0,46,380,252.0,21,715,846.0,844,848,151.0,8,437,8.0,0,23,108.0,2,319,30.0,26,32,0.0,0,0,4.0,2,7
ID_SA,North Sulawesi,ID,68.0,66,70,7.0,6,8,751.0,748,754,0.0,0,0,0.0,0,0,20.0,14,27,84.0,80,87,0.0,0,0,0.0,0,0
ID_SB,West Sumatra,ID,28.0,26,30,8.0,8,8,689.0,687,691,28.0,28,28,8.0,8,8,81.0,78,84,69.0,62,76,0.0,0,0,4.0,1,6
ID_SG,Southeast Sulawesi,ID,4.0,4,4,1.0,0,2,50.0,50,50,0.0,0,0,0.0,0,0,2.0,2,2,28.0,28,28,0.0,0,0,0.0,0,0
ID_SN,South Sulawesi,ID,146.0,146,146,41.0,41,41,725.0,725,725,12.0,12,12,0.0,0,0,19.0,19,19,522.0,522,522,0.0,0,0,4.0,4,4
ID_SS,South Sumatra,ID,33.0,33,33,17.0,17,17,652.0,646,658,7.0,7,7,0.0,0,0,0.0,0,0,0.0,0,0,0.0,0,0,0.0,0,0
ID_ST,Central Sulawesi,ID,2.0,0,4,0.0,0,0,137.0,0,274,0.0,0,0,0.0,0,0,0.0,0,0,58.0,44,72,0.0,0,0,0.0,0,0
ID_SU,North Sumatra,ID,19.0,0,56,14.0,0,42,121.0,16,287,5.0,0,15,0.0,0,0,1.0,0,6,12.0,0,68,0.0,0,0,0.0,0,0
IE_L,Leinster,IE,1094.0,1094,1094,865.0,865,865,1062.0,1062,1062,531.0,531,531,9.0,9,9,341.0,341,341,222.0,222,222,0.0,0,0,13.0,13,13
IE_M,Munster,IE,204.0,204,204,110.0,110,110,253.0,253,253,61.0,61,61,6.0,6,6,4.0,4,4,2.0,2,2,0.0,0,0,0.0,0,0
IL_D,Southern District,IL,186.0,173,198,60.0,59,61,133.0,72,194,50.0,43,56,2.0,0,4,20.0,12,28,3.0,0,6,0.0,0,0,11.0,2,20
IL_JM,Jerusalem District,IL,1107.0,1083,1131,946.0,914,979,1110.0,1106,1113,266.0,210,323,4.0,4,4,294.0,245,344,196.0,164,229,0.0,0,0,1.0,1,1
IL_M,Central District,IL,354.0,146,475,609.0,120,1062,470.0,137,684,218.0,45,372,10.0,7,12,72.0,59,85,14.0,7,23,0.0,0,0,4.0,0,18
IL_TA,Tel Aviv District,IL,397.0,336,452,1044.0,1018,1062,601.0,521,669,338.0,318,364,6.0,3,8,68.0,61,75,4.0,2,8,0.0,0,0,24.0,0,37
IN_AP,Andhra Pradesh,IN,14.0,0,50,27.0,0,107,83.0,0,348,7.0,0,30,0.0,0,0,13.0,0,62,3.0,0,20,0.0,0,0,2.0,0,18
IN_AS,Assam,IN,2.0,2,2,2.0,2,2,18.0,18,18,0.0,0,0,0.0,0,0,0.0,0,0,0.0,0,0,0.0,0,0,0.0,0,0
IN_BR,Bihar,IN,6.0,6,6,6.0,6,6,13.0,13,13,6.0,6,6,0.0,0,0,2.0,2,2,0.0,0,0,0.0,0,0,0.0,0,0
IN_CH,Chandigarh,IN,41.0,41,41,90.0,90,90,140.0,140,140,28.0,28,28,0.0,0,0,23.0,23,23,3.0,3,3,0.0,0,0,0.0,0,0
IN_DL,Delhi,IN,747.0,197,974,305.0,63,414,694.0,274,876,212.0,78,290,8.0,0,12,14.0,0,24,3.0,0,6,0.0,0,0,0.0,0,0
IN_GJ,Gujarat,IN,12.0,5,19,4.0,0,12,41.0,18,98,7.0,0,12,0.0,0,0,3.0,0,6,1.0,0,4,0.0,0,0,1.0,0,3
IN_HP,Himachal Pradesh,IN,0.0,0,0,0.0,0,0,7.0,6,8,0.0,0,0,0.0,0,0,0.0,0,0,1.0,0,2,0.0,0,0,0.0,0,0
IN_HR,Haryana,IN,146.0,0,959,67.0,2,408,154.0,2,873,62.0,0,314,2.0,0,12,4.0,0,26,1.0,0,6,0.0,0,0,0.0,0,0
IN_JH,Jharkhand,IN,40.0,40,40,31.0,31,31,143.0,142,144,0.0,0,0,0.0,0,0,35.0,34,36,5.0,5,5,0.0,0,0,0.0,0,0
IN_JK,Jammu and Kashmir,IN,20.0,20,20,24.0,24,24,64.0,64,64,2.0,2,2,0.0,0,0,0.0,0,0,0.0,0,0,0.0,0,0,0.0,0,0
IN_KA,Karnataka,IN,62.0,4,206,135.0,2,505,299.0,20,833,8.0,0,27,0.0,0,2,4.0,0,22,3.0,0,23,0.0,0,0,1.0,0,9
IN_KL,Kerala,IN,30.0,6,55,70.0,8,132,263.0,91,435,5.0,0,10,0.0,0,0,36.0,28,43,12.0,11,14,0.0,0,0,0.0,0,0
IN_MH,Maharashtra,IN,13.0,0,42,17.0,0,85,105.0,0,606,2.0,0,15,0.0,0,0,4.0,0,13,2.0,0,10,0.0,0,0,0.0,0,0
IN_MP,Madhya Pradesh,IN,1.0,0,2,2.0,0,4,8.0,0,16,0.0,0,2,0.0,0,0,3.0,0,14,0.0,0,0,0.0,0,0,0.0,0,0
IN_OR,Odisha,IN,3.0,0,6,7.0,0,14,19.0,10,28,0.0,0,0,0.0,0,0,1.0,0,2,0.0,0,0,0.0,0,0,0.0,0,0
IN_PB,Punjab,IN,20.0,0,62,22.0,0,78,113.0,4,528,8.0,0,32,0.0,0,0,1.0,0,6,0.0,0,0,0.0,0,0,0.0,0,0
IN_PY,Puducherry,IN,84.0,84,84,67.0,67,67,294.0,294,294,0.0,0,0,0.0,0,0,64.0,64,64,0.0,0,0,0.0,0,0,9.0,9,9
IN_RJ,Rajasthan,IN,12.0,0,60,9.0,0,57,20.0,0,104,2.0,0,20,0.0,0,0,2.0,0,12,0.0,0,0,0.0,0,0,0.0,0,0
IN_TG,Telangana,IN,146.0,0,250,253.0,4,449,531.0,20,839,18.0,0,32,2.0,0,4,11.0,0,24,5.0,0,12,0.0,0,0,0.0,0,0
IN_TN,Tamil Nadu,IN,44.0,0,146,114.0,0,363,375.0,26,859,9.0,0,25,1.0,0,4,16.0,0,74,2.0,0,8,0.0,0,4,1.0,0,15
IN_UP,Uttar Pradesh,IN,130.0,0,941,62.0,0,400,154.0,2,886,37.0,0,266,1.0,0,12,20.0,0,130,0.0,0,2,0.0,0,0,0.0,0,0
IN_UT,Uttarakhand,IN,10.0,2,18,16.0,0,32,91.0,14,167,2.0,0,4,0.0,0,0,17.0,2,29,0.0,0,2,0.0,0,0,0.0,0,0
IN_WB,West Bengal,IN,0.0,0,0,2.0,2,2,16.0,16,16,0.0,0,0,0.0,0,0,0.0,0,0,0.0,0,0,0.0,0,0,0.0,0,0
IR_01,East Azerbaijan Province,IR,132.0,132,132,115.0,115,115,815.0,815,815,97.0,97,97,6.0,6,6,102.0,102,102,24.0,24,24,0.0,0,0,0.0,0,0
IR_02,West Azarbaijan Province,IR,20.0,20,20,26.0,26,26,248.0,248,248,0.0,0,0,0.0,0,0,0.0,0,0,0.0,0,0,0.0,0,0,0.0,0,0
IR_06,Bushehr Province,IR,31.0,31,31,13.0,13,13,105.0,105,105,196.0,196,196,0.0,0,0,0.0,0,0,0.0,0,0,0.0,0,0,0.0,0,0
IR_07,Tehran Province,IR,230.0,14,758,205.0,0,897,410.0,48,1043,145.0,0,565,3.0,0,18,18.0,0,75,33.0,0,175,0.0,0,0,0.0,0,0
IR_08,Chaharmahal and Bakhtiari Province,IR,27.0,27,27,14.0,12,16,94.0,88,100,2.0,2,2,0.0,0,0,2.0,0,3,4.0,2,5,0.0,0,0,0.0,0,0
IR_10,Khuzestan Province,IR,41.0,32,46,21.0,16,26,77.0,56,114,12.0,0,30,0.0,0,0,1.0,0,2,0.0,0,0,0.0,0,0,0.0,0,1
IR_11,Zanjan Province,IR,64.0,64,64,36.0,36,36,240.0,240,240,44.0,44,44,0.0,0,0,480.0,480,480,482.0,482,482,0.0,0,0,0.0,0,0
IR_12,Semnan Province,IR,69.0,69,69,16.0,16,16,166.0,166,166,114.0,114,114,12.0,12,12,210.0,210,210,210.0,210,210,0.0,0,0,0.0,0,0
IR_13,Sistan and Baluchestan,IR,6.0,2,10,9.0,2,16,73.0,16,130,1.0,0,2,0.0,0,0,1.0,0,2,0.0,0,0,0.0,0,0,0.0,0,0
IR_14,Fars Province,IR,101.0,101,101,139.0,139,139,298.0,298,298,336.0,336,336,0.0,0,0,27.0,27,27,24.0,24,24,0.0,0,0,0.0,0,0
IR_15,Kerman Province,IR,62.0,62,62,113.0,113,113,120.0,120,120,75.0,75,75,0.0,0,0,4.0,4,4,0.0,0,0,0.0,0,0,0.0,0,0
IR_16,Kurdistan Province,IR,10.0,10,10,20.0,20,20,138.0,138,138,30.0,30,30,0.0,0,0,3.0,3,3,5.0,5,5,0.0,0,0,0.0,0,0
IR_17,Kermanshah Province,IR,214.0,214,214,30.0,30,30,142.0,142,142,40.0,40,40,0.0,0,0,21.0,21,21,19.0,19,19,0.0,0,0,0.0,0,0
IR_19,Gilan Province,IR,21.0,11,31,24.0,14,34,106.0,68,143,23.0,9,37,0.0,0,0,11.0,10,12,0.0,0,0,0.0,0,0,0.0,0,1
IR_21,Mazandaran Province,IR,20.0,12,28,12.0,8,18,93.0,72,116,13.0,6,28,0.0,0,0,3.0,0,6,2.0,0,6,0.0,0,0,0.0,0,0
IR_22,Markazi Province,IR,130.0,130,130,56.0,56,56,370.0,370,370,13.0,13,13,0.0,0,0,0.0,0,0,12.0,12,12,0.0,0,0,0.0,0,0
IR_23,Hormozgan Province,IR,14.0,14,14,10.0,10,10,108.0,108,108,2.0,2,2,0.0,0,0,8.0,8,8,6.0,6,6,0.0,0,0,0.0,0,0
IR_25,Yazd Province,IR,43.0,43,43,61.0,61,61,198.0,198,198,131.0,131,131,0.0,0,0,0.0,0,0,0.0,0,0,0.0,0,0,0.0,0,0
IR_27,Golestan Province,IR,9.0,9,9,16.0,16,16,38.0,38,38,0.0,0,0,0.0,0,0,0.0,0,0,0.0,0,0,0.0,0,0,0.0,0,0
IR_28,Qazvin Province,IR,36.0,36,36,77.0,77,77,199.0,199,199,53.0,53,53,0.0,0,0,24.0,24,24,26.0,26,26,0.0,0,0,0.0,0,0
IR_29,South Khorasan Province,IR,58.0,58,58,14.0,14,14,70.0,70,70,10.0,10,10,0.0,0,0,3.0,3,3,6.0,6,6,0.0,0,0,0.0,0,0
IR_30,Razavi Khorasan Province,IR,336.0,336,336,170.0,170,170,474.0,474,474,275.0,275,275,12.0,12,12,152.0,152,152,144.0,144,144,0.0,0,0,0.0,0,0
IR_31,North Khorasan Province,IR,6.0,6,6,26.0,26,26,32.0,32,32,9.0,9,9,0.0,0,0,0.0,0,0,2.0,2,2,0.0,0,0,0.0,0,0
IR_32,Alborz Province,IR,253.0,253,253,480.0,480,480,872.0,872,872,156.0,156,156,6.0,6,6,38.0,38,38,100.0,100,100,0.0,0,0,0.0,0,0
IS_1,Capital Region,IS,86.0,86,86,397.0,397,397,121.0,121,121,9.0,9,9,2.0,2,2,70.0,70,70,22.0,22,22,0.0,0,0,0.0,0,0
IT_21,Piedmont,IT,294.0,220,367,166.0,70,262,283.0,222,344,90.0,50,130,6.0,6,6,348.0,51,644,269.0,0,538,0.0,0,0,0.0,0,1
IT_25,Lombardy,IT,914.0,557,1109,835.0,335,1326,1057.0,811,1295,1347.0,388,1965,108.0,4,238,269.0,108,540,76.0,4,207,0.0,0,0,0.0,0,1
IT_32,Trentino-South Tyrol,IT,455.0,455,455,322.0,322,322,753.0,753,753,323.0,323,323,118.0,118,118,299.0,299,299,244.0,244,244,0.0,0,0,0.0,0,0
IT_34,Veneto,IT,197.0,157,262,365.0,201,505,660.0,348,922,927.0,287,1545,4.0,2,6,56.0,20,91,26.0,0,81,0.0,0,0,0.0,0,0
IT_36,Friuli–Venezia Giulia,IT,769.0,769,769,387.0,387,387,544.0,544,544,791.0,791,791,12.0,12,12,186.0,186,186,310.0,310,310,0.0,0,0,7.0,7,7
IT_45,Emilia-Romagna,IT,174.0,162,183,214.0,178,261,199.0,181,222,107.0,45,157,0.0,0,0,58.0,36,71,6.0,0,18,0.0,0,0,3.0,0,10
IT_52,Tuscany,IT,368.0,234,503,396.0,223,570,684.0,294,1074,310.0,293,327,13.0,12,14,172.0,126,217,183.0,107,259,18.0,4,32,12.0,0,25
IT_55,Umbria,IT,76.0,76,76,131.0,131,131,187.0,187,187,86.0,86,86,4.0,4,4,181.0,181,181,105.0,105,105,0.0,0,0,0.0,0,0
IT_62,Lazio,IT,448.0,124,1044,506.0,153,1199,805.0,128,2032,575.0,41,1552,6.0,0,18,343.0,44,722,182.0,0,541,1.0,0,3,0.0,0,0
IT_72,Campania,IT,1007.0,607,1218,1085.0,918,1228,1360.0,1259,1519,1393.0,936,1635,9.0,9,9,215.0,169,304,70.0,39,110,0.0,0,0,3.0,0,10
IT_75,Apulia,IT,76.0,63,88,89.0,77,101,108.0,75,140,26.0,12,41,0.0,0,0,22.0,3,42,0.0,0,0,0.0,0,0,0.0,0,0
IT_78,Calabria,IT,258.0,258,258,300.0,300,300,408.0,408,408,168.0,168,168,0.0,0,0,114.0,114,114,98.0,98,98,0.0,0,0,15.0,15,15
IT_82,Sicily,IT,146.0,55,238,97.0,32,162,171.0,112,230,66.0,42,90,0.0,0,0,96.0,52,139,42.0,10,73,0.0,0,0,5.0,0,10
IT_88,Sardinia,IT,206.0,157,256,195.0,110,280,434.0,420,448,107.0,88,126,0.0,0,0,136.0,130,142,58.0,11,105,2.0,0,3,2.0,0,4
JM_01,Kingston Parish,JM,53.0,53,53,71.0,71,71,530.0,530,530,27.0,27,27,0.0,0,0,38.0,38,38,15.0,15,15,0.0,0,0,0.0,0,0
JM_02,Saint Andrew,JM,59.0,59,59,71.0,71,71,550.0,550,550,27.0,27,27,0.0,0,0,38.0,38,38,15.0,15,15,0.0,0,0,0.0,0,0
JM_08,Saint James Parish,JM,10.0,10,10,2.0,2,2,37.0,37,37,4.0,4,4,0.0,0,0,12.0,12,12,0.0,0,0,0.0,0,0,8.0,8,8
JM_14,Saint Catherine Parish,JM,47.0,47,47,56.0,44,67,464.0,428,500,18.0,15,20,0.0,0,0,16.0,14,17,0.0,0,0,0.0,0,0,1.0,0,2
JO_AQ,Aqaba Governorate,JO,44.0,44,44,34.0,34,34,12.0,12,12,11.0,11,11,0.0,0,0,159.0,159,159,126.0,126,126,0.0,0,0,26.0,26,26
JO_AZ,Zarqa Governorate,JO,126.0,99,154,94.0,85,103,197.0,172,222,80.0,67,93,0.0,0,0,7.0,7,7,94.0,62,126,0.0,0,0,0.0,0,0
JO_IR,Irbid Governorate,JO,603.0,603,603,125.0,125,125,235.0,235,235,410.0,410,410,0.0,0,0,326.0,326,326,449.0,449,449,0.0,0,0,0.0,0,0
JP_01,Hokkaidō Prefecture,JP,61.0,6,211,167.0,35,631,192.0,16,756,14.0,0,56,5.0,0,15,32.0,0,168,35.0,0,170,0.0,0,0,0.0,0,0
JP_02,Aomori Prefecture,JP,35.0,22,45,66.0,53,77,113.0,34,191,10.0,0,26,0.0,0,0,16.0,10,20,8.0,6,12,0.0,0,0,0.0,0,0
JP_03,Iwate Prefecture,JP,51.0,18,99,45.0,27,67,121.0,75,171,11.0,4,24,2.0,0,8,14.0,3,34,11.0,3,30,0.0,0,0,0.0,0,0
JP_04,Miyagi Prefecture,JP,117.0,18,288,228.0,64,511,499.0,224,994,29.0,6,72,2.0,0,6,42.0,4,108,37.0,6,98,0.0,0,0,0.0,0,0
JP_05,Akita Prefecture,JP,41.0,40,42,93.0,90,96,310.0,304,316,6.0,6,6,0.0,0,0,11.0,8,14,25.0,16,34,0.0,0,0,0.0,0,0
JP_06,Yamagata Prefecture,JP,37.0,26,60,71.0,40,86,436.0,362,516,6.0,0,8,0.0,0,0,12.0,0,22,17.0,0,30,0.0,0,0,0.0,0,0
JP_07,Fukushima Prefecture,JP,107.0,18,406,90.0,57,126,173.0,97,470,16.0,6,36,0.0,0,0,22.0,6,55,36.0,8,113,0.0,0,0,0.0,0,1
JP_08,Ibaraki Prefecture,JP,117.0,18,257,93.0,30,171,199.0,53,448,10.0,0,15,4.0,0,14,22.0,0,90,19.0,0,94,0.0,0,0,0.0,0,1
JP_09,Tochigi Prefecture,JP,85.0,7,146,110.0,16,189,344.0,76,583,13.0,0,44,0.0,0,0,19.0,13,24,24.0,15,32,0.0,0,0,0.0,0,0
JP_10,Gunma Prefecture,JP,134.0,89,172,160.0,102,191,441.0,270,564,28.0,19,37,1.0,0,6,17.0,3,43,16.0,7,27,0.0,0,0,0.0,0,0
JP_11,Saitama Prefecture,JP,315.0,141,484,533.0,93,948,756.0,351,929,214.0,13,1092,5.0,0,43,37.0,0,158,28.0,2,168,0.0,0,0,0.0,0,6
JP_12,Chiba Prefecture,JP,366.0,48,632,315.0,47,847,635.0,172,924,125.0,0,823,4.0,0,26,23.0,0,72,3.0,0,12,0.0,0,0,1.0,0,10
JP_13,Tokyo,JP,426.0,188,664,881.0,140,1041,881.0,732,990,572.0,28,1077,18.0,0,56,52.0,23,271,35.0,7,307,0.0,0,0,0.0,0,4
JP_14,Kanagawa Prefecture,JP,483.0,182,613,572.0,154,1068,775.0,403,969,278.0,25,1029,16.0,0,63,169.0,25,458,148.0,29,397,0.0,0,0,2.0,0,15
JP_15,Niigata Prefecture,JP,49.0,9,85,99.0,8,195,231.0,66,405,40.0,0,79,10.0,0,21,20.0,6,31,15.0,6,25,0.0,0,0,1.0,0,4
JP_16,Toyama Prefecture,JP,45.0,5,70,94.0,53,127,136.0,59,191,9.0,5,14,7.0,3,14,12.0,3,17,16.0,5,21,0.0,0,0,0.0,0,0
JP_17,Ishikawa Prefecture,JP,68.0,7,108,161.0,42,261,445.0,22,676,25.0,3,43,9.0,3,15,21.0,7,42,46.0,21,88,0.0,0,0,0.0,0,2
JP_18,Fukui Prefecture,JP,145.0,145,145,146.0,146,146,137.0,137,137,12.0,12,12,0.0,0,0,37.0,37,37,36.0,36,36,0.0,0,0,0.0,0,0
JP_19,Yamanashi Prefecture,JP,131.0,126,136,184.0,174,193,466.0,443,488,16.0,14,17,2.0,0,3,48.0,43,52,78.0,74,83,0.0,0,0,0.0,0,0
JP_20,Nagano Prefecture,JP,107.0,21,148,108.0,38,172,274.0,72,541,10.0,0,16,6.0,0,12,23.0,14,39,81.0,49,108,0.0,0,0,0.0,0,0
JP_21,Gifu Prefecture,JP,146.0,122,214,214.0,173,299,693.0,379,1020,69.0,38,94,34.0,12,73,48.0,25,84,68.0,27,106,0.0,0,0,0.0,0,0
JP_22,Shizuoka Prefecture,JP,133.0,35,299,106.0,30,205,478.0,131,944,20.0,4,37,5.0,0,23,35.0,17,86,70.0,7,194,0.0,0,0,1.0,0,2
JP_23,Aichi Prefecture,JP,325.0,213,489,478.0,195,1025,860.0,422,1045,152.0,10,482,13.0,0,92,44.0,6,163,50.0,6,209,0.0,0,0,0.0,0,1
JP_24,Mie Prefecture,JP,72.0,25,90,77.0,43,134,316.0,165,549,7.0,0,22,2.0,0,6,9.0,0,29,15.0,2,47,0.0,0,4,0.0,0,2
JP_25,Shiga Prefecture,JP,364.0,172,607,279.0,120,572,843.0,735,954,74.0,32,127,4.0,0,15,39.0,17,57,71.0,20,127,0.0,0,0,0.0,0,2
JP_26,Kyōto Prefecture,JP,599.0,588,615,634.0,621,644,697.0,591,906,323.0,245,476,8.0,0,22,124.0,49,269,246.0,120,497,0.0,0,0,0.0,0,0
JP_27,Ōsaka Prefecture,JP,700.0,208,971,571.0,120,776,902.0,506,1021,422.0,19,926,10.0,0,31,82.0,19,461,79.0,20,589,0.0,0,0,1.0,0,28
JP_28,Hyōgo Prefecture,JP,440.0,156,675,603.0,143,881,766.0,279,928,381.0,10,980,14.0,0,43,126.0,26,292,153.0,28,387,0.0,0,0,1.0,0,7
JP_29,Nara Prefecture,JP,767.0,688,808,371.0,168,615,963.0,909,1030,155.0,70,269,2.0,0,7,60.0,52,67,77.0,67,83,0.0,0,0,0.0,0,0
JP_30,Wakayama Prefecture,JP,173.0,161,181,98.0,97,99,334.0,309,353,60.0,51,65,4.0,4,4,38.0,35,43,38.0,34,42,0.0,0,0,1.0,0,4
JP_31,Tottori Prefecture,JP,286.0,112,459,90.0,71,110,314.0,202,427,12.0,8,16,0.0,0,0,32.0,12,53,56.0,49,63,0.0,0,0,1.0,0,2
JP_32,Shimane Prefecture,JP,127.0,34,176,92.0,73,101,266.0,173,312,4.0,3,4,0.0,0,0,21.0,13,25,72.0,65,75,0.0,0,0,0.0,0,0
JP_33,Okayama Prefecture,JP,219.0,108,315,243.0,76,415,567.0,197,857,61.0,26,82,40.0,0,63,34.0,13,60,119.0,48,163,0.0,0,0,0.0,0,0
JP_34,Hiroshima Prefecture,JP,128.0,14,333,169.0,33,375,463.0,184,773,30.0,2,75,2.0,0,6,130.0,23,326,178.0,15,520,1.0,0,4,6.0,0,47
JP_35,Yamaguchi Prefecture,JP,32.0,13,47,37.0,19,82,175.0,85,299,3.0,0,9,0.0,0,0,50.0,3,143,59.0,7,119,0.0,0,0,0.0,0,0
JP_36,Tokushima Prefecture,JP,94.0,93,96,174.0,172,176,575.0,556,594,17.0,17,17,6.0,6,6,81.0,78,84,76.0,73,80,0.0,0,0,0.0,0,0
JP_37,Kagawa Prefecture,JP,112.0,79,178,161.0,121,234,370.0,331,447,52.0,27,65,6.0,0,9,37.0,28,46,108.0,104,111,0.0,0,0,0.0,0,0
JP_38,Ehime Prefecture,JP,25.0,11,41,72.0,32,165,113.0,70,195,7.0,0,26,1.0,0,3,148.0,25,310,60.0,15,132,0.0,0,0,7.0,0,26
JP_39,Kōchi Prefecture,JP,62.0,62,62,104.0,96,111,441.0,435,447,11.0,10,12,0.0,0,0,68.0,65,70,50.0,46,53,0.0,0,0,0.0,0,1
JP_40,Fukuoka Prefecture,JP,316.0,43,683,212.0,47,479,378.0,95,628,103.0,5,259,10.0,2,32,85.0,12,258,76.0,16,212,0.0,0,0,5.0,0,23
JP_41,Saga Prefecture,JP,130.0,95,165,62.0,27,97,204.0,37,372,20.0,14,27,2.0,0,3,44.0,42,46,36.0,20,51,0.0,0,0,2.0,0,3
JP_42,Nagasaki Prefecture,JP,62.0,29,87,83.0,28,133,98.0,23,151,8.0,0,13,4.0,0,6,21.0,12,25,15.0,13,17,0.0,0,0,0.0,0,2
JP_43,Kumamoto Prefecture,JP,62.0,7,119,69.0,12,125,242.0,80,406,8.0,0,16,3.0,0,6,28.0,0,56,38.0,6,60,0.0,0,0,0.0,0,0
JP_44,Ōita Prefecture,JP,79.0,75,82,102.0,94,108,128.0,122,135,19.0,14,22,0.0,0,0,26.0,16,39,48.0,24,87,0.0,0,0,0.0,0,1
JP_45,Miyazaki Prefecture,JP,69.0,23,142,86.0,16,150,62.0,18,104,8.0,3,12,1.0,0,3,11.0,9,16,4.0,2,7,0.0,0,0,0.0,0,2
JP_46,Kagoshima Prefecture,JP,98.0,14,248,64.0,15,143,160.0,33,291,12.0,0,31,3.0,0,10,25.0,5,44,27.0,12,43,0.0,0,0,1.0,0,3
JP_47,Okinawa Prefecture,JP,199.0,67,276,166.0,96,213,122.0,55,163,28.0,21,33,3.0,3,3,49.0,43,65,8.0,8,10,0.0,0,0,4.0,0,7
KH_9,Koh Kong Province,KH,2.0,2,2,0.0,0,0,2.0,2,2,2.0,2,2,0.0,0,0,14.0,14,14,0.0,0,0,0.0,0,0,2.0,2,2
KW_AH,Al Ahmadi Governorate,KW,4.0,4,4,56.0,56,56,492.0,492,492,0.0,0,0,0.0,0,0,2.0,2,2,0.0,0,0,0.0,0,0,0.0,0,0
KW_HA,Hawalli Governorate,KW,19.0,19,19,86.0,84,88,645.0,617,673,25.0,25,25,0.0,0,0,22.0,22,22,0.0,0,0,0.0,0,0,8.0,5,10
KW_KU,Capital Governorate,KW,25.0,25,25,94.0,94,94,653.0,653,653,25.0,25,25,0.0,0,0,22.0,22,22,0.0,0,0,0.0,0,0,9.0,9,9
KZ_AKM,Akmola Region,KZ,44.0,44,44,15.0,15,15,20.0,20,20,2.0,2,2,0.0,0,0,2.0,2,2,0.0,0,0,0.0,0,0,1.0,1,1
KZ_AKT,Aktobe Region,KZ,228.0,228,228,81.0,81,81,34.0,34,34,0.0,0,0,0.0,0,0,10.0,10,10,2.0,2,2,0.0,0,0,3.0,3,3
KZ_ALA,Almaty,KZ,167.0,167,167,232.0,232,232,139.0,139,139,16.0,16,16,0.0,0,0,157.0,157,157,207.0,207,207,0.0,0,0,1.0,1,1
KZ_AST,Nur-Sultan,KZ,75.0,75,75,70.0,70,70,35.0,35,35,8.0,8,8,0.0,0,0,6.0,6,6,0.0,0,0,0.0,0,0,1.0,1,1
KZ_ATY,Atyrau Region,KZ,30.0,30,30,11.0,11,11,13.0,13,13,0.0,0,0,0.0,0,0,4.0,4,4,0.0,0,0,0.0,0,0,2.0,2,2
KZ_KAR,Karaganda Region,KZ,31.0,11,65,23.0,9,41,25.0,4,63,1.0,0,2,0.0,0,0,2.0,2,2,1.0,0,4,0.0,0,0,1.0,0,1
KZ_KUS,Kostanay Region,KZ,31.0,14,48,19.0,4,34,12.0,4,20,0.0,0,0,0.0,0,0,5.0,2,8,0.0,0,0,0.0,0,0,5.0,1,9
KZ_PAV,Pavlodar Region,KZ,25.0,25,25,21.0,21,21,22.0,22,22,0.0,0,0,0.0,0,0,2.0,2,2,0.0,0,0,0.0,0,0,1.0,1,1
KZ_SEV,North Kazakhstan Region,KZ,42.0,42,42,23.0,23,23,32.0,32,32,0.0,0,0,0.0,0,0,6.0,6,6,0.0,0,0,0.0,0,0,0.0,0,0
KZ_VOS,East Kazakhstan Region,KZ,75.0,75,75,53.0,53,53,35.0,35,35,4.0,4,4,0.0,0,0,0.0,0,0,2.0,2,2,0.0,0,0,0.0,0,0
KZ_YUZ,Turkestan Region,KZ,55.0,55,55,36.0,36,36,94.0,94,94,0.0,0,0,0.0,0,0,0.0,0,0,0.0,0,0,0.0,0,0,0.0,0,0
KZ_ZAP,West Kazakhstan Province,KZ,42.0,42,42,38.0,38,38,25.0,25,25,2.0,2,2,0.0,0,0,10.0,10,10,0.0,0,0,0.0,0,0,2.0,2,2
KZ_ZHA,Jambyl Region,KZ,46.0,46,46,16.0,16,16,54.0,54,54,8.0,8,8,0.0,0,0,0.0,0,0,0.0,0,0,0.0,0,0,0.0,0,0
LB_AS,North Governorate,LB,32.0,32,32,16.0,16,16,94.0,94,94,5.0,5,5,0.0,0,0,20.0,20,20,0.0,0,0,0.0,0,0,2.0,2,2
LB_BI,Beqaa Governorate,LB,61.0,61,61,6.0,6,6,78.0,78,78,48.0,48,48,0.0,0,0,14.0,14,14,22.0,22,22,0.0,0,0,0.0,0,0
LB_JA,South Governorate,LB,55.0,55,55,2.0,2,2,21.0,21,21,9.0,9,9,0.0,0,0,9.0,9,9,3.0,3,3,0.0,0,0,0.0,0,0
LK_1,Western Province,LK,147.0,22,287,157.0,12,245,723.0,190,908,47.0,0,77,0.0,0,0,15.0,3,44,0.0,0,0,0.0,0,0,2.0,0,8
LK_2,Central Province,LK,49.0,49,49,81.0,81,81,864.0,864,864,10.0,10,10,0.0,0,0,7.0,7,7,19.0,19,19,0.0,0,0,0.0,0,0
LK_5,Eastern Province,LK,30.0,30,30,22.0,22,22,103.0,103,103,4.0,4,4,0.0,0,0,22.0,22,22,0.0,0,0,0.0,0,0,3.0,3,3
LT_15,Kaunas City Municipality,LT,270.0,270,270,327.0,327,327,233.0,233,233,66.0,66,66,0.0,0,0,55.0,55,55,11.0,11,11,0.0,0,0,0.0,0,0
LT_21,Klaipėda District Municipality,LT,96.0,96,96,163.0,163,163,59.0,59,59,34.0,34,34,0.0,0,0,0.0,0,0,2.0,2,2,0.0,0,0,0.0,0,0
LT_57,Vilnius City Municipality,LT,481.0,481,481,496.0,496,496,412.0,412,412,301.0,301,301,0.0,0,0,182.0,182,182,37.0,37,37,0.0,0,0,10.0,10,10
LU_LU,Canton of Luxembourg,LU,467.0,467,467,293.0,293,293,285.0,285,285,141.0,141,141,17.0,17,17,56.0,56,56,4.0,4,4,0.0,0,0,0.0,0,0
MA_01,Tanger-Tétouan-Al Hoceïma,MA,70.0,44,145,74.0,40,118,162.0,26,301,21.0,4,59,0.0,0,0,37.0,0,113,16.0,3,51,1.0,0,4,5.0,0,20
MA_02,Oriental,MA,0.0,0,0,0.0,0,0,2.0,2,2,4.0,4,4,0.0,0,0,88.0,88,88,24.0,24,24,0.0,0,0,0.0,0,0
MA_03,Fès-Meknès,MA,134.0,133,136,60.0,60,60,146.0,146,146,64.0,64,64,6.0,6,6,8.0,8,8,8.0,8,8,0.0,0,0,0.0,0,0
MA_06,Casablanca-Settat,MA,20.0,0,50,35.0,0,94,106.0,6,271,5.0,0,19,0.0,0,0,7.0,0,22,0.0,0,0,0.0,0,0,3.0,0,8
MA_KEN,Kénitra Province,MA,156.0,138,190,93.0,78,99,366.0,255,545,101.0,98,110,6.0,6,6,25.0,14,36,0.0,0,0,0.0,0,0,3.0,0,7
MA_SAF,Safi Province,MA,124.0,124,124,161.0,161,161,110.0,110,110,50.0,50,50,2.0,2,2,0.0,0,0,0.0,0,0,0.0,0,0,0.0,0,0
MD_BA,Bălți Municipality,MD,41.0,41,41,33.0,33,33,46.0,46,46,6.0,6,6,0.0,0,0,2.0,2,2,0.0,0,0,0.0,0,0,1.0,1,1
MD_CU,Chișinău Municipality,MD,256.0,256,256,344.0,344,344,254.0,254,254,52.0,52,52,0.0,0,0,42.0,42,42,4.0,4,4,0.0,0,0,3.0,3,3
ME_16,Podgorica Municipality,ME,97.0,97,97,24.0,24,24,53.0,53,53,8.0,8,8,0.0,0,0,5.0,5,5,13.0,13,13,0.0,0,0,2.0,2,2
MK_47,Kumanovo Municipality,MK,26.0,26,26,17.0,17,17,80.0,80,80,5.0,5,5,0.0,0,0,4.0,4,4,86.0,86,86,0.0,0,0,0.0,0,0
MK_76,Tetovo Municipality,MK,40.0,40,40,4.0,4,4,180.0,180,180,6.0,6,6,0.0,0,0,32.0,32,32,64.0,64,64,0.0,0,0,0.0,0,0
MK_85,Greater Skopje,MK,185.0,185,185,156.0,156,156,554.0,554,554,42.0,42,42,0.0,0,0,62.0,62,62,80.0,80,80,0.0,0,0,0.0,0,0
MU_PL,Port Louis District,MU,50.0,50,50,75.0,75,75,256.0,256,256,16.0,16,16,0.0,0,0,86.0,86,86,65.0,65,65,0.0,0,0,2.0,2,2
MU_PW,Plaines Wilhems District,MU,48.0,42,54,76.0,70,83,237.0,236,238,16.0,16,16,0.0,0,0,118.0,107,130,86.0,79,92,2.0,0,4,0.0,0,0
MX_BCN,Baja California,MX,320.0,320,320,864.0,864,864,941.0,941,941,383.0,383,383,22.0,22,22,254.0,254,254,131.0,131,131,0.0,0,0,0.0,0,0
MX_BCS,Baja California Sur,MX,4.0,4,4,18.0,18,18,14.0,14,14,0.0,0,0,0.0,0,0,0.0,0,0,0.0,0,0,0.0,0,0,0.0,0,0
MX_CHH,Chihuahua,MX,64.0,16,163,92.0,10,289,215.0,14,748,24.0,0,91,2.0,0,6,21.0,2,46,44.0,6,102,0.0,0,0,0.0,0,0
MX_CHP,Chiapas,MX,26.0,21,32,36.0,16,57,55.0,46,64,0.0,0,0,0.0,0,0,1.0,0,2,0.0,0,0,0.0,0,0,0.0,0,0
MX_CMX,Mexico City,MX,831.0,781,910,869.0,807,911,880.0,872,892,213.0,210,218,0.0,0,0,96.0,80,124,68.0,46,110,0.0,0,0,0.0,0,0
MX_COA,Coahuila,MX,62.0,10,146,49.0,23,121,74.0,30,110,4.0,0,10,0.0,0,0,3.0,0,6,3.0,0,6,0.0,0,0,0.0,0,0
MX_DUR,Durango,MX,71.0,71,71,59.0,59,59,62.0,62,62,8.0,8,8,0.0,0,0,7.0,7,7,43.0,43,43,0.0,0,0,0.0,0,0
MX_GRO,Guerrero,MX,2.0,2,2,10.0,10,10,17.0,17,17,0.0,0,0,0.0,0,0,0.0,0,0,0.0,0,0,0.0,0,0,0.0,0,0
MX_HID,Hidalgo,MX,49.0,44,58,44.0,26,81,96.0,91,99,3.0,0,6,2.0,2,3,127.0,108,138,5.0,2,6,0.0,0,0,0.0,0,0
MX_JAL,Jalisco,MX,138.0,6,270,140.0,2,279,367.0,18,716,15.0,4,26,0.0,0,0,7.0,0,14,24.0,0,47,0.0,0,0,0.0,0,0
MX_MIC,Michoacán,MX,30.0,4,57,58.0,18,99,58.0,29,86,2.0,0,3,0.0,0,0,10.0,8,11,3.0,0,6,0.0,0,0,0.0,0,0
MX_NLE,Nuevo León,MX,126.0,101,154,310.0,281,338,374.0,307,421,8.0,6,10,0.0,0,0,50.0,22,99,74.0,22,168,0.0,0,0,0.0,0,0
MX_OAX,Oaxaca,MX,82.0,79,85,129.0,127,131,93.0,91,95,74.0,72,76,0.0,0,0,8.0,8,8,2.0,2,2,0.0,0,0,0.0,0,0
MX_PUE,Puebla,MX,116.0,40,225,136.0,10,224,269.0,76,542,24.0,16,43,0.0,0,0,29.0,11,79,64.0,24,268,0.0,0,0,0.0,0,0
MX_ROO,Quintana Roo,MX,39.0,39,39,20.0,20,20,58.0,58,58,2.0,2,2,0.0,0,0,2.0,2,2,0.0,0,0,0.0,0,0,0.0,0,0
MX_SIN,Sinaloa,MX,38.0,38,38,33.0,33,33,30.0,30,30,0.0,0,0,0.0,0,0,24.0,24,24,0.0,0,0,0.0,0,0,21.0,21,21
MX_TAB,Tabasco,MX,104.0,104,104,85.0,85,85,88.0,88,88,6.0,6,6,0.0,0,0,0.0,0,0,0.0,0,0,0.0,0,0,0.0,0,0
MX_TAM,Tamaulipas,MX,46.0,27,89,59.0,24,88,80.0,10,176,24.0,0,55,0.0,0,0,4.0,0,11,2.0,0,8,0.0,0,0,0.0,0,1
MX_VER,Veracruz,MX,55.0,4,110,54.0,2,114,82.0,0,168,1.0,0,4,0.0,0,0,22.0,0,44,10.0,0,43,0.0,0,0,2.0,0,9
MX_YUC,Yucatán,MX,227.0,227,227,123.0,123,123,421.0,421,421,135.0,135,135,0.0,0,0,3.0,3,3,0.0,0,0,0.0,0,0,0.0,0,0
NG_AB,Abia State,NG,0.0,0,0,0.0,0,0,26.0,26,26,0.0,0,0,0.0,0,0,0.0,0,0,0.0,0,0,0.0,0,0,0.0,0,0
NG_KN,Kano State,NG,15.0,15,15,8.0,8,8,80.0,80,80,0.0,0,0,0.0,0,0,5.0,5,5,37.0,37,37,0.0,0,0,0.0,0,0
NG_KW,Kwara State,NG,0.0,0,0,0.0,0,0,4.0,4,4,0.0,0,0,0.0,0,0,0.0,0,0,2.0,2,2,0.0,0,0,0.0,0,0
NG_LA,Lagos,NG,15.0,13,17,42.0,39,43,94.0,76,110,12.0,12,12,0.0,0,0,9.0,9,9,0.0,0,0,0.0,0,0,3.0,0,9
NG_NI,Niger State,NG,0.0,0,0,0.0,0,0,7.0,7,7,0.0,0,0,0.0,0,0,0.0,0,0,4.0,4,4,0.0,0,0,0.0,0,0
NG_OY,Oyo State,NG,4.0,4,4,0.0,0,0,40.0,40,40,0.0,0,0,0.0,0,0,0.0,0,0,52.0,52,52,0.0,0,0,0.0,0,0
NG_RI,Rivers State,NG,4.0,3,5,10.0,8,11,156.0,69,243,0.0,0,0,0.0,0,0,0.0,0,0,0.0,0,0,0.0,0,0,0.0,0,0
NL_DR,Drenthe,NL,298.0,282,313,126.0,124,128,136.0,129,143,498.0,454,541,60.0,54,66,49.0,47,51,3.0,3,3,0.0,0,0,0.0,0,0
NL_FL,Flevoland,NL,470.0,437,502,288.0,287,290,168.0,161,175,2224.0,2079,2370,24.0,24,24,191.0,190,192,24.0,24,24,0.0,0,0,11.0,8,14
NL_FR,Friesland,NL,378.0,378,378,475.0,475,475,582.0,582,582,2990.0,2990,2990,294.0,294,294,50.0,50,50,0.0,0,0,0.0,0,0,2.0,2,2
NL_GE,Gelderland,NL,634.0,470,742,434.0,208,644,408.0,221,715,2145.0,1043,2919,147.0,94,176,142.0,35,322,20.0,6,51,0.0,0,0,6.0,0,17
NL_GR,Groningen,NL,895.0,876,914,575.0,574,576,532.0,530,533,2960.0,2958,2962,239.0,239,239,39.0,39,39,2.0,2,2,0.0,0,0,2.0,2,3
NL_LI,Limburg,NL,939.0,522,1330,549.0,342,748,1074.0,691,1457,2090.0,1194,3000,226.0,103,342,143.0,97,187,15.0,0,31,6.0,0,13,0.0,0,1
NL_NB,North Brabant,NL,545.0,352,776,535.0,402,689,612.0,514,715,2620.0,1752,2963,192.0,108,276,71.0,55,110,2.0,0,6,0.0,0,0,1.0,0,3
NL_NH,North Holland,NL,718.0,244,1316,1037.0,284,1401,967.0,474,1760,2913.0,2805,2992,452.0,182,820,184.0,48,364,26.0,0,91,0.0,0,0,6.0,1,13
NL_OV,Overijssel,NL,338.0,258,407,448.0,361,526,295.0,280,326,2250.0,1479,2930,126.0,122,134,69.0,67,70,5.0,2,8,0.0,0,0,0.0,0,1
NL_UT,Utrecht,NL,1151.0,680,1629,1025.0,640,1396,811.0,518,1110,2952.0,2902,2982,145.0,130,174,99.0,89,120,6.0,0,15,0.0,0,0,1.0,0,3
NL_ZH,South Holland,NL,816.0,117,1227,970.0,143,1381,1015.0,467,1609,2833.0,1785,2988,547.0,302,1038,101.0,31,241,1.0,0,3,0.0,0,0,4.0,0,16
NO_03,Oslo,NO,948.0,948,948,1137.0,1137,1137,798.0,798,798,1834.0,1834,1834,118.0,118,118,606.0,606,606,276.0,276,276,0.0,0,0,61.0,61,61
NO_11,Rogaland,NO,234.0,234,234,224.0,224,224,231.0,231,231,33.0,33,33,0.0,0,0,229.0,229,229,77.0,77,77,0.0,0,0,13.0,13,13
NO_50,Trøndelag,NO,234.0,234,234,324.0,324,324,197.0,197,197,137.0,137,137,6.0,6,6,54.0,54,54,45.0,45,45,0.0,0,0,2.0,2,2
NO_OV,Overijssel,NO,249.0,200,333,497.0,194,649,227.0,156,263,223.0,175,319,15.0,12,22,200.0,165,267,151.0,79,188,1.0,0,2,4.0,2,7
NP_1,Central Region,NP,25.0,25,25,13.0,13,13,94.0,94,94,5.0,5,5,0.0,0,0,32.0,32,32,0.0,0,0,0.0,0,0,0.0,0,0
NP_3,Western Region,NP,326.0,290,362,386.0,371,401,800.0,786,814,28.0,26,30,0.0,0,0,118.0,8,228,23.0,18,28,0.0,0,0,1.0,0,2
NZ_AUK,Auckland Region,NZ,87.0,40,144,226.0,73,345,911.0,826,955,103.0,4,163,5.0,0,8,302.0,138,574,92.0,55,155,3.0,0,4,29.0,0,78
NZ_CAN,Canterbury Region,NZ,157.0,157,157,287.0,287,287,494.0,494,494,128.0,128,128,6.0,6,6,183.0,183,183,36.0,36,36,0.0,0,0,0.0,0,0
NZ_WGN,Wellington Region,NZ,185.0,183,186,333.0,326,339,395.0,374,428,448.0,426,462,19.0,12,22,102.0,88,110,55.0,42,62,0.0,0,0,6.0,0,10
OM_BS,Al Batinah North Governorate,OM,6.0,6,6,14.0,14,14,14.0,14,14,0.0,0,0,0.0,0,0,4.0,4,4,0.0,0,0,0.0,0,0,0.0,0,0
OM_MA,Muscat Governorate,OM,42.0,18,72,93.0,38,145,218.0,112,302,7.0,4,10,0.0,0,0,25.0,6,43,11.0,0,23,0.0,0,0,5.0,2,9
OM_ZA,Ad Dhahirah Governorate,OM,24.0,24,24,0.0,0,0,166.0,166,166,6.0,6,6,0.0,0,0,0.0,0,0,28.0,28,28,0.0,0,0,0.0,0,0
OM_ZU,Dhofar Governorate,OM,18.0,18,18,12.0,12,12,72.0,72,72,4.0,4,4,0.0,0,0,10.0,10,10,46.0,46,46,0.0,0,0,0.0,0,0
PE_ARE,Arequipa,PE,101.0,101,101,159.0,159,159,231.0,231,231,28.0,28,28,0.0,0,0,43.0,43,43,33.0,33,33,0.0,0,0,0.0,0,0
PE_CAL,Callao,PE,282.0,282,282,631.0,631,631,869.0,869,869,215.0,215,215,6.0,6,6,61.0,61,61,43.0,43,43,0.0,0,0,22.0,22,22
PE_CUS,Cusco,PE,140.0,140,140,161.0,161,161,152.0,152,152,91.0,91,91,0.0,0,0,50.0,50,50,68.0,68,68,0.0,0,0,0.0,0,0
PE_ICA,Ica,PE,32.0,23,41,10.0,0,19,35.0,30,40,14.0,10,18,0.0,0,0,8.0,6,9,0.0,0,0,0.0,0,0,0.0,0,0
PE_LAL,La Libertad,PE,103.0,103,103,58.0,58,58,309.0,309,309,35.0,35,35,0.0,0,0,32.0,32,32,2.0,2,2,0.0,0,0,0.0,0,0
PE_LAM,Lambayeque,PE,87.0,87,87,47.0,47,47,64.0,64,64,3.0,3,3,0.0,0,0,2.0,2,2,0.0,0,0,0.0,0,0,0.0,0,0
PE_LMA,Lima Province,PE,56.0,56,56,691.0,691,691,841.0,841,841,227.0,227,227,6.0,6,6,104.0,104,104,55.0,55,55,0.0,0,0,52.0,52,52
PE_LOR,Loreto,PE,15.0,15,15,19.0,19,19,27.0,27,27,12.0,12,12,0.0,0,0,22.0,22,22,0.0,0,0,0.0,0,0,4.0,4,4
PE_PIU,Piura,PE,36.0,27,46,32.0,20,44,50.0,10,90,0.0,0,0,0.0,0,0,6.0,0,12,2.0,0,4,0.0,0,0,3.0,0,6
PE_PUN,Puno,PE,22.0,21,22,20.0,14,25,23.0,18,28,1.0,0,2,0.0,0,0,7.0,6,8,5.0,2,8,0.0,0,0,0.0,0,0
PE_SAM,San Martín,PE,17.0,17,17,16.0,16,16,20.0,20,20,0.0,0,0,0.0,0,0,11.0,11,11,0.0,0,0,0.0,0,0,0.0,0,0
PE_TAC,Tacna,PE,40.0,40,40,46.0,46,46,34.0,34,34,12.0,12,12,0.0,0,0,0.0,0,0,0.0,0,0,0.0,0,0,0.0,0,0
PE_TUM,Tumbes,PE,27.0,27,27,5.0,5,5,12.0,12,12,0.0,0,0,0.0,0,0,6.0,6,6,0.0,0,0,0.0,0,0,0.0,0,0
PE_UCA,Ucayali,PE,16.0,16,16,26.0,26,26,29.0,29,29,2.0,2,2,0.0,0,0,9.0,9,9,0.0,0,0,0.0,0,0,2.0,2,2
PH_00,Metro Manila,PH,1170.0,1101,1215,933.0,899,945,911.0,842,991,262.0,231,287,0.0,0,0,43.0,19,74,75.0,6,213,0.0,0,0,3.0,0,13
PH_01,Ilocos Region,PH,71.0,41,102,17.0,6,26,154.0,106,198,2.0,0,4,0.0,0,0,4.0,0,14,4.0,0,10,0.0,0,0,2.0,0,14
PH_02,Cagayan Valley,PH,45.0,45,45,4.0,4,4,83.0,83,83,0.0,0,0,0.0,0,0,15.0,15,15,0.0,0,0,0.0,0,0,0.0,0,0
PH_03,Central Luzon,PH,336.0,65,1159,115.0,4,824,548.0,102,957,27.0,0,198,0.0,0,0,17.0,0,172,9.0,0,131,0.0,0,0,1.0,0,10
PH_13,Caraga,PH,15.0,15,15,6.0,6,6,62.0,62,62,0.0,0,0,0.0,0,0,16.0,16,16,14.0,14,14,0.0,0,0,1.0,1,1
PH_14,Autonomous Region in Muslim Mindanao,PH,8.0,8,8,2.0,2,2,24.0,24,24,0.0,0,0,0.0,0,0,2.0,2,2,8.0,8,8,0.0,0,0,2.0,2,2
PH_15,Cordillera Administrative Region,PH,76.0,8,111,49.0,0,73,227.0,24,330,7.0,0,10,0.0,0,0,9.0,0,13,39.0,0,59,0.0,0,0,0.0,0,0
PH_ALB,Albay,PH,59.0,6,106,14.0,0,29,85.0,34,142,3.0,0,8,0.0,0,0,19.0,4,31,10.0,8,18,0.0,0,0,0.0,0,0
PH_BAN,Bataan,PH,138.0,18,212,75.0,7,122,296.0,66,480,23.0,2,42,0.0,0,0,28.0,5,45,19.0,4,43,0.0,0,0,5.0,0,42
PH_BTN,Batanes,PH,102.0,23,142,17.0,2,25,120.0,44,158,3.0,2,4,0.0,0,0,32.0,17,40,10.0,6,17,0.0,0,0,3.0,2,5
PH_MDC,Occidental Mindoro,PH,583.0,178,1242,338.0,31,958,766.0,286,886,84.0,4,266,0.0,0,0,20.0,7,58,33.0,0,159,0.0,0,0,1.0,0,8
PH_ZSI,Zamboanga Sibugay,PH,59.0,59,59,18.0,18,18,158.0,158,158,0.0,0,0,0.0,0,0,14.0,14,14,12.0,12,12,0.0,0,0,3.0,3,3
PK_PB,Punjab,PK,24.0,6,56,4.0,0,8,55.0,12,128,0.0,0,0,0.0,0,0,0.0,0,0,0.0,0,0,0.0,0,0,0.0,0,0
PK_SD,Sindh,PK,21.0,0,64,6.0,0,18,173.0,24,458,0.0,0,0,0.0,0,0,2.0,0,6,0.0,0,0,0.0,0,0,0.0,0,1
PL_DS,Lower Silesian Voivodeship,PL,803.0,803,803,1082.0,1082,1082,1649.0,1649,1649,2900.0,2900,2900,134.0,134,134,124.0,124,124,132.0,132,132,0.0,0,0,11.0,11,11
PL_MA,Lesser Poland Voivodeship,PL,963.0,963,963,1276.0,1276,1276,1609.0,1609,1609,2938.0,2938,2938,68.0,68,68,366.0,366,366,122.0,122,122,10.0,10,10,6.0,6,6
PL_MZ,Masovian Voivodeship,PL,1159.0,1022,1250,1297.0,1195,1464,1540.0,1288,1743,2870.0,2813,2942,119.0,76,248,199.0,110,448,40.0,16,110,0.0,0,0,6.0,0,20
PL_PD,Podlaskie Voivodeship,PL,256.0,256,256,199.0,199,199,513.0,513,513,740.0,740,740,18.0,18,18,15.0,15,15,6.0,6,6,0.0,0,0,0.0,0,0
PL_SL,Silesian Voivodeship,PL,509.0,184,834,286.0,87,486,744.0,528,961,1010.0,700,1321,106.0,12,201,76.0,25,128,45.0,15,75,0.0,0,0,0.0,0,0
PL_WN,Warmian-Masurian Voivodeship,PL,90.0,90,90,188.0,188,188,282.0,282,282,1222.0,1222,1222,84.0,84,84,90.0,90,90,24.0,24,24,0.0,0,0,0.0,0,0
PL_WP,Greater Poland Voivodeship,PL,1083.0,1083,1083,1174.0,1174,1174,1330.0,1330,1330,2654.0,2654,2654,150.0,150,150,99.0,99,99,16.0,16,16,0.0,0,0,12.0,12,12
PL_ZP,West Pomeranian Voivodeship,PL,417.0,417,417,243.0,243,243,526.0,526,526,1040.0,1040,1040,27.0,27,27,130.0,130,130,34.0,34,34,0.0,0,0,2.0,2,2
QA_DA,Doha,QA,202.0,202,202,187.0,187,187,107.0,107,107,54.0,54,54,0.0,0,0,148.0,148,148,0.0,0,0,0.0,0,0,47.0,47,47
QA_KH,Al Khor,QA,76.0,76,76,6.0,6,6,4.0,4,4,6.0,6,6,0.0,0,0,12.0,12,12,0.0,0,0,0.0,0,0,1.0,1,1
QA_RA,Al Rayyan Municipality,QA,78.0,78,78,166.0,166,166,93.0,93,93,48.0,48,48,0.0,0,0,86.0,86,86,0.0,0,0,0.0,0,0,0.0,0,0
RO_B,Bucharest,RO,748.0,697,963,823.0,777,866,1080.0,1048,1188,403.0,385,431,24.0,24,24,8.0,5,24,5.0,5,7,0.0,0,0,0.0,0,0
RO_BR,Braila,RO,54.0,54,54,41.0,41,41,98.0,96,100,12.0,12,12,0.0,0,0,3.0,3,3,4.0,4,4,0.0,0,0,0.0,0,0
RO_BV,Brașov County,RO,197.0,196,198,118.0,118,118,281.0,280,282,151.0,151,151,0.0,0,0,65.0,65,65,53.0,52,54,2.0,2,2,0.0,0,0
RO_BZ,Buzău County,RO,45.0,44,46,38.0,38,38,155.0,153,157,26.0,26,26,0.0,0,0,6.0,4,8,0.0,0,0,0.0,0,0,0.0,0,0
RO_CJ,Cluj County,RO,139.0,139,139,191.0,191,191,402.0,402,402,174.0,174,174,6.0,6,6,24.0,23,26,47.0,46,48,0.0,0,0,1.0,0,2
RO_CT,Constanța County,RO,70.0,66,74,160.0,156,164,163.0,159,167,33.0,33,33,0.0,0,0,15.0,12,18,0.0,0,0,0.0,0,0,8.0,6,10
RO_DJ,Dolj County,RO,80.0,80,80,58.0,58,58,121.0,121,121,18.0,18,18,0.0,0,0,4.0,4,4,0.0,0,0,0.0,0,0,0.0,0,0
RO_GL,Galați County,RO,76.0,76,76,52.0,51,53,127.0,126,128,14.0,14,14,0.0,0,0,3.0,3,3,0.0,0,0,0.0,0,0,0.0,0,0
RO_IS,Iași County,RO,144.0,10,211,221.0,0,331,337.0,22,497,47.0,0,71,6.0,6,6,18.0,0,27,22.0,6,30,0.0,0,0,2.0,0,3
RO_PH,Prahova County,RO,110.0,110,110,102.0,101,103,146.0,146,146,4.0,4,4,0.0,0,0,3.0,3,3,3.0,2,4,0.0,0,0,0.0,0,0
RO_SB,Sibiu County,RO,241.0,238,244,247.0,246,248,312.0,304,320,121.0,120,122,0.0,0,0,32.0,32,32,0.0,0,0,0.0,0,0,0.0,0,0
RO_SV,Suceava County,RO,27.0,26,28,54.0,50,58,140.0,138,142,2.0,2,2,12.0,12,12,9.0,6,12,0.0,0,0,0.0,0,0,0.0,0,0
RS_02,Central Banat District,RS,461.0,112,810,402.0,44,759,364.0,99,628,447.0,8,886,10.0,0,20,50.0,42,57,73.0,60,86,0.0,0,0,5.0,0,10
RS_VO,Vojvodina,RS,106.0,25,187,71.0,13,129,182.0,90,273,21.0,10,32,0.0,0,0,18.0,10,27,90.0,0,181,0.0,0,0,4.0,0,9
RU_43,Lipetsk Oblast,RU,253.0,218,318,144.0,105,163,77.0,34,99,46.0,46,47,5.0,4,6,102.0,82,143,27.0,20,36,28.0,0,42,2.0,0,6
RU_AD,Republic of Adygea,RU,42.0,42,42,62.0,62,62,33.0,33,33,8.0,8,8,6.0,6,6,0.0,0,0,0.0,0,0,0.0,0,0,0.0,0,0
RU_ALT,Altai Krai,RU,94.0,42,173,119.0,31,218,54.0,6,108,50.0,0,96,3.0,0,6,52.0,22,96,2.0,0,2,0.0,0,0,3.0,0,10
RU_AMU,Amur Oblast,RU,32.0,14,49,20.0,4,35,6.0,0,12,4.0,0,9,3.0,0,6,20.0,18,22,0.0,0,0,0.0,0,0,2.0,0,5
RU_ARK,Arkhangelsk,RU,382.0,70,694,110.0,45,175,52.0,21,82,16.0,0,31,0.0,0,0,21.0,6,36,0.0,0,0,0.0,0,0,1.0,0,2
RU_AST,Astrakhan Oblast,RU,156.0,156,156,159.0,159,159,89.0,89,89,8.0,8,8,6.0,6,6,16.0,16,16,0.0,0,0,0.0,0,0,5.0,5,5
RU_BA,Republic of Bashkortostan,RU,145.0,49,313,132.0,34,320,71.0,18,168,42.0,6,113,0.0,0,0,30.0,3,72,5.0,3,7,0.0,0,0,4.0,0,9
RU_BEL,Belgorod Oblast,RU,131.0,131,131,27.0,27,27,56.0,56,56,22.0,22,22,0.0,0,0,10.0,10,10,0.0,0,0,0.0,0,0,4.0,4,4
RU_BU,Republic of Buryatia,RU,74.0,74,74,88.0,88,88,66.0,66,66,8.0,8,8,0.0,0,0,62.0,62,62,2.0,2,2,0.0,0,0,10.0,10,10
RU_CHE,Chelyabinsk Oblast,RU,100.0,100,100,52.0,52,52,22.0,22,22,14.0,14,14,0.0,0,0,20.0,20,20,36.0,36,36,6.0,6,6,0.0,0,0
RU_DA,Republic of Dagestan,RU,80.0,46,113,74.0,29,120,80.0,48,112,9.0,2,16,0.0,0,0,14.0,7,22,2.0,0,3,0.0,0,0,10.0,6,15
RU_KAM,Kamchatka Krai,RU,76.0,76,76,60.0,60,60,28.0,28,28,0.0,0,0,0.0,0,0,12.0,12,12,18.0,18,18,0.0,0,0,2.0,2,2
RU_KB,Kabardino-Balkar Republic,RU,100.0,100,100,97.0,97,97,17.0,17,17,20.0,20,20,0.0,0,0,4.0,4,4,8.0,8,8,0.0,0,0,0.0,0,0
RU_KDA,Krasnodar Krai,RU,55.0,55,55,38.0,38,38,16.0,16,16,0.0,0,0,0.0,0,0,4.0,4,4,0.0,0,0,0.0,0,0,0.0,0,0
RU_KEM,Kemerovo Oblast,RU,148.0,148,148,110.0,110,110,56.0,56,56,4.0,4,4,0.0,0,0,38.0,38,38,0.0,0,0,0.0,0,0,0.0,0,0
RU_KGD,Kaliningrad,RU,438.0,438,438,332.0,332,332,227.0,227,227,166.0,166,166,18.0,18,18,18.0,18,18,24.0,24,24,0.0,0,0,0.0,0,0
RU_KHA,Khabarovsk Krai,RU,94.0,86,98,96.0,39,125,40.0,26,49,1.0,0,2,0.0,0,0,16.0,12,20,7.0,6,10,4.0,0,6,3.0,0,5
RU_KHM,Khanty-Mansi Autonomous Okrug,RU,62.0,62,62,99.0,99,99,38.0,38,38,3.0,3,3,0.0,0,0,4.0,4,4,0.0,0,0,0.0,0,0,0.0,0,0
RU_KIR,Kirov Oblast,RU,74.0,74,74,115.0,115,115,102.0,102,102,25.0,25,25,0.0,0,0,122.0,122,122,0.0,0,0,6.0,6,6,14.0,14,14
RU_KLU,Kaluga Oblast,RU,49.0,49,49,43.0,43,43,38.0,38,38,26.0,26,26,6.0,6,6,26.0,26,26,0.0,0,0,0.0,0,0,3.0,3,3
RU_KO,Komi Republic,RU,51.0,28,74,49.0,14,84,12.0,6,19,8.0,2,14,0.0,0,0,36.0,2,70,0.0,0,0,0.0,0,0,2.0,1,3
RU_KOS,Kostroma Oblast,RU,76.0,76,76,142.0,142,142,121.0,121,121,35.0,35,35,0.0,0,0,26.0,26,26,0.0,0,0,0.0,0,0,6.0,6,6
RU_KR,Republic of Karelia,RU,116.0,116,116,191.0,191,191,69.0,69,69,26.0,26,26,12.0,12,12,47.0,47,47,7.0,7,7,6.0,6,6,3.0,3,3
RU_KRS,Kursk Oblast,RU,304.0,304,304,135.0,135,135,132.0,132,132,72.0,72,72,6.0,6,6,40.0,40,40,0.0,0,0,0.0,0,0,8.0,8,8
RU_KYA,Krasnoyarsk Krai,RU,15.0,8,22,12.0,10,15,7.0,4,10,1.0,0,2,0.0,0,0,0.0,0,0,0.0,0,0,0.0,0,0,0.0,0,0
RU_LEN,Leningrad Oblast,RU,1151.0,1143,1159,1077.0,1069,1085,761.0,547,975,1882.0,1450,2315,137.0,100,174,148.0,115,182,5.0,5,5,3.0,0,6,1.0,1,1
RU_LIP,Lipetsk Oblast,RU,87.0,58,116,107.0,62,152,92.0,83,100,16.0,14,18,3.0,0,6,32.0,14,49,0.0,0,0,6.0,6,6,6.0,1,10
RU_MAG,Magadan Oblast,RU,48.0,48,48,39.0,39,39,20.0,20,20,2.0,2,2,0.0,0,0,30.0,30,30,10.0,10,10,6.0,6,6,1.0,1,1
RU_ME,Mari El Republic,RU,112.0,112,112,94.0,94,94,40.0,40,40,8.0,8,8,6.0,6,6,15.0,15,15,0.0,0,0,0.0,0,0,2.0,2,2
RU_MO,Republic of Mordovia,RU,146.0,146,146,93.0,93,93,74.0,74,74,14.0,14,14,0.0,0,0,14.0,14,14,0.0,0,0,0.0,0,0,2.0,2,2
RU_MOS,Moscow Oblast,RU,378.0,118,1007,317.0,35,1112,352.0,90,1687,363.0,22,2466,38.0,0,304,90.0,16,317,1.0,0,4,1.0,0,6,2.0,0,6
RU_MOW,Moscow,RU,635.0,185,944,777.0,158,1411,850.0,162,1910,1049.0,57,2682,121.0,0,430,184.0,22,758,3.0,0,12,0.0,0,0,1.0,0,9
RU_MUR,Murmansk Oblast,RU,162.0,162,162,127.0,127,127,52.0,52,52,10.0,10,10,0.0,0,0,28.0,28,28,8.0,8,8,6.0,6,6,0.0,0,0
RU_NGR,Novgorod Oblast,RU,235.0,235,235,187.0,187,187,402.0,402,402,150.0,150,150,8.0,8,8,10.0,10,10,2.0,2,2,0.0,0,0,2.0,2,2
RU_NIZ,Nizhny Novgorod Oblast,RU,304.0,54,793,237.0,46,553,192.0,42,390,200.0,6,577,9.0,0,20,44.0,2,102,0.0,0,0,0.0,0,0,7.0,0,15
RU_OMS,Omsk Oblast,RU,270.0,270,270,386.0,386,386,118.0,118,118,85.0,85,85,8.0,8,8,24.0,24,24,0.0,0,0,6.0,6,6,15.0,15,15
RU_ORE,Orenburg Oblast,RU,89.0,89,89,131.0,131,131,85.0,85,85,48.0,48,48,6.0,6,6,28.0,28,28,0.0,0,0,6.0,6,6,10.0,10,10
RU_ORL,Oryol Oblast,RU,153.0,153,153,148.0,148,148,87.0,87,87,50.0,50,50,6.0,6,6,12.0,12,12,0.0,0,0,0.0,0,0,1.0,1,1
RU_PNZ,Penza Oblast,RU,213.0,213,213,185.0,185,185,99.0,99,99,72.0,72,72,6.0,6,6,76.0,76,76,4.0,4,4,0.0,0,0,7.0,7,7
RU_PRI,Primorsky Krai,RU,43.0,34,52,22.0,20,23,4.0,0,8,5.0,2,8,3.0,0,6,36.0,6,66,17.0,8,26,6.0,0,12,2.0,1,3
RU_PSK,Pskov Oblast,RU,141.0,70,212,76.0,38,113,144.0,28,261,70.0,12,129,4.0,0,8,11.0,2,20,0.0,0,0,3.0,0,6,3.0,3,3
RU_ROS,Rostov Oblast,RU,408.0,153,704,278.0,53,459,247.0,133,441,511.0,146,742,4.0,0,6,66.0,11,145,3.0,0,10,0.0,0,0,7.0,0,19
RU_SA,Sakha Republic,RU,110.0,110,110,124.0,124,124,30.0,30,30,3.0,3,3,0.0,0,0,14.0,14,14,0.0,0,0,0.0,0,0,0.0,0,0
RU_SAK,Sakhalin,RU,38.0,38,38,85.0,85,85,30.0,30,30,14.0,14,14,0.0,0,0,11.0,11,11,65.0,65,65,0.0,0,0,0.0,0,0
RU_SAR,Saratov Oblast,RU,250.0,227,273,280.0,270,290,119.0,111,127,131.0,130,132,6.0,6,6,74.0,47,101,8.0,5,11,3.0,0,6,5.0,5,5
RU_SMO,Smolensk Oblast,RU,305.0,305,305,139.0,139,139,130.0,130,130,199.0,199,199,8.0,8,8,27.0,27,27,0.0,0,0,0.0,0,0,0.0,0,0
RU_SPE,Saint Petersburg,RU,1139.0,1028,1183,1356.0,1166,1516,849.0,494,1264,2244.0,1378,2417,153.0,60,258,128.0,61,337,2.0,0,11,1.0,0,6,3.0,0,13
RU_SVE,Sverdlovsk,RU,91.0,91,91,200.0,200,200,61.0,61,61,21.0,21,21,0.0,0,0,9.0,9,9,53.0,53,53,0.0,0,0,0.0,0,0
RU_TAM,Tambov Oblast,RU,117.0,117,117,115.0,115,115,74.0,74,74,14.0,14,14,6.0,6,6,46.0,46,46,2.0,2,2,0.0,0,0,4.0,4,4
RU_TUL,Tula Oblast,RU,292.0,292,292,251.0,251,251,245.0,245,245,59.0,59,59,12.0,12,12,27.0,27,27,0.0,0,0,0.0,0,0,2.0,2,2
RU_TY,Tuva Republic,RU,35.0,35,35,38.0,38,38,10.0,10,10,0.0,0,0,0.0,0,0,6.0,6,6,6.0,6,6,0.0,0,0,1.0,1,1
RU_TYU,Tyumen Oblast,RU,90.0,90,90,82.0,82,82,110.0,110,110,27.0,27,27,0.0,0,0,10.0,10,10,0.0,0,0,0.0,0,0,1.0,1,1
RU_UA-40,Sevastopol,RU,200.0,0,596,131.0,10,283,82.0,0,181,53.0,0,111,2.0,0,6,26.0,0,86,4.0,0,16,4.0,0,18,2.0,0,4
RU_UD,Udmurt Republic,RU,112.0,32,193,119.0,30,208,56.0,4,109,41.0,6,76,1.0,0,2,30.0,20,40,5.0,0,10,0.0,0,0,2.0,2,3
RU_ULY,Ulyanovsk Oblast,RU,44.0,44,44,16.0,16,16,18.0,18,18,0.0,0,0,0.0,0,0,12.0,12,12,0.0,0,0,0.0,0,0,0.0,0,0
RU_VGG,Volgograd Oblast,RU,276.0,78,473,209.0,62,356,138.0,60,215,87.0,20,154,30.0,6,54,78.0,18,138,3.0,0,6,0.0,0,0,4.0,0,9
RU_VLA,Vladimir Oblast,RU,93.0,93,93,49.0,49,49,123.0,123,123,30.0,30,30,6.0,6,6,30.0,30,30,0.0,0,0,0.0,0,0,1.0,1,1
RU_VLG,Vologda Oblast,RU,76.0,54,97,164.0,88,239,104.0,20,189,44.0,9,79,2.0,0,4,20.0,14,26,0.0,0,0,0.0,0,0,2.0,0,4
RU_VOR,Voronezh Oblast,RU,691.0,691,691,358.0,358,358,421.0,421,421,522.0,522,522,0.0,0,0,217.0,217,217,10.0,10,10,6.0,6,6,17.0,17,17
RU_ZAB,Zabaykalsky Krai,RU,88.0,88,88,67.0,67,67,24.0,24,24,6.0,6,6,6.0,6,6,21.0,21,21,7.0,7,7,0.0,0,0,0.0,0,0
SA_02,Makkah Region,SA,36.0,7,60,37.0,5,80,374.0,2,674,11.0,0,21,0.0,0,0,18.0,9,24,148.0,61,258,0.0,0,0,0.0,0,0
SA_03,Al Madinah Region,SA,78.0,12,111,17.0,2,25,403.0,14,598,3.0,2,3,0.0,0,0,23.0,0,35,94.0,0,187,0.0,0,0,0.0,0,0
SA_04,Eastern Province,SA,29.0,2,52,34.0,0,77,78.0,8,142,12.0,0,28,0.0,0,0,10.0,0,20,11.0,2,18,0.0,0,0,0.0,0,0
SA_05,Al-Qassim Region,SA,22.0,22,22,33.0,33,33,100.0,100,100,4.0,4,4,0.0,0,0,0.0,0,0,0.0,0,0,0.0,0,0,0.0,0,0
SA_06,Ha'il Region,SA,38.0,38,38,6.0,6,6,18.0,18,18,0.0,0,0,0.0,0,0,0.0,0,0,20.0,20,20,0.0,0,0,0.0,0,0
SA_07,Tabuk Region,SA,8.0,8,8,4.0,4,4,5.0,5,5,0.0,0,0,0.0,0,0,0.0,0,0,0.0,0,0,0.0,0,0,0.0,0,0
SA_09,Jizan Region,SA,4.0,4,4,0.0,0,0,2.0,2,2,0.0,0,0,0.0,0,0,0.0,0,0,2.0,2,2,0.0,0,0,0.0,0,0
SA_10,Najran Region,SA,12.0,12,12,3.0,3,3,6.0,6,6,4.0,4,4,0.0,0,0,21.0,21,21,61.0,61,61,0.0,0,0,0.0,0,0
SA_12,Al Jawf Region,SA,4.0,0,9,1.0,0,2,7.0,2,12,0.0,0,0,0.0,0,0,0.0,0,0,15.0,8,22,0.0,0,0,0.0,0,0
SA_14,'Asir Region,SA,3.0,0,6,12.0,6,18,5.0,2,8,1.0,0,2,0.0,0,0,2.0,0,4,7.0,6,8,0.0,0,0,0.0,0,0
SE_AB,Stockholm County,SE,2164.0,1824,2704,1195.0,349,1555,878.0,313,1408,1299.0,245,2055,49.0,0,80,344.0,187,526,125.0,68,182,0.0,0,0,10.0,0,28
SE_AC,Västerbotten County,SE,365.0,362,368,169.0,169,169,136.0,136,136,308.0,308,308,18.0,18,18,37.0,35,39,55.0,53,57,0.0,0,0,1.0,1,1
SE_C,Uppsala County,SE,2884.0,2815,2952,150.0,0,300,181.0,89,273,306.0,304,307,8.0,0,16,28.0,10,45,2.0,0,4,0.0,0,0,0.0,0,0
SE_D,Södermanland County,SE,2970.0,2964,2976,82.0,81,83,210.0,200,220,240.0,240,240,12.0,12,12,42.0,41,42,2.0,2,2,0.0,0,0,0.0,0,0
SE_E,Östergötland County,SE,2812.0,2685,2940,168.0,161,183,267.0,227,303,266.0,232,303,10.0,9,12,31.0,26,36,18.0,2,40,0.0,0,0,0.0,0,0
SE_F,Jönköping County,SE,552.0,552,552,95.0,95,95,287.0,287,287,175.0,175,175,18.0,18,18,47.0,47,47,4.0,4,4,0.0,0,0,4.0,4,4
SE_M,Skåne County,SE,812.0,429,1088,200.0,76,322,515.0,408,733,234.0,152,373,16.0,2,30,89.0,50,135,6.0,0,15,0.0,0,0,0.0,0,2
SE_N,Halland County,SE,2416.0,2382,2450,78.0,77,79,229.0,228,230,129.0,104,154,0.0,0,0,36.0,35,36,8.0,8,8,0.0,0,0,1.0,0,2
SE_O,Västra Götaland County,SE,2018.0,560,2767,632.0,75,910,782.0,207,1083,1049.0,101,1547,34.0,12,48,117.0,12,174,41.0,6,61,0.0,0,0,4.0,0,8
SE_T,Örebro County,SE,1124.0,932,1316,106.0,105,107,210.0,206,214,119.0,112,126,6.0,6,6,44.0,41,47,1.0,0,2,0.0,0,0,1.0,1,1
SE_U,Västmanland County,SE,2917.0,2917,2917,107.0,107,107,271.0,271,271,414.0,414,414,10.0,10,10,42.0,42,42,10.0,10,10,0.0,0,0,0.0,0,0
SE_X,Gävleborg County,SE,361.0,340,382,56.0,56,56,116.0,108,124,290.0,278,302,33.0,30,36,19.0,17,21,4.0,4,4,0.0,0,0,0.0,0,0
SI_061,Ljubljana City Municipality,SI,1487.0,1487,1487,588.0,588,588,671.0,671,671,1522.0,1522,1522,80.0,80,80,115.0,115,115,412.0,412,412,0.0,0,0,0.0,0,0
SI_070,Maribor City Municipality,SI,1126.0,1126,1126,169.0,169,169,475.0,475,475,2022.0,2022,2022,38.0,38,38,21.0,21,21,49.0,49,49,0.0,0,0,0.0,0,0
SK_NI,Nitra Region,SK,47.0,46,48,30.0,30,30,70.0,70,70,2.0,2,2,0.0,0,0,50.0,49,52,10.0,10,10,0.0,0,0,0.0,0,0
SV_AH,Ahuachapán Department,SV,38.0,38,38,12.0,12,12,118.0,118,118,2.0,2,2,0.0,0,0,30.0,30,30,54.0,54,54,0.0,0,0,0.0,0,0
SV_LI,La Libertad Department,SV,222.0,222,222,146.0,146,146,678.0,678,678,44.0,44,44,0.0,0,0,22.0,22,22,78.0,78,78,0.0,0,0,0.0,0,0
SV_SO,Sonsonate Department,SV,34.0,34,34,7.0,7,7,104.0,104,104,4.0,4,4,0.0,0,0,41.0,41,41,52.0,52,52,0.0,0,0,0.0,0,0
SV_SS,San Salvador Department,SV,211.0,193,238,144.0,140,150,639.0,596,754,41.0,40,44,0.0,0,0,43.0,38,54,81.0,54,154,0.0,0,0,0.0,0,0
TH_10,Bangkok,TH,275.0,275,275,844.0,842,845,1096.0,1091,1101,584.0,584,584,36.0,36,36,66.0,66,66,0.0,0,0,0.0,0,0,0.0,0,0
TH_11,Samut Prakan,TH,179.0,107,215,561.0,392,653,1073.0,944,1154,438.0,205,554,32.0,24,36,42.0,30,48,0.0,0,0,0.0,0,0,0.0,0,0
TH_12,Nonthaburi,TH,166.0,140,207,515.0,419,691,907.0,900,912,473.0,424,553,24.0,18,30,38.0,30,54,0.0,0,0,0.0,0,0,0.0,0,0
TH_13,Pathum Thani,TH,23.0,22,24,86.0,84,87,194.0,179,209,2.0,0,4,0.0,0,0,6.0,6,6,0.0,0,0,0.0,0,0,0.0,0,0
TH_20,Chon Buri,TH,9.0,4,16,47.0,15,117,72.0,52,103,4.0,0,8,0.0,0,0,21.0,11,40,4.0,0,8,0.0,0,0,7.0,0,27
TH_21,Rayong,TH,2.0,2,2,11.0,11,11,62.0,62,62,0.0,0,0,0.0,0,0,0.0,0,0,0.0,0,0,0.0,0,0,2.0,2,2
TH_30,Nakhon Ratchasima,TH,4.0,4,4,16.0,16,16,96.0,96,96,6.0,6,6,0.0,0,0,0.0,0,0,0.0,0,0,0.0,0,0,0.0,0,0
TH_34,Ubon Ratchathani,TH,6.0,6,6,2.0,2,2,87.0,87,87,0.0,0,0,0.0,0,0,2.0,2,2,0.0,0,0,0.0,0,0,0.0,0,0
TH_40,Khon Kaen,TH,14.0,14,14,25.0,25,25,172.0,172,172,0.0,0,0,0.0,0,0,0.0,0,0,0.0,0,0,0.0,0,0,0.0,0,0
TH_41,Udon Thani,TH,5.0,5,5,8.0,8,8,37.0,37,37,0.0,0,0,0.0,0,0,0.0,0,0,0.0,0,0,0.0,0,0,0.0,0,0
TH_50,Chiang Mai,TH,68.0,68,68,172.0,172,172,980.0,980,980,87.0,87,87,0.0,0,0,30.0,30,30,8.0,8,8,0.0,0,0,0.0,0,0
TH_52,Lampang,TH,15.0,14,16,18.0,18,18,132.0,105,159,2.0,2,2,0.0,0,0,0.0,0,0,0.0,0,0,0.0,0,0,0.0,0,0
TH_65,Phitsanulok,TH,4.0,4,4,16.0,16,16,144.0,144,144,2.0,2,2,0.0,0,0,0.0,0,0,0.0,0,0,0.0,0,0,0.0,0,0
TH_80,Nakhon Si Thammarat,TH,6.0,6,6,12.0,12,12,55.0,55,55,0.0,0,0,0.0,0,0,0.0,0,0,0.0,0,0,0.0,0,0,0.0,0,0
TH_84,Surat Thani,TH,2.0,2,2,2.0,2,2,97.0,97,97,0.0,0,0,0.0,0,0,9.0,9,9,6.0,6,6,0.0,0,0,0.0,0,0
TH_90,Songkhla,TH,5.0,4,6,12.0,12,12,105.0,102,108,0.0,0,0,0.0,0,0,0.0,0,0,0.0,0,0,0.0,0,0,0.0,0,0
TN_11,Tunis Governorate,TN,522.0,522,522,269.0,269,269,701.0,701,701,712.0,712,712,2.0,2,2,114.0,114,114,36.0,36,36,0.0,0,0,1.0,1,1
TN_12,Ariana Governorate,TN,397.0,397,397,231.0,231,231,604.0,604,604,598.0,598,598,2.0,2,2,60.0,60,60,12.0,12,12,0.0,0,0,0.0,0,0
TN_31,Kassrine,TN,7.0,7,7,0.0,0,0,6.0,6,6,0.0,0,0,0.0,0,0,0.0,0,0,0.0,0,0,0.0,0,0,0.0,0,0
TN_41,Kairouan Governorate,TN,61.0,61,61,18.0,18,18,70.0,70,70,54.0,54,54,0.0,0,0,0.0,0,0,0.0,0,0,0.0,0,0,0.0,0,0
TN_51,Sousse Governorate,TN,63.0,63,63,75.0,75,75,78.0,78,78,36.0,36,36,6.0,6,6,44.0,44,44,0.0,0,0,0.0,0,0,0.0,0,0
TN_71,Gafsa Governorate,TN,8.0,8,8,6.0,6,6,18.0,18,18,2.0,2,2,0.0,0,0,0.0,0,0,0.0,0,0,0.0,0,0,0.0,0,0
TR_02,Adıyaman Province,TR,18.0,18,18,6.0,6,6,74.0,74,74,2.0,2,2,0.0,0,0,0.0,0,0,16.0,16,16,0.0,0,0,0.0,0,0
TR_03,Afyonkarahisar Province,TR,16.0,16,16,18.0,18,18,124.0,124,124,3.0,3,3,0.0,0,0,3.0,3,3,8.0,8,8,0.0,0,0,0.0,0,0
TR_04,Ağrı Province,TR,4.0,4,4,0.0,0,0,52.0,52,52,0.0,0,0,0.0,0,0,0.0,0,0,0.0,0,0,0.0,0,0,0.0,0,0
TR_06,Ankara Province,TR,176.0,96,258,259.0,132,329,565.0,225,715,37.0,14,48,0.0,0,0,2.0,2,4,12.0,4,32,0.0,0,0,0.0,0,0
TR_07,Antalya Province,TR,151.0,151,151,117.0,117,117,617.0,617,617,125.0,125,125,0.0,0,0,171.0,171,171,48.0,48,48,0.0,0,0,20.0,20,20
TR_09,Aydın Province,TR,40.0,16,78,21.0,9,44,91.0,47,142,42.0,4,111,0.0,0,0,16.0,4,35,4.0,0,9,0.0,0,0,2.0,0,6
TR_10,Balıkesir Province,TR,22.0,22,22,13.0,13,13,170.0,170,170,4.0,4,4,0.0,0,0,0.0,0,0,2.0,2,2,0.0,0,0,0.0,0,0
TR_14,Bolu Province,TR,18.0,18,18,5.0,5,5,34.0,34,34,0.0,0,0,0.0,0,0,0.0,0,0,2.0,2,2,0.0,0,0,0.0,0,0
TR_15,Burdur Province,TR,7.0,7,7,10.0,10,10,92.0,92,92,0.0,0,0,0.0,0,0,9.0,9,9,0.0,0,0,0.0,0,0,0.0,0,0
TR_16,Bursa Province,TR,59.0,10,155,33.0,0,100,243.0,6,717,17.0,0,50,0.0,0,0,11.0,2,25,11.0,2,24,0.0,0,0,0.0,0,0
TR_19,Çorum Province,TR,14.0,14,14,8.0,8,8,10.0,10,10,0.0,0,0,0.0,0,0,0.0,0,0,6.0,6,6,0.0,0,0,0.0,0,0
TR_20,Denizli Province,TR,99.0,99,99,45.0,45,45,409.0,409,409,24.0,24,24,0.0,0,0,23.0,23,23,46.0,46,46,0.0,0,0,0.0,0,0
TR_21,Diyarbakır Province,TR,202.0,202,202,26.0,26,26,164.0,164,164,16.0,16,16,0.0,0,0,4.0,4,4,2.0,2,2,0.0,0,0,0.0,0,0
TR_22,Edirne Province,TR,84.0,84,84,24.0,24,24,132.0,132,132,18.0,18,18,0.0,0,0,0.0,0,0,0.0,0,0,0.0,0,0,0.0,0,0
TR_23,Elazığ Province,TR,40.0,40,40,19.0,19,19,69.0,69,69,7.0,7,7,0.0,0,0,0.0,0,0,8.0,8,8,0.0,0,0,0.0,0,0
TR_24,Erzincan Province,TR,6.0,6,6,6.0,6,6,50.0,50,50,0.0,0,0,0.0,0,0,2.0,2,2,0.0,0,0,0.0,0,0,0.0,0,0
TR_25,Erzurum Province,TR,48.0,48,48,13.0,13,13,72.0,72,72,6.0,6,6,0.0,0,0,9.0,9,9,56.0,56,56,0.0,0,0,0.0,0,0
TR_27,Gaziantep Province,TR,64.0,23,104,18.0,2,35,103.0,0,206,1.0,0,2,0.0,0,0,11.0,2,20,21.0,0,42,0.0,0,0,0.0,0,0
TR_28,Giresun Province,TR,12.0,12,12,3.0,3,3,12.0,12,12,0.0,0,0,0.0,0,0,12.0,12,12,0.0,0,0,4.0,4,4,0.0,0,0
TR_31,Hatay Province,TR,52.0,52,52,14.0,14,14,35.0,35,35,4.0,4,4,0.0,0,0,0.0,0,0,12.0,12,12,0.0,0,0,0.0,0,0
TR_32,Isparta Province,TR,26.0,26,26,7.0,7,7,164.0,164,164,18.0,18,18,0.0,0,0,10.0,10,10,8.0,8,8,0.0,0,0,0.0,0,0
TR_34,Istanbul Province,TR,585.0,257,754,585.0,153,837,794.0,613,1067,216.0,37,314,3.0,0,4,79.0,50,109,10.0,10,10,0.0,0,0,3.0,0,9
TR_35,İzmir Province,TR,248.0,248,248,208.0,208,208,551.0,551,551,59.0,59,59,0.0,0,0,56.0,56,56,42.0,42,42,0.0,0,0,2.0,2,2
TR_36,Kars Province,TR,28.0,28,28,16.0,16,16,23.0,23,23,10.0,10,10,0.0,0,0,4.0,4,4,8.0,8,8,0.0,0,0,0.0,0,0
TR_40,Kırşehir Province,TR,26.0,26,26,7.0,7,7,110.0,110,110,0.0,0,0,0.0,0,0,0.0,0,0,0.0,0,0,0.0,0,0,0.0,0,0
TR_41,Kocaeli Province,TR,84.0,46,121,40.0,22,54,216.0,66,451,8.0,4,12,0.0,0,0,4.0,0,8,2.0,0,4,0.0,0,0,0.0,0,0
TR_43,Kütahya Province,TR,28.0,28,28,27.0,27,27,52.0,52,52,0.0,0,0,0.0,0,0,0.0,0,0,8.0,8,8,0.0,0,0,0.0,0,0
TR_45,Manisa Province,TR,22.0,22,22,14.0,14,14,114.0,114,114,6.0,6,6,0.0,0,0,11.0,11,11,6.0,6,6,0.0,0,0,0.0,0,0
TR_47,Mardin Province,TR,89.0,89,89,6.0,6,6,62.0,62,62,8.0,8,8,0.0,0,0,4.0,4,4,2.0,2,2,0.0,0,0,0.0,0,0
TR_50,Nevşehir Province,TR,32.0,32,32,57.0,57,57,104.0,104,104,59.0,59,59,0.0,0,0,40.0,40,40,28.0,28,28,0.0,0,0,0.0,0,0
TR_51,Niğde Province,TR,19.0,19,19,7.0,7,7,57.0,57,57,10.0,10,10,0.0,0,0,4.0,4,4,14.0,14,14,0.0,0,0,0.0,0,0
TR_52,Ordu Province,TR,21.0,18,24,7.0,7,7,18.0,16,20,0.0,0,0,0.0,0,0,7.0,6,8,6.0,4,8,0.0,0,0,0.0,0,0
TR_54,Sakarya Province,TR,33.0,33,33,15.0,15,15,53.0,53,53,9.0,9,9,0.0,0,0,0.0,0,0,0.0,0,0,0.0,0,0,0.0,0,0
TR_55,Samsun Province,TR,52.0,52,52,30.0,30,30,258.0,258,258,16.0,16,16,0.0,0,0,48.0,48,48,20.0,20,20,0.0,0,0,7.0,7,7
TR_59,Tekirdağ Province,TR,72.0,27,116,32.0,12,51,103.0,42,164,0.0,0,0,0.0,0,0,24.0,2,46,33.0,0,66,0.0,0,0,0.0,0,0
TR_60,Tokat Province,TR,15.0,15,15,4.0,4,4,20.0,20,20,0.0,0,0,0.0,0,0,0.0,0,0,2.0,2,2,0.0,0,0,0.0,0,0
TR_65,Van Province,TR,30.0,30,30,0.0,0,0,16.0,16,16,14.0,14,14,0.0,0,0,5.0,5,5,7.0,7,7,0.0,0,0,0.0,0,0
TR_66,Yozgat Province,TR,14.0,14,14,9.0,9,9,56.0,56,56,4.0,4,4,0.0,0,0,5.0,5,5,28.0,28,28,0.0,0,0,0.0,0,0
TR_67,Zonguldak Province,TR,4.0,4,4,0.0,0,0,22.0,22,22,0.0,0,0,0.0,0,0,6.0,6,6,0.0,0,0,0.0,0,0,0.0,0,0
TR_72,Batman Province,TR,82.0,82,82,15.0,15,15,310.0,310,310,2.0,2,2,0.0,0,0,0.0,0,0,2.0,2,2,0.0,0,0,0.0,0,0
TR_74,Bartın Province,TR,17.0,17,17,4.0,4,4,30.0,30,30,10.0,10,10,0.0,0,0,12.0,12,12,4.0,4,4,0.0,0,0,0.0,0,0
TR_76,Iğdır Province,TR,14.0,14,14,4.0,4,4,14.0,14,14,0.0,0,0,0.0,0,0,2.0,2,2,0.0,0,0,0.0,0,0,0.0,0,0
TR_79,Kilis Province,TR,24.0,24,24,3.0,3,3,12.0,12,12,3.0,3,3,0.0,0,0,9.0,9,9,29.0,29,29,0.0,0,0,0.0,0,0
TR_81,Düzce Province,TR,46.0,46,46,12.0,12,12,234.0,234,234,2.0,2,2,0.0,0,0,0.0,0,0,0.0,0,0,0.0,0,0,0.0,0,0
TT_DMN,Diego Martin Regional Corporation,TT,32.0,32,32,72.0,72,72,161.0,161,161,26.0,26,26,0.0,0,0,18.0,18,18,4.0,4,4,0.0,0,0,2.0,2,2
TZ_02,Dar es Salaam Region,TZ,128.0,128,128,136.0,136,136,638.0,638,638,7.0,7,7,0.0,0,0,45.0,45,45,0.0,0,0,0.0,0,0,27.0,27,27
TZ_03,Dodoma Region,TZ,12.0,12,12,14.0,14,14,78.0,78,78,0.0,0,0,0.0,0,0,4.0,4,4,0.0,0,0,0.0,0,0,0.0,0,0
TZ_15,Zanzibar Urban/West Region,TZ,18.0,18,18,62.0,62,62,65.0,65,65,43.0,43,43,0.0,0,0,18.0,18,18,0.0,0,0,0.0,0,0,4.0,4,4
TZ_18,Mwanza Region,TZ,6.0,6,6,40.0,40,40,171.0,171,171,0.0,0,0,0.0,0,0,163.0,163,163,4.0,4,4,0.0,0,0,0.0,0,0
TZ_21,Ruvuma Region,TZ,0.0,0,0,0.0,0,0,5.0,5,5,0.0,0,0,0.0,0,0,0.0,0,0,0.0,0,0,0.0,0,0,0.0,0,0
TZ_24,Tabora Region,TZ,6.0,6,6,2.0,2,2,72.0,72,72,0.0,0,0,0.0,0,0,3.0,3,3,3.0,3,3,0.0,0,0,0.0,0,0
UA_05,Vinnytsia Oblast,UA,139.0,139,139,106.0,106,106,120.0,120,120,28.0,28,28,0.0,0,0,22.0,22,22,0.0,0,0,0.0,0,0,9.0,9,9
UA_12,Dnipropetrovsk Oblast,UA,188.0,48,270,112.0,20,180,101.0,33,187,18.0,4,26,0.0,0,0,74.0,24,144,1.0,0,2,0.0,0,0,8.0,1,19
UA_14,Donetsk Oblast,UA,103.0,103,103,46.0,46,46,53.0,53,53,10.0,10,10,0.0,0,0,18.0,18,18,4.0,4,4,0.0,0,0,11.0,11,11
UA_18,Zhytomyr Oblast,UA,94.0,94,94,68.0,68,68,65.0,65,65,21.0,21,21,0.0,0,0,18.0,18,18,0.0,0,0,0.0,0,0,1.0,1,1
UA_21,Zakarpattia Oblast,UA,143.0,143,143,87.0,87,87,105.0,105,105,6.0,6,6,0.0,0,0,2.0,2,2,34.0,34,34,0.0,0,0,0.0,0,0
UA_30,Kiev,UA,943.0,448,1081,838.0,284,989,740.0,371,1020,329.0,144,670,2.0,0,2,291.0,180,623,33.0,8,40,0.0,0,0,20.0,0,123
UA_32,Kyiv Oblast,UA,62.0,62,62,21.0,21,21,49.0,49,49,2.0,2,2,0.0,0,0,14.0,14,14,0.0,0,0,0.0,0,0,0.0,0,0
UA_35,Kirovohrad Oblast,UA,179.0,179,179,73.0,73,73,67.0,67,67,4.0,4,4,0.0,0,0,38.0,38,38,0.0,0,0,0.0,0,0,8.0,8,8
UA_46,Lviv Oblast,UA,573.0,573,573,446.0,446,446,739.0,739,739,130.0,130,130,0.0,0,0,93.0,93,93,156.0,156,156,4.0,4,4,1.0,1,1
UA_51,Odessa Oblast,UA,600.0,600,600,549.0,549,549,411.0,411,411,1743.0,1743,1743,94.0,94,94,162.0,162,162,4.0,4,4,0.0,0,0,56.0,56,56
UA_53,Poltava Oblast,UA,219.0,219,219,99.0,99,99,134.0,134,134,24.0,24,24,0.0,0,0,44.0,44,44,0.0,0,0,0.0,0,0,0.0,0,0
UA_56,Rivne Oblast,UA,96.0,96,96,72.0,72,72,88.0,88,88,0.0,0,0,0.0,0,0,12.0,12,12,2.0,2,2,0.0,0,0,1.0,1,1
UA_59,Sumy Oblast,UA,166.0,166,166,120.0,120,120,111.0,111,111,10.0,10,10,0.0,0,0,83.0,83,83,2.0,2,2,0.0,0,0,18.0,18,18
UA_61,Ternopil Oblast,UA,297.0,297,297,143.0,143,143,206.0,206,206,19.0,19,19,2.0,2,2,82.0,82,82,0.0,0,0,0.0,0,0,6.0,6,6
UA_63,Kharkiv Oblast,UA,650.0,650,650,343.0,343,343,308.0,308,308,52.0,52,52,0.0,0,0,100.0,100,100,10.0,10,10,0.0,0,0,9.0,9,9
UA_65,Kherson Oblast,UA,78.0,78,78,53.0,53,53,134.0,134,134,23.0,23,23,0.0,0,0,16.0,16,16,0.0,0,0,0.0,0,0,1.0,1,1
UA_68,Khmelnytsky Oblast,UA,69.0,69,69,49.0,49,49,80.0,80,80,6.0,6,6,0.0,0,0,2.0,2,2,0.0,0,0,0.0,0,0,2.0,2,2
US_AK,Alaska,US,28.0,28,28,120.0,120,120,91.0,91,91,100.0,100,100,6.0,6,6,12.0,12,12,0.0,0,0,0.0,0,0,0.0,0,0
US_AL,Alabama,US,227.0,161,385,176.0,134,255,751.0,539,1005,318.0,196,482,7.0,6,10,39.0,0,97,29.0,0,86,0.0,0,0,0.0,0,0
US_AR,Arkansas,US,218.0,218,218,309.0,309,309,974.0,974,974,1104.0,1104,1104,24.0,24,24,69.0,69,69,27.0,27,27,0.0,0,0,0.0,0,0
US_AZ,Arizona,US,113.0,26,331,289.0,37,633,469.0,129,792,198.0,4,469,3.0,0,8,135.0,26,513,42.0,12,182,0.0,0,0,1.0,0,2
US_CA,California,US,140.0,6,683,396.0,10,1166,551.0,6,1101,372.0,2,1844,16.0,0,90,93.0,0,739,41.0,0,370,0.0,0,4,2.0,0,44
US_CO,Colorado,US,139.0,23,329,405.0,46,742,554.0,26,905,292.0,26,535,24.0,0,114,42.0,0,109,24.0,0,103,1.0,0,4,1.0,0,3
US_CT,Connecticut,US,336.0,257,509,268.0,112,383,495.0,188,769,415.0,160,919,16.0,6,24,59.0,46,88,92.0,47,149,0.0,0,0,3.0,0,8
US_DC,District of Columbia,US,1617.0,1617,1617,1398.0,1398,1398,1185.0,1185,1185,2418.0,2418,2418,51.0,51,51,684.0,684,684,57.0,57,57,0.0,0,0,4.0,4,4
US_FL,Florida,US,100.0,20,198,280.0,48,704,488.0,168,967,247.0,32,754,5.0,0,12,46.0,6,124,1.0,0,6,0.0,0,0,1.0,0,6
US_GA,Georgia,US,197.0,88,461,253.0,86,829,386.0,238,677,180.0,50,533,8.0,0,30,14.0,4,25,16.0,0,94,0.0,0,0,0.0,0,1
US_HI,Hawaii,US,213.0,213,213,442.0,442,442,291.0,291,291,362.0,362,362,0.0,0,0,160.0,160,160,78.0,78,78,3.0,3,3,23.0,23,23
US_IA,Iowa,US,206.0,85,290,271.0,102,426,599.0,415,823,788.0,145,1534,12.0,0,30,9.0,6,15,1.0,0,2,0.0,0,0,0.0,0,0
US_ID,Idaho,US,80.0,80,80,146.0,146,146,147.0,147,147,212.0,212,212,12.0,12,12,19.0,19,19,15.0,15,15,0.0,0,0,2.0,2,2
US_IL,Illinois,US,263.0,64,1215,297.0,101,1125,484.0,258,1071,336.0,104,1712,18.0,0,68,43.0,9,180,4.0,0,17,0.0,0,0,5.0,0,28
US_IN,Indiana,US,112.0,92,146,169.0,146,186,186.0,181,193,342.0,222,474,7.0,0,14,12.0,0,21,0.0,0,0,0.0,0,0,0.0,0,0
US_KS,Kansas,US,157.0,40,363,382.0,139,708,706.0,409,946,280.0,20,681,4.0,0,6,17.0,0,40,1.0,0,5,0.0,0,0,0.0,0,0
US_KY,Kentucky,US,184.0,112,336,202.0,39,510,411.0,222,1078,188.0,32,611,6.0,0,24,15.0,0,55,12.0,0,60,0.0,0,0,0.0,0,0
US_LA,Louisiana,US,199.0,58,337,405.0,68,708,690.0,123,1037,260.0,19,465,4.0,0,6,9.0,0,14,0.0,0,0,0.0,0,0,0.0,0,0
US_MA,Massachusetts,US,1288.0,381,1911,784.0,217,1179,906.0,275,1304,1913.0,536,2560,105.0,18,170,371.0,232,490,338.0,154,513,0.0,0,2,29.0,0,76
US_MD,Maryland,US,525.0,58,1436,427.0,19,1082,525.0,80,1157,863.0,92,2431,33.0,0,90,202.0,13,618,24.0,0,90,0.0,0,2,1.0,0,2
US_MI,Michigan,US,196.0,53,559,483.0,147,1087,424.0,113,1116,432.0,98,1414,20.0,0,58,12.0,2,20,2.0,0,6,0.0,0,0,0.0,0,2
US_MN,Minnesota,US,182.0,34,278,648.0,110,1152,521.0,140,771,738.0,44,1294,34.0,0,54,38.0,0,67,1.0,0,4,0.0,0,0,0.0,0,0
US_MO,Missouri,US,243.0,20,426,457.0,14,919,612.0,8,1032,422.0,2,847,11.0,0,18,17.0,5,35,5.0,0,16,0.0,0,0,0.0,0,2
US_MS,Mississippi,US,112.0,112,112,135.0,135,135,722.0,722,722,102.0,102,102,0.0,0,0,13.0,13,13,7.0,7,7,0.0,0,0,0.0,0,0
US_MT,Montana,US,47.0,36,58,74.0,67,80,94.0,55,134,37.0,26,48,0.0,0,0,14.0,8,19,15.0,6,24,0.0,0,0,0.0,0,0
US_NC,North Carolina,US,157.0,66,294,210.0,71,598,460.0,200,785,331.0,80,499,13.0,0,30,55.0,0,182,1.0,0,4,0.0,0,0,0.0,0,0
US_NE,Nebraska,US,153.0,55,251,391.0,286,496,735.0,452,1018,324.0,82,565,18.0,6,30,14.0,6,21,0.0,0,0,0.0,0,0,2.0,0,3
US_NH,New Hampshire,US,121.0,121,121,96.0,96,96,225.0,225,225,132.0,132,132,18.0,18,18,103.0,103,103,111.0,111,111,0.0,0,0,0.0,0,0
US_NJ,New Jersey,US,465.0,102,1300,694.0,31,1331,917.0,84,1378,1067.0,104,2082,123.0,0,357,152.0,37,314,33.0,6,55,0.0,0,3,0.0,0,2
US_NM,New Mexico,US,60.0,36,83,187.0,37,337,410.0,264,555,188.0,14,363,3.0,0,6,36.0,14,58,38.0,13,64,0.0,0,0,0.0,0,0
US_NV,Nevada,US,43.0,15,71,332.0,67,484,411.0,117,715,310.0,36,428,4.0,0,24,31.0,14,58,11.0,2,18,0.0,0,0,0.0,0,0
US_NY,New York,US,867.0,102,1386,840.0,101,1337,874.0,242,1422,1303.0,128,2081,273.0,0,713,252.0,12,799,43.0,2,142,2.0,0,3,6.0,0,54
US_OH,Ohio,US,410.0,162,917,495.0,221,884,872.0,622,1004,474.0,166,1298,10.0,0,48,19.0,6,34,6.0,0,11,0.0,0,0,0.0,0,1
US_OK,Oklahoma,US,76.0,38,136,234.0,80,388,670.0,274,972,125.0,22,250,8.0,0,26,12.0,6,24,8.0,0,18,0.0,0,0,0.0,0,2
US_OR,Oregon,US,170.0,80,487,381.0,142,1157,426.0,112,1069,706.0,138,2743,17.0,0,48,72.0,3,214,37.0,12,59,0.0,0,0,3.0,0,12
US_PA,Pennsylvania,US,545.0,68,1163,632.0,115,1261,682.0,85,1138,980.0,140,2258,79.0,6,190,52.0,8,182,46.0,0,113,0.0,0,0,0.0,0,2
US_RI,Rhode Island,US,694.0,694,694,530.0,530,530,848.0,848,848,1521.0,1521,1521,84.0,84,84,232.0,232,232,107.0,107,107,0.0,0,0,4.0,4,4
US_SC,South Carolina,US,253.0,224,274,319.0,180,400,546.0,490,603,441.0,387,528,16.0,12,24,40.0,27,64,5.0,0,14,0.0,0,0,1.0,0,4
US_SD,South Dakota,US,44.0,44,44,175.0,175,175,113.0,113,113,96.0,96,96,6.0,6,6,8.0,8,8,0.0,0,0,0.0,0,0,0.0,0,0
US_TN,Tennessee,US,325.0,64,523,208.0,38,497,615.0,198,1042,225.0,22,661,5.0,0,12,55.0,6,104,45.0,0,101,0.0,0,0,0.0,0,0
US_TX,Texas,US,104.0,14,521,205.0,58,920,397.0,78,1039,102.0,0,563,2.0,0,18,14.0,0,111,9.0,0,134,0.0,0,0,0.0,0,4
US_UT,Utah,US,158.0,59,249,280.0,137,401,850.0,459,1027,408.0,174,512,16.0,6,22,26.0,17,40,24.0,8,43,0.0,0,0,0.0,0,0
US_VA,Virginia,US,716.0,27,1565,635.0,63,1350,716.0,118,1151,1038.0,108,2413,27.0,0,84,148.0,17,501,18.0,0,55,0.0,0,0,1.0,0,2
US_WA,Washington,US,122.0,28,287,497.0,105,1158,586.0,234,1000,491.0,64,2135,20.0,0,42,109.0,15,220,10.0,0,27,1.0,0,4,7.0,0,46
US_WI,Wisconsin,US,129.0,64,194,190.0,116,263,207.0,133,281,212.0,88,336,15.0,12,18,66.0,27,105,12.0,8,16,0.0,0,0,14.0,0,28
UY_MO,Montevideo Department,UY,213.0,213,213,368.0,368,368,351.0,351,351,224.0,224,224,14.0,14,14,78.0,78,78,4.0,4,4,0.0,0,0,35.0,35,35
VN_13,Quảng Ninh,VN,8.0,4,12,12.0,2,23,17.0,10,24,4.0,2,6,0.0,0,0,51.0,0,102,4.0,2,6,0.0,0,0,5.0,0,10
VN_14,Hòa Bình,VN,9.0,9,9,4.0,4,4,12.0,12,12,0.0,0,0,0.0,0,0,6.0,6,6,0.0,0,0,0.0,0,0,0.0,0,0
VN_20,Thái Bình,VN,8.0,8,8,6.0,6,6,30.0,30,30,0.0,0,0,0.0,0,0,0.0,0,0,0.0,0,0,0.0,0,0,0.0,0,0
VN_21,Thanh Hóa,VN,6.0,6,6,8.0,8,8,19.0,19,19,0.0,0,0,0.0,0,0,29.0,29,29,9.0,9,9,0.0,0,0,0.0,0,0
VN_22,Nghệ An,VN,8.0,8,8,14.0,14,14,16.0,14,17,0.0,0,0,0.0,0,0,6.0,6,6,0.0,0,0,0.0,0,0,0.0,0,0
VN_24,Quảng Bình,VN,16.0,16,16,12.0,12,12,8.0,8,8,0.0,0,0,0.0,0,0,16.0,16,16,0.0,0,0,0.0,0,0,12.0,12,12
VN_27,Quảng Nam,VN,36.0,36,36,64.0,64,64,125.0,125,125,8.0,8,8,0.0,0,0,8.0,8,8,12.0,12,12,0.0,0,0,5.0,5,5
VN_31,Bình Định,VN,22.0,22,22,16.0,16,16,40.0,40,40,4.0,4,4,0.0,0,0,20.0,20,20,6.0,6,6,0.0,0,0,1.0,1,1
VN_34,Khánh Hòa,VN,24.0,4,45,24.0,2,46,42.0,4,79,1.0,0,2,0.0,0,0,20.0,16,24,3.0,0,6,0.0,0,0,1.0,0,2
VN_40,Bình Thuận,VN,10.0,4,13,17.0,6,24,31.0,24,36,3.0,2,3,0.0,0,0,9.0,6,12,0.0,0,0,0.0,0,0,2.0,0,5
VN_55,Bạc Liêu,VN,0.0,0,0,0.0,0,0,2.0,2,2,0.0,0,0,0.0,0,0,0.0,0,0,0.0,0,0,0.0,0,0,0.0,0,0
VN_59,Cà Mau,VN,0.0,0,0,0.0,0,0,6.0,6,6,0.0,0,0,0.0,0,0,0.0,0,0,0.0,0,0,0.0,0,0,0.0,0,0
VN_61,Hải Dương,VN,11.0,4,18,8.0,5,11,40.0,19,61,0.0,0,0,0.0,0,0,0.0,0,0,0.0,0,0,0.0,0,0,0.0,0,0
VN_DN,Da Nang,VN,95.0,95,95,150.0,150,150,328.0,328,328,94.0,94,94,0.0,0,0,75.0,75,75,29.0,29,29,0.0,0,0,18.0,18,18
VN_HN,Hanoi,VN,372.0,372,372,281.0,281,281,673.0,673,673,50.0,50,50,0.0,0,0,6.0,6,6,12.0,12,12,0.0,0,0,0.0,0,0
VN_HP,Haiphong,VN,107.0,107,107,66.0,66,66,211.0,211,211,12.0,12,12,0.0,0,0,98.0,98,98,10.0,10,10,0.0,0,0,0.0,0,0
ZA_EC,Eastern Cape,ZA,27.0,6,65,30.0,4,71,68.0,14,155,6.0,0,15,0.0,0,0,14.0,0,44,2.0,0,10,0.0,0,0,2.0,0,12
ZA_FS,Free State,ZA,10.0,2,16,28.0,0,42,23.0,2,33,9.0,0,14,0.0,0,0,3.0,2,3,1.0,0,2,0.0,0,0,0.0,0,0
ZA_GT,Gauteng,ZA,68.0,2,185,140.0,0,300,323.0,4,714,32.0,0,75,1.0,0,6,23.0,0,89,3.0,0,13,0.0,0,0,0.0,0,0
ZA_NC,Northern Cape,ZA,21.0,4,38,26.0,0,51,23.0,6,40,0.0,0,0,0.0,0,0,13.0,4,22,3.0,2,4,0.0,0,0,0.0,0,0
ZA_NL,KwaZulu-Natal,ZA,26.0,0,74,40.0,0,120,60.0,0,169,7.0,0,21,0.0,0,0,27.0,0,73,5.0,0,16,0.0,0,0,6.0,0,22
ZA_NW,North West,ZA,3.0,0,8,3.0,2,5,17.0,10,26,0.0,0,0,0.0,0,0,0.0,0,0,1.0,0,4,0.0,0,0,0.0,0,0
ZA_WC,Western Cape,ZA,67.0,6,149,201.0,8,474,313.0,8,753,110.0,0,272,9.0,0,22,83.0,5,183,85.0,26,164,1.0,0,3,19.0,0,47
ZW_HA,Harare Province,ZW,23.0,14,30,37.0,13,50,189.0,108,265,3.0,0,4,0.0,0,0,9.0,4,18,11.0,4,22,0.0,0,0,0.0,0,0
ZW_MA,Manicaland,ZW,0.0,0,0,1.0,0,4,1.0,0,4,0.0,0,0,0.0,0,0,2.0,0,6,0.0,0,0,0.0,0,0,0.0,0,0
ZW_ME,Mashonaland East Province,ZW,2.0,2,2,2.0,2,2,21.0,21,21,0.0,0,0,0.0,0,0,0.0,0,0,2.0,2,2,0.0,0,0,0.0,0,0
